﻿<?xml version="1.0" encoding="utf-8"?>
<abapGit version="v1.0.0" serializer="LCL_OBJECT_FUGR" serializer_version="v1.0.0">
 <asx:abap xmlns:asx="http://www.sap.com/abapxml" version="1.0">
  <asx:values>
   <AREAT>Exercise and Demo Function Modules</AREAT>
   <INCLUDES>
    <SOBJ_NAME>LZBC425_FGTOP</SOBJ_NAME>
    <SOBJ_NAME>SAPLZBC425_FG</SOBJ_NAME>
   </INCLUDES>
   <FUNCTIONS>
    <item>
     <FUNCNAME>ZBC425_00_CALC_PRICE</FUNCNAME>
     <SHORT_TEXT>Berechnung Brutto-Preis zum angegebenen Netto-Preis</SHORT_TEXT>
     <IMPORT>
      <RSIMP>
       <PARAMETER>IM_NETPRICE</PARAMETER>
       <REFERENCE>X</REFERENCE>
       <TYP>BC425_PRICE</TYP>
      </RSIMP>
     </IMPORT>
     <EXPORT>
      <RSEXP>
       <PARAMETER>EX_FULLPRICE</PARAMETER>
       <REFERENCE>X</REFERENCE>
       <TYP>BC425_PRICE</TYP>
      </RSEXP>
     </EXPORT>
     <DOCUMENTATION>
      <RSFDO>
       <PARAMETER>IM_NETPRICE</PARAMETER>
       <KIND>P</KIND>
       <INDEX> 001</INDEX>
      </RSFDO>
      <RSFDO>
       <PARAMETER>EX_FULLPRICE</PARAMETER>
       <KIND>P</KIND>
       <INDEX> 002</INDEX>
      </RSFDO>
     </DOCUMENTATION>
    </item>
    <item>
     <FUNCNAME>ZBC425_CALC_TAX</FUNCNAME>
     <SHORT_TEXT>Berechnung Standardsteuer zum angegebenen Netto-Preis</SHORT_TEXT>
     <IMPORT>
      <RSIMP>
       <PARAMETER>IM_NETPRICE</PARAMETER>
       <REFERENCE>X</REFERENCE>
       <TYP>BC425_PRICE</TYP>
      </RSIMP>
     </IMPORT>
     <EXPORT>
      <RSEXP>
       <PARAMETER>EX_TAX</PARAMETER>
       <REFERENCE>X</REFERENCE>
       <TYP>BC425_PRICE</TYP>
      </RSEXP>
     </EXPORT>
     <DOCUMENTATION>
      <RSFDO>
       <PARAMETER>IM_NETPRICE</PARAMETER>
       <KIND>P</KIND>
       <INDEX> 001</INDEX>
      </RSFDO>
      <RSFDO>
       <PARAMETER>EX_TAX</PARAMETER>
       <KIND>P</KIND>
       <INDEX> 002</INDEX>
      </RSFDO>
     </DOCUMENTATION>
    </item>
   </FUNCTIONS>
  </asx:values>
 </asx:abap>
</abapGit>
