﻿<?xml version="1.0" encoding="utf-8"?>
<abapGit version="v1.0.0" serializer="LCL_OBJECT_PROG" serializer_version="v1.0.0">
 <asx:abap xmlns:asx="http://www.sap.com/abapxml" version="1.0">
  <asx:values>
   <PROGDIR>
    <NAME>ZBC425_00_CBD_PX</NAME>
    <STATE>A</STATE>
    <VARCL>X</VARCL>
    <SUBC>1</SUBC>
    <RLOAD>D</RLOAD>
    <FIXPT>X</FIXPT>
    <UCCHECK>X</UCCHECK>
   </PROGDIR>
   <TPOOL>
    <item>
     <ID>H</ID>
     <KEY>001</KEY>
     <ENTRY>Fl. Conn No: Flight Date</ENTRY>
     <LENGTH>24</LENGTH>
    </item>
    <item>
     <ID>R</ID>
     <ENTRY>Exercise: Classic BAdI Program Exits (Flights Display)</ENTRY>
     <LENGTH>70</LENGTH>
    </item>
    <item>
     <ID>T</ID>
     <ENTRY>Flights Display</ENTRY>
     <LENGTH>58</LENGTH>
    </item>
    <item>
     <ID>S</ID>
     <KEY>PA_CARR</KEY>
     <ENTRY>.</ENTRY>
     <LENGTH>9</LENGTH>
     <SPLIT>D</SPLIT>
    </item>
   </TPOOL>
   <I18N_TPOOL>
    <item>
     <LANGUAGE>D</LANGUAGE>
     <TEXTPOOL>
      <item>
       <ID>R</ID>
       <ENTRY>Übung: Klassische BAdI-Programm-Exits (Anzeige Flugtermine)</ENTRY>
       <LENGTH>59</LENGTH>
      </item>
      <item>
       <ID>S</ID>
       <KEY>PA_CARR</KEY>
       <ENTRY>.</ENTRY>
       <LENGTH>9</LENGTH>
       <SPLIT>D</SPLIT>
      </item>
      <item>
       <ID>T</ID>
       <ENTRY>Anzeige Flugtermine</ENTRY>
       <LENGTH>58</LENGTH>
      </item>
      <item>
       <ID>H</ID>
       <KEY>001</KEY>
       <ENTRY>FG  V-Nr  Flugdatum</ENTRY>
       <LENGTH>19</LENGTH>
      </item>
     </TEXTPOOL>
    </item>
   </I18N_TPOOL>
  </asx:values>
 </asx:abap>
</abapGit>
