﻿<?xml version="1.0" encoding="utf-8"?>
<abapGit version="v1.0.0" serializer="LCL_OBJECT_PROG" serializer_version="v1.0.0">
 <asx:abap xmlns:asx="http://www.sap.com/abapxml" version="1.0">
  <asx:values>
   <PROGDIR>
    <NAME>ZBC425_FLIGHT_CHNG00F01</NAME>
    <STATE>A</STATE>
    <VARCL>X</VARCL>
    <SUBC>I</SUBC>
    <APPL>S</APPL>
    <RSTAT>P</RSTAT>
    <RLOAD>D</RLOAD>
   </PROGDIR>
   <I18N_TPOOL>
    <item>
     <LANGUAGE>D</LANGUAGE>
     <TEXTPOOL>
      <item>
       <ID>R</ID>
       <ENTRY>Include BC425_FLIGHT##F01</ENTRY>
       <LENGTH>26</LENGTH>
      </item>
     </TEXTPOOL>
    </item>
   </I18N_TPOOL>
  </asx:values>
 </asx:abap>
</abapGit>
