﻿<?xml version="1.0" encoding="utf-8"?>
<abapGit version="v1.0.0" serializer="LCL_OBJECT_DTEL" serializer_version="v1.0.0">
 <asx:abap xmlns:asx="http://www.sap.com/abapxml" version="1.0">
  <asx:values>
   <DD04V>
    <ROLLNAME>ZS_DATE425</ROLLNAME>
    <DDLANGUAGE>E</DDLANGUAGE>
    <DOMNAME>S_DATE</DOMNAME>
    <MEMORYID>DAY</MEMORYID>
    <HEADLEN>09</HEADLEN>
    <SCRLEN1>05</SCRLEN1>
    <SCRLEN2>09</SCRLEN2>
    <SCRLEN3>16</SCRLEN3>
    <DDTEXT>Flight Date</DDTEXT>
    <REPTEXT>Flht Date</REPTEXT>
    <SCRTEXT_S>Date</SCRTEXT_S>
    <SCRTEXT_M>Flht Date</SCRTEXT_M>
    <SCRTEXT_L>Flight Date</SCRTEXT_L>
    <DTELMASTER>D</DTELMASTER>
    <SHLPNAME>SFLIGHT_BC425</SHLPNAME>
    <SHLPFIELD>FLDATE</SHLPFIELD>
    <DEFFDNAME>FLIGHTDATE</DEFFDNAME>
    <REFKIND>D</REFKIND>
   </DD04V>
   <TPARA>
    <PARAMID>DAY</PARAMID>
    <PARTEXT>Date</PARTEXT>
   </TPARA>
   <I18N_LANGS>
    <LANGU>D</LANGU>
   </I18N_LANGS>
   <DD04_TEXTS>
    <item>
     <DDLANGUAGE>D</DDLANGUAGE>
     <DDTEXT>Flugdatum</DDTEXT>
     <REPTEXT>Flugdatum</REPTEXT>
     <SCRTEXT_S>Datum</SCRTEXT_S>
     <SCRTEXT_M>Flugdatum</SCRTEXT_M>
     <SCRTEXT_L>Datum des Fluges</SCRTEXT_L>
    </item>
   </DD04_TEXTS>
  </asx:values>
 </asx:abap>
</abapGit>
