﻿<?xml version="1.0" encoding="utf-8"?>
<abapGit version="v1.0.0" serializer="LCL_OBJECT_PROG" serializer_version="v1.0.0">
 <asx:abap xmlns:asx="http://www.sap.com/abapxml" version="1.0">
  <asx:values>
   <PROGDIR>
    <NAME>ZSAPBC425_FLIGHT00</NAME>
    <STATE>A</STATE>
    <VARCL>X</VARCL>
    <SUBC>M</SUBC>
    <APPL>S</APPL>
    <RSTAT>P</RSTAT>
    <RLOAD>D</RLOAD>
    <FIXPT>X</FIXPT>
    <UCCHECK>X</UCCHECK>
   </PROGDIR>
   <DYNPROS>
    <item>
     <HEADER>
      <PROGRAM>ZSAPBC425_FLIGHT00</PROGRAM>
      <SCREEN>0100</SCREEN>
      <LANGUAGE>D</LANGUAGE>
      <DESCRIPT>Auswahl des Fluges</DESCRIPT>
      <TYPE>N</TYPE>
      <NEXTSCREEN>0100</NEXTSCREEN>
      <LINES>021</LINES>
      <COLUMNS>083</COLUMNS>
     </HEADER>
     <CONTAINERS>
      <RPY_DYCATT>
       <TYPE>SCREEN</TYPE>
       <NAME>SCREEN</NAME>
      </RPY_DYCATT>
     </CONTAINERS>
     <FIELDS>
      <RPY_DYFATC>
       <CONT_TYPE>SCREEN</CONT_TYPE>
       <CONT_NAME>SCREEN</CONT_NAME>
       <TYPE>TEXT</TYPE>
       <NAME>SFLIGHT00-CARRID</NAME>
       <TEXT>Fluggesellschaft____</TEXT>
       <LINE>003</LINE>
       <COLUMN>001</COLUMN>
       <LENGTH>020</LENGTH>
       <VISLENGTH>020</VISLENGTH>
       <HEIGHT>001</HEIGHT>
       <FORMAT>CHAR</FORMAT>
       <FROM_DICT>X</FROM_DICT>
       <MODIFIC>3</MODIFIC>
       <REQU_ENTRY>N</REQU_ENTRY>
       <LABELLEFT>X</LABELLEFT>
       <DICT_I_FKY>X</DICT_I_FKY>
      </RPY_DYFATC>
      <RPY_DYFATC>
       <CONT_TYPE>SCREEN</CONT_TYPE>
       <CONT_NAME>SCREEN</CONT_NAME>
       <TYPE>TEMPLATE</TYPE>
       <NAME>SFLIGHT00-CARRID</NAME>
       <TEXT>___</TEXT>
       <LINE>003</LINE>
       <COLUMN>022</COLUMN>
       <LENGTH>003</LENGTH>
       <VISLENGTH>003</VISLENGTH>
       <HEIGHT>001</HEIGHT>
       <FORMAT>CHAR</FORMAT>
       <FROM_DICT>X</FROM_DICT>
       <PARAM_ID>CAR</PARAM_ID>
       <SET_PARAM>X</SET_PARAM>
       <GET_PARAM>X</GET_PARAM>
       <FOREIGNKEY>X</FOREIGNKEY>
       <INPUT_FLD>X</INPUT_FLD>
       <OUTPUT_FLD>X</OUTPUT_FLD>
       <REQU_ENTRY>O</REQU_ENTRY>
       <DICT_I_FKY>X</DICT_I_FKY>
      </RPY_DYFATC>
      <RPY_DYFATC>
       <CONT_TYPE>SCREEN</CONT_TYPE>
       <CONT_NAME>SCREEN</CONT_NAME>
       <TYPE>TEXT</TYPE>
       <NAME>SFLIGHT00-CONNID</NAME>
       <TEXT>Verbindungs-Nummer__</TEXT>
       <LINE>004</LINE>
       <COLUMN>001</COLUMN>
       <LENGTH>020</LENGTH>
       <VISLENGTH>020</VISLENGTH>
       <HEIGHT>001</HEIGHT>
       <FORMAT>CHAR</FORMAT>
       <FROM_DICT>X</FROM_DICT>
       <MODIFIC>3</MODIFIC>
       <REQU_ENTRY>N</REQU_ENTRY>
       <LABELLEFT>X</LABELLEFT>
       <DICT_I_FKY>X</DICT_I_FKY>
      </RPY_DYFATC>
      <RPY_DYFATC>
       <CONT_TYPE>SCREEN</CONT_TYPE>
       <CONT_NAME>SCREEN</CONT_NAME>
       <TYPE>TEMPLATE</TYPE>
       <NAME>SFLIGHT00-CONNID</NAME>
       <TEXT>____</TEXT>
       <LINE>004</LINE>
       <COLUMN>022</COLUMN>
       <LENGTH>004</LENGTH>
       <VISLENGTH>004</VISLENGTH>
       <HEIGHT>001</HEIGHT>
       <FORMAT>NUMC</FORMAT>
       <FROM_DICT>X</FROM_DICT>
       <PARAM_ID>CON</PARAM_ID>
       <SET_PARAM>X</SET_PARAM>
       <GET_PARAM>X</GET_PARAM>
       <FOREIGNKEY>X</FOREIGNKEY>
       <INPUT_FLD>X</INPUT_FLD>
       <OUTPUT_FLD>X</OUTPUT_FLD>
       <REQU_ENTRY>O</REQU_ENTRY>
       <DICT_I_FKY>X</DICT_I_FKY>
      </RPY_DYFATC>
      <RPY_DYFATC>
       <CONT_TYPE>SCREEN</CONT_TYPE>
       <CONT_NAME>SCREEN</CONT_NAME>
       <TYPE>TEXT</TYPE>
       <NAME>SFLIGHT00-FLDATE</NAME>
       <TEXT>Datum_des_Fluges____</TEXT>
       <LINE>005</LINE>
       <COLUMN>001</COLUMN>
       <LENGTH>020</LENGTH>
       <VISLENGTH>020</VISLENGTH>
       <HEIGHT>001</HEIGHT>
       <FORMAT>CHAR</FORMAT>
       <FROM_DICT>X</FROM_DICT>
       <MODIFIC>F</MODIFIC>
       <REQU_ENTRY>N</REQU_ENTRY>
       <LABELLEFT>X</LABELLEFT>
      </RPY_DYFATC>
      <RPY_DYFATC>
       <CONT_TYPE>SCREEN</CONT_TYPE>
       <CONT_NAME>SCREEN</CONT_NAME>
       <TYPE>TEMPLATE</TYPE>
       <NAME>SFLIGHT00-FLDATE</NAME>
       <TEXT>__________</TEXT>
       <LINE>005</LINE>
       <COLUMN>022</COLUMN>
       <LENGTH>010</LENGTH>
       <VISLENGTH>010</VISLENGTH>
       <HEIGHT>001</HEIGHT>
       <FORMAT>DATS</FORMAT>
       <FROM_DICT>X</FROM_DICT>
       <PARAM_ID>DAY</PARAM_ID>
       <SET_PARAM>X</SET_PARAM>
       <GET_PARAM>X</GET_PARAM>
       <INPUT_FLD>X</INPUT_FLD>
       <OUTPUT_FLD>X</OUTPUT_FLD>
       <REQU_ENTRY>O</REQU_ENTRY>
      </RPY_DYFATC>
      <RPY_DYFATC>
       <CONT_TYPE>SCREEN</CONT_TYPE>
       <CONT_NAME>SCREEN</CONT_NAME>
       <TYPE>OKCODE</TYPE>
       <NAME>OK_CODE</NAME>
       <TEXT>____________________</TEXT>
       <LENGTH>020</LENGTH>
       <VISLENGTH>020</VISLENGTH>
       <HEIGHT>001</HEIGHT>
       <FORMAT>CHAR</FORMAT>
       <INPUT_FLD>X</INPUT_FLD>
      </RPY_DYFATC>
     </FIELDS>
     <FLOW_LOGIC>
      <RPY_DYFLOW>
       <LINE>process before output.</LINE>
      </RPY_DYFLOW>
      <RPY_DYFLOW/>
      <RPY_DYFLOW>
       <LINE>module status_0100.</LINE>
      </RPY_DYFLOW>
      <RPY_DYFLOW/>
      <RPY_DYFLOW>
       <LINE>module initialize.</LINE>
      </RPY_DYFLOW>
      <RPY_DYFLOW/>
      <RPY_DYFLOW/>
      <RPY_DYFLOW>
       <LINE>process after input.</LINE>
      </RPY_DYFLOW>
      <RPY_DYFLOW/>
      <RPY_DYFLOW>
       <LINE>module cancel_exit at exit-command.</LINE>
      </RPY_DYFLOW>
      <RPY_DYFLOW/>
      <RPY_DYFLOW>
       <LINE>module save_ok_code.</LINE>
      </RPY_DYFLOW>
      <RPY_DYFLOW/>
      <RPY_DYFLOW>
       <LINE>chain.</LINE>
      </RPY_DYFLOW>
      <RPY_DYFLOW>
       <LINE>field: sflight00-carrid,</LINE>
      </RPY_DYFLOW>
      <RPY_DYFLOW>
       <LINE>sflight00-connid,</LINE>
      </RPY_DYFLOW>
      <RPY_DYFLOW>
       <LINE>sflight00-fldate.</LINE>
      </RPY_DYFLOW>
      <RPY_DYFLOW>
       <LINE>module cust_check.</LINE>
      </RPY_DYFLOW>
      <RPY_DYFLOW>
       <LINE>endchain.</LINE>
      </RPY_DYFLOW>
      <RPY_DYFLOW/>
      <RPY_DYFLOW>
       <LINE>field sflight00-fldate module read_sflight.</LINE>
      </RPY_DYFLOW>
      <RPY_DYFLOW/>
      <RPY_DYFLOW>
       <LINE>module user_command_0100.</LINE>
      </RPY_DYFLOW>
      <RPY_DYFLOW/>
     </FLOW_LOGIC>
     <SPACES>
      <item>0</item>
      <item>0</item>
      <item>2</item>
      <item>0</item>
      <item>2</item>
      <item>0</item>
      <item>0</item>
      <item>0</item>
      <item>0</item>
      <item>2</item>
      <item>0</item>
      <item>2</item>
      <item>0</item>
      <item>2</item>
      <item>4</item>
      <item>11</item>
      <item>11</item>
      <item>4</item>
      <item>2</item>
      <item>0</item>
      <item>2</item>
      <item>0</item>
      <item>2</item>
      <item>0</item>
     </SPACES>
    </item>
    <item>
     <HEADER>
      <PROGRAM>ZSAPBC425_FLIGHT00</PROGRAM>
      <SCREEN>0200</SCREEN>
      <LANGUAGE>D</LANGUAGE>
      <DESCRIPT>Anzeige der Flugdaten</DESCRIPT>
      <TYPE>N</TYPE>
      <NEXTSCREEN>0200</NEXTSCREEN>
      <LINES>021</LINES>
      <COLUMNS>083</COLUMNS>
     </HEADER>
     <CONTAINERS>
      <RPY_DYCATT>
       <TYPE>SCREEN</TYPE>
       <NAME>SCREEN</NAME>
      </RPY_DYCATT>
      <RPY_DYCATT>
       <TYPE>SUBSCREEN</TYPE>
       <NAME>SUB</NAME>
       <ELEMENT_OF>SCREEN</ELEMENT_OF>
       <LINE>011</LINE>
       <COLUMN>002</COLUMN>
       <LENGTH>062</LENGTH>
       <HEIGHT>003</HEIGHT>
      </RPY_DYCATT>
     </CONTAINERS>
     <FIELDS>
      <RPY_DYFATC>
       <CONT_TYPE>SCREEN</CONT_TYPE>
       <CONT_NAME>SCREEN</CONT_NAME>
       <TYPE>TEXT</TYPE>
       <NAME>SFLIGHT00-CARRID</NAME>
       <TEXT>Fluggesellschaft____</TEXT>
       <LINE>001</LINE>
       <COLUMN>001</COLUMN>
       <LENGTH>020</LENGTH>
       <VISLENGTH>020</VISLENGTH>
       <HEIGHT>001</HEIGHT>
       <FORMAT>CHAR</FORMAT>
       <FROM_DICT>X</FROM_DICT>
       <MODIFIC>3</MODIFIC>
       <REQU_ENTRY>N</REQU_ENTRY>
       <LABELLEFT>X</LABELLEFT>
       <DICT_I_FKY>X</DICT_I_FKY>
      </RPY_DYFATC>
      <RPY_DYFATC>
       <CONT_TYPE>SCREEN</CONT_TYPE>
       <CONT_NAME>SCREEN</CONT_NAME>
       <TYPE>TEMPLATE</TYPE>
       <NAME>SFLIGHT00-CARRID</NAME>
       <TEXT>___</TEXT>
       <LINE>001</LINE>
       <COLUMN>022</COLUMN>
       <LENGTH>003</LENGTH>
       <VISLENGTH>003</VISLENGTH>
       <HEIGHT>001</HEIGHT>
       <FORMAT>CHAR</FORMAT>
       <FROM_DICT>X</FROM_DICT>
       <PARAM_ID>CAR</PARAM_ID>
       <FOREIGNKEY>X</FOREIGNKEY>
       <OUTPUT_FLD>X</OUTPUT_FLD>
       <REQU_ENTRY>N</REQU_ENTRY>
       <DICT_I_FKY>X</DICT_I_FKY>
      </RPY_DYFATC>
      <RPY_DYFATC>
       <CONT_TYPE>SCREEN</CONT_TYPE>
       <CONT_NAME>SCREEN</CONT_NAME>
       <TYPE>TEXT</TYPE>
       <NAME>SFLIGHT00-CONNID</NAME>
       <TEXT>Verbindungs-Nummer__</TEXT>
       <LINE>002</LINE>
       <COLUMN>001</COLUMN>
       <LENGTH>020</LENGTH>
       <VISLENGTH>020</VISLENGTH>
       <HEIGHT>001</HEIGHT>
       <FORMAT>CHAR</FORMAT>
       <FROM_DICT>X</FROM_DICT>
       <MODIFIC>3</MODIFIC>
       <REQU_ENTRY>N</REQU_ENTRY>
       <LABELLEFT>X</LABELLEFT>
       <DICT_I_FKY>X</DICT_I_FKY>
      </RPY_DYFATC>
      <RPY_DYFATC>
       <CONT_TYPE>SCREEN</CONT_TYPE>
       <CONT_NAME>SCREEN</CONT_NAME>
       <TYPE>TEMPLATE</TYPE>
       <NAME>SFLIGHT00-CONNID</NAME>
       <TEXT>____</TEXT>
       <LINE>002</LINE>
       <COLUMN>022</COLUMN>
       <LENGTH>004</LENGTH>
       <VISLENGTH>004</VISLENGTH>
       <HEIGHT>001</HEIGHT>
       <FORMAT>NUMC</FORMAT>
       <FROM_DICT>X</FROM_DICT>
       <PARAM_ID>CON</PARAM_ID>
       <FOREIGNKEY>X</FOREIGNKEY>
       <OUTPUT_FLD>X</OUTPUT_FLD>
       <REQU_ENTRY>N</REQU_ENTRY>
       <DICT_I_FKY>X</DICT_I_FKY>
      </RPY_DYFATC>
      <RPY_DYFATC>
       <CONT_TYPE>SCREEN</CONT_TYPE>
       <CONT_NAME>SCREEN</CONT_NAME>
       <TYPE>TEXT</TYPE>
       <NAME>SFLIGHT00-FLDATE</NAME>
       <TEXT>Datum_des_Fluges____</TEXT>
       <LINE>003</LINE>
       <COLUMN>001</COLUMN>
       <LENGTH>020</LENGTH>
       <VISLENGTH>020</VISLENGTH>
       <HEIGHT>001</HEIGHT>
       <FORMAT>CHAR</FORMAT>
       <FROM_DICT>X</FROM_DICT>
       <MODIFIC>F</MODIFIC>
       <REQU_ENTRY>N</REQU_ENTRY>
       <LABELLEFT>X</LABELLEFT>
      </RPY_DYFATC>
      <RPY_DYFATC>
       <CONT_TYPE>SCREEN</CONT_TYPE>
       <CONT_NAME>SCREEN</CONT_NAME>
       <TYPE>TEMPLATE</TYPE>
       <NAME>SFLIGHT00-FLDATE</NAME>
       <TEXT>__________</TEXT>
       <LINE>003</LINE>
       <COLUMN>022</COLUMN>
       <LENGTH>010</LENGTH>
       <VISLENGTH>010</VISLENGTH>
       <HEIGHT>001</HEIGHT>
       <FORMAT>DATS</FORMAT>
       <FROM_DICT>X</FROM_DICT>
       <PARAM_ID>DAY</PARAM_ID>
       <FOREIGNKEY>X</FOREIGNKEY>
       <OUTPUT_FLD>X</OUTPUT_FLD>
       <REQU_ENTRY>N</REQU_ENTRY>
      </RPY_DYFATC>
      <RPY_DYFATC>
       <CONT_TYPE>SCREEN</CONT_TYPE>
       <CONT_NAME>SCREEN</CONT_NAME>
       <TYPE>FRAME</TYPE>
       <NAME>%_AUTOTEXT002</NAME>
       <TEXT>Informationen_zum_Flug____________________________________________</TEXT>
       <LINE>005</LINE>
       <COLUMN>001</COLUMN>
       <LENGTH>067</LENGTH>
       <VISLENGTH>067</VISLENGTH>
       <HEIGHT>010</HEIGHT>
       <FORMAT>CHAR</FORMAT>
       <REQU_ENTRY>N</REQU_ENTRY>
      </RPY_DYFATC>
      <RPY_DYFATC>
       <CONT_TYPE>SCREEN</CONT_TYPE>
       <CONT_NAME>SCREEN</CONT_NAME>
       <TYPE>TEXT</TYPE>
       <NAME>SFLIGHT00-PRICE</NAME>
       <TEXT>Flugpreis______________</TEXT>
       <LINE>006</LINE>
       <COLUMN>002</COLUMN>
       <LENGTH>023</LENGTH>
       <VISLENGTH>023</VISLENGTH>
       <HEIGHT>001</HEIGHT>
       <FORMAT>CHAR</FORMAT>
       <FROM_DICT>X</FROM_DICT>
       <MODIFIC>F</MODIFIC>
       <REQU_ENTRY>N</REQU_ENTRY>
       <LABELLEFT>X</LABELLEFT>
      </RPY_DYFATC>
      <RPY_DYFATC>
       <CONT_TYPE>SCREEN</CONT_TYPE>
       <CONT_NAME>SCREEN</CONT_NAME>
       <TYPE>TEMPLATE</TYPE>
       <NAME>SFLIGHT00-PRICE</NAME>
       <TEXT>____________________</TEXT>
       <LINE>006</LINE>
       <COLUMN>026</COLUMN>
       <LENGTH>020</LENGTH>
       <VISLENGTH>020</VISLENGTH>
       <HEIGHT>001</HEIGHT>
       <FORMAT>CURR</FORMAT>
       <FROM_DICT>X</FROM_DICT>
       <FOREIGNKEY>X</FOREIGNKEY>
       <OUTPUT_FLD>X</OUTPUT_FLD>
       <REQU_ENTRY>N</REQU_ENTRY>
       <REF_FIELD>SFLIGHT00-CURRENCY</REF_FIELD>
      </RPY_DYFATC>
      <RPY_DYFATC>
       <CONT_TYPE>SCREEN</CONT_TYPE>
       <CONT_NAME>SCREEN</CONT_NAME>
       <TYPE>TEXT</TYPE>
       <NAME>SFLIGHT00-CURRENCY</NAME>
       <TEXT>Hauswährung_d._Flugg___</TEXT>
       <LINE>007</LINE>
       <COLUMN>002</COLUMN>
       <LENGTH>023</LENGTH>
       <VISLENGTH>023</VISLENGTH>
       <HEIGHT>001</HEIGHT>
       <FORMAT>CHAR</FORMAT>
       <FROM_DICT>X</FROM_DICT>
       <MODIFIC>F</MODIFIC>
       <REQU_ENTRY>N</REQU_ENTRY>
       <LABELLEFT>X</LABELLEFT>
       <DICT_I_FKY>X</DICT_I_FKY>
      </RPY_DYFATC>
      <RPY_DYFATC>
       <CONT_TYPE>SCREEN</CONT_TYPE>
       <CONT_NAME>SCREEN</CONT_NAME>
       <TYPE>TEMPLATE</TYPE>
       <NAME>SFLIGHT00-CURRENCY</NAME>
       <TEXT>_____</TEXT>
       <LINE>007</LINE>
       <COLUMN>026</COLUMN>
       <LENGTH>005</LENGTH>
       <VISLENGTH>005</VISLENGTH>
       <HEIGHT>001</HEIGHT>
       <FORMAT>CUKY</FORMAT>
       <FROM_DICT>X</FROM_DICT>
       <FOREIGNKEY>X</FOREIGNKEY>
       <OUTPUT_FLD>X</OUTPUT_FLD>
       <REQU_ENTRY>N</REQU_ENTRY>
       <DICT_I_FKY>X</DICT_I_FKY>
      </RPY_DYFATC>
      <RPY_DYFATC>
       <CONT_TYPE>SCREEN</CONT_TYPE>
       <CONT_NAME>SCREEN</CONT_NAME>
       <TYPE>TEXT</TYPE>
       <NAME>SFLIGHT00-PLANETYPE</NAME>
       <TEXT>Flugzeugtyp____________</TEXT>
       <LINE>008</LINE>
       <COLUMN>002</COLUMN>
       <LENGTH>023</LENGTH>
       <VISLENGTH>023</VISLENGTH>
       <HEIGHT>001</HEIGHT>
       <FORMAT>CHAR</FORMAT>
       <FROM_DICT>X</FROM_DICT>
       <MODIFIC>F</MODIFIC>
       <REQU_ENTRY>N</REQU_ENTRY>
       <LABELLEFT>X</LABELLEFT>
       <DICT_I_FKY>X</DICT_I_FKY>
      </RPY_DYFATC>
      <RPY_DYFATC>
       <CONT_TYPE>SCREEN</CONT_TYPE>
       <CONT_NAME>SCREEN</CONT_NAME>
       <TYPE>TEMPLATE</TYPE>
       <NAME>SFLIGHT00-PLANETYPE</NAME>
       <TEXT>__________</TEXT>
       <LINE>008</LINE>
       <COLUMN>026</COLUMN>
       <LENGTH>010</LENGTH>
       <VISLENGTH>010</VISLENGTH>
       <HEIGHT>001</HEIGHT>
       <FORMAT>CHAR</FORMAT>
       <FROM_DICT>X</FROM_DICT>
       <FOREIGNKEY>X</FOREIGNKEY>
       <OUTPUT_FLD>X</OUTPUT_FLD>
       <REQU_ENTRY>N</REQU_ENTRY>
       <DICT_I_FKY>X</DICT_I_FKY>
      </RPY_DYFATC>
      <RPY_DYFATC>
       <CONT_TYPE>SCREEN</CONT_TYPE>
       <CONT_NAME>SCREEN</CONT_NAME>
       <TYPE>TEXT</TYPE>
       <NAME>SFLIGHT00-SEATSMAX</NAME>
       <TEXT>Maximale_Belegung______</TEXT>
       <LINE>009</LINE>
       <COLUMN>002</COLUMN>
       <LENGTH>023</LENGTH>
       <VISLENGTH>023</VISLENGTH>
       <HEIGHT>001</HEIGHT>
       <FORMAT>CHAR</FORMAT>
       <FROM_DICT>X</FROM_DICT>
       <MODIFIC>F</MODIFIC>
       <REQU_ENTRY>N</REQU_ENTRY>
       <LABELLEFT>X</LABELLEFT>
      </RPY_DYFATC>
      <RPY_DYFATC>
       <CONT_TYPE>SCREEN</CONT_TYPE>
       <CONT_NAME>SCREEN</CONT_NAME>
       <TYPE>TEMPLATE</TYPE>
       <NAME>SFLIGHT00-SEATSMAX</NAME>
       <TEXT>__________</TEXT>
       <LINE>009</LINE>
       <COLUMN>026</COLUMN>
       <LENGTH>010</LENGTH>
       <VISLENGTH>010</VISLENGTH>
       <HEIGHT>001</HEIGHT>
       <FORMAT>INT4</FORMAT>
       <FROM_DICT>X</FROM_DICT>
       <FOREIGNKEY>X</FOREIGNKEY>
       <OUTPUT_FLD>X</OUTPUT_FLD>
       <REQU_ENTRY>N</REQU_ENTRY>
       <DICT_I_VAL>X</DICT_I_VAL>
      </RPY_DYFATC>
      <RPY_DYFATC>
       <CONT_TYPE>SCREEN</CONT_TYPE>
       <CONT_NAME>SCREEN</CONT_NAME>
       <TYPE>TEXT</TYPE>
       <NAME>SFLIGHT00-SEATSOCC</NAME>
       <TEXT>Belegte_Plätze_________</TEXT>
       <LINE>010</LINE>
       <COLUMN>002</COLUMN>
       <LENGTH>023</LENGTH>
       <VISLENGTH>023</VISLENGTH>
       <HEIGHT>001</HEIGHT>
       <FORMAT>CHAR</FORMAT>
       <FROM_DICT>X</FROM_DICT>
       <MODIFIC>F</MODIFIC>
       <REQU_ENTRY>N</REQU_ENTRY>
       <LABELLEFT>X</LABELLEFT>
      </RPY_DYFATC>
      <RPY_DYFATC>
       <CONT_TYPE>SCREEN</CONT_TYPE>
       <CONT_NAME>SCREEN</CONT_NAME>
       <TYPE>TEMPLATE</TYPE>
       <NAME>SFLIGHT00-SEATSOCC</NAME>
       <TEXT>__________</TEXT>
       <LINE>010</LINE>
       <COLUMN>026</COLUMN>
       <LENGTH>010</LENGTH>
       <VISLENGTH>010</VISLENGTH>
       <HEIGHT>001</HEIGHT>
       <FORMAT>INT4</FORMAT>
       <FROM_DICT>X</FROM_DICT>
       <FOREIGNKEY>X</FOREIGNKEY>
       <OUTPUT_FLD>X</OUTPUT_FLD>
       <REQU_ENTRY>N</REQU_ENTRY>
       <DICT_I_VAL>X</DICT_I_VAL>
      </RPY_DYFATC>
      <RPY_DYFATC>
       <CONT_TYPE>SCREEN</CONT_TYPE>
       <CONT_NAME>SCREEN</CONT_NAME>
       <TYPE>OKCODE</TYPE>
       <NAME>OK_CODE</NAME>
       <TEXT>____________________</TEXT>
       <LENGTH>020</LENGTH>
       <VISLENGTH>020</VISLENGTH>
       <HEIGHT>001</HEIGHT>
       <FORMAT>CHAR</FORMAT>
       <INPUT_FLD>X</INPUT_FLD>
      </RPY_DYFATC>
     </FIELDS>
     <FLOW_LOGIC>
      <RPY_DYFLOW>
       <LINE>process before output.</LINE>
      </RPY_DYFLOW>
      <RPY_DYFLOW/>
      <RPY_DYFLOW>
       <LINE>module status_0200.</LINE>
      </RPY_DYFLOW>
      <RPY_DYFLOW/>
      <RPY_DYFLOW>
       <LINE>module lock_data.</LINE>
      </RPY_DYFLOW>
      <RPY_DYFLOW/>
      <RPY_DYFLOW>
       <LINE>module data_for_subscreen.</LINE>
      </RPY_DYFLOW>
      <RPY_DYFLOW/>
      <RPY_DYFLOW>
       <LINE>call customer-subscreen sub including &apos;SAPLXBC425G00&apos; &apos;0500&apos;.</LINE>
      </RPY_DYFLOW>
      <RPY_DYFLOW/>
      <RPY_DYFLOW>
       <LINE>process after input.</LINE>
      </RPY_DYFLOW>
      <RPY_DYFLOW/>
      <RPY_DYFLOW>
       <LINE>module cancel_exit at exit-command.</LINE>
      </RPY_DYFLOW>
      <RPY_DYFLOW/>
      <RPY_DYFLOW>
       <LINE>module save_ok_code.</LINE>
      </RPY_DYFLOW>
      <RPY_DYFLOW/>
      <RPY_DYFLOW>
       <LINE>call customer-subscreen sub.</LINE>
      </RPY_DYFLOW>
      <RPY_DYFLOW/>
      <RPY_DYFLOW>
       <LINE>module user_command_0200.</LINE>
      </RPY_DYFLOW>
      <RPY_DYFLOW/>
     </FLOW_LOGIC>
     <SPACES>
      <item>0</item>
      <item>0</item>
      <item>2</item>
      <item>0</item>
      <item>2</item>
      <item>0</item>
      <item>2</item>
      <item>0</item>
      <item>2</item>
      <item>0</item>
      <item>0</item>
      <item>0</item>
      <item>2</item>
      <item>0</item>
      <item>2</item>
      <item>0</item>
      <item>2</item>
      <item>0</item>
      <item>2</item>
      <item>0</item>
     </SPACES>
    </item>
   </DYNPROS>
   <TPOOL>
    <item>
     <ID>R</ID>
     <ENTRY>Display flight connections / instructor</ENTRY>
     <LENGTH>40</LENGTH>
    </item>
   </TPOOL>
   <I18N_TPOOL>
    <item>
     <LANGUAGE>D</LANGUAGE>
     <TEXTPOOL>
      <item>
       <ID>R</ID>
       <ENTRY>Anzeigen von Flugverbindungen / Referent</ENTRY>
       <LENGTH>40</LENGTH>
      </item>
     </TEXTPOOL>
    </item>
   </I18N_TPOOL>
  </asx:values>
 </asx:abap>
</abapGit>
