﻿<?xml version="1.0" encoding="utf-8"?>
<abapGit version="v1.0.0" serializer="LCL_OBJECT_PROG" serializer_version="v1.0.0">
 <asx:abap xmlns:asx="http://www.sap.com/abapxml" version="1.0">
  <asx:values>
   <PROGDIR>
    <NAME>ZSAPBC425_BOOK_LIST_00</NAME>
    <STATE>A</STATE>
    <VARCL>X</VARCL>
    <SUBC>1</SUBC>
    <RLOAD>D</RLOAD>
    <FIXPT>X</FIXPT>
    <UCCHECK>X</UCCHECK>
   </PROGDIR>
   <TPOOL>
    <item>
     <ID>H</ID>
     <KEY>001</KEY>
     <ENTRY>Booking     Booking     Customer   Agency</ENTRY>
     <LENGTH>48</LENGTH>
    </item>
    <item>
     <ID>H</ID>
     <KEY>002</KEY>
     <ENTRY>Number      Date        Number     Number</ENTRY>
     <LENGTH>41</LENGTH>
    </item>
    <item>
     <ID>R</ID>
     <ENTRY>Bookingslist for BC425</ENTRY>
     <LENGTH>70</LENGTH>
    </item>
    <item>
     <ID>S</ID>
     <KEY>SO_CAR</KEY>
     <ENTRY>.</ENTRY>
     <LENGTH>24</LENGTH>
     <SPLIT>D</SPLIT>
    </item>
    <item>
     <ID>S</ID>
     <KEY>SO_CON</KEY>
     <ENTRY>.</ENTRY>
     <LENGTH>26</LENGTH>
     <SPLIT>D</SPLIT>
    </item>
    <item>
     <ID>S</ID>
     <KEY>SO_FLD</KEY>
     <ENTRY>.</ENTRY>
     <LENGTH>24</LENGTH>
     <SPLIT>D</SPLIT>
    </item>
   </TPOOL>
   <I18N_TPOOL>
    <item>
     <LANGUAGE>D</LANGUAGE>
     <TEXTPOOL>
      <item>
       <ID>H</ID>
       <KEY>001</KEY>
       <ENTRY>Buchungs-   Buchungs-   Kunden-    Reisebüro-  S</ENTRY>
       <LENGTH>48</LENGTH>
      </item>
      <item>
       <ID>H</ID>
       <KEY>002</KEY>
       <ENTRY>nummer      datum       nummer     nummer</ENTRY>
       <LENGTH>41</LENGTH>
      </item>
      <item>
       <ID>R</ID>
       <ENTRY>Buchungsanzeige für BC425</ENTRY>
       <LENGTH>25</LENGTH>
      </item>
      <item>
       <ID>S</ID>
       <KEY>SO_CAR</KEY>
       <ENTRY>.</ENTRY>
       <LENGTH>24</LENGTH>
       <SPLIT>D</SPLIT>
      </item>
      <item>
       <ID>S</ID>
       <KEY>SO_CON</KEY>
       <ENTRY>.</ENTRY>
       <LENGTH>26</LENGTH>
       <SPLIT>D</SPLIT>
      </item>
      <item>
       <ID>S</ID>
       <KEY>SO_FLD</KEY>
       <ENTRY>.</ENTRY>
       <LENGTH>24</LENGTH>
       <SPLIT>D</SPLIT>
      </item>
     </TEXTPOOL>
    </item>
   </I18N_TPOOL>
  </asx:values>
 </asx:abap>
</abapGit>
