﻿<?xml version="1.0" encoding="utf-8"?>
<abapGit version="v1.0.0" serializer="LCL_OBJECT_SFPI" serializer_version="v1.0.0">
 <asx:abap version="1.0" xmlns:asx="http://www.sap.com/abapxml">
  <asx:values>
   <VERSION>1</VERSION>
   <TYPE/>
   <INTERFACE href="#o101"/>
   <INTERFACET>
    <FPINTERFACET>
     <NAME/>
     <STATE/>
     <LANGUAGE>D</LANGUAGE>
     <ID/>
     <TEXT>Schulungsschnittstelle für BC480-Formulare m. gesch. Tabelle</TEXT>
    </FPINTERFACET>
    <FPINTERFACET>
     <NAME/>
     <STATE/>
     <LANGUAGE>E</LANGUAGE>
     <ID/>
     <TEXT>Training interface for BC480 forms (with nested table)</TEXT>
    </FPINTERFACET>
   </INTERFACET>
  </asx:values>
  <asx:heap xmlns:xsd="http://www.w3.org/2001/XMLSchema" xmlns:abap="http://www.sap.com/abapxml/types/built-in" xmlns:cls="http://www.sap.com/abapxml/classes/global" xmlns:dic="http://www.sap.com/abapxml/types/dictionary">
   <cls:CL_FP_INTERFACE_DATA id="o101">
    <CL_FP_INTERFACE_DATA classVersion="1">
     <CODING href="#o102"/>
     <PARAMETERS href="#o103"/>
     <GLOBAL_DEFINITIONS href="#o104"/>
     <REFERENCE_FIELDS href="#o105"/>
     <XSD_DEFINITIONS/>
    </CL_FP_INTERFACE_DATA>
   </cls:CL_FP_INTERFACE_DATA>
   <cls:CL_FP_REFERENCE_FIELDS id="o105">
    <CL_FP_INTERFACE_DATA_CHANGED classVersion="1">
     <INTERFACE_DATA href="#o101"/>
    </CL_FP_INTERFACE_DATA_CHANGED>
    <CL_FP_REFERENCE_FIELDS classVersion="1">
     <REFERENCE_FIELDS/>
    </CL_FP_REFERENCE_FIELDS>
   </cls:CL_FP_REFERENCE_FIELDS>
   <cls:CL_FP_GLOBAL_DEFINITIONS id="o104">
    <CL_FP_INTERFACE_DATA_CHANGED classVersion="1">
     <INTERFACE_DATA href="#o101"/>
    </CL_FP_INTERFACE_DATA_CHANGED>
    <CL_FP_GLOBAL_DEFINITIONS classVersion="1">
     <GLOBAL_DATA>
      <SFPGDATA>
       <NAME>GC_CLERK</NAME>
       <TYPING>TYPE</TYPING>
       <TYPENAME>TEXT20</TYPENAME>
       <DEFAULTVAL>&apos;Dupont&apos;</DEFAULTVAL>
       <CONSTANT>X</CONSTANT>
      </SFPGDATA>
      <SFPGDATA>
       <NAME>GT_ADDRESS</NAME>
       <TYPING>TYPE</TYPING>
       <TYPENAME>TLINE_TAB</TYPENAME>
       <DEFAULTVAL/>
       <CONSTANT/>
      </SFPGDATA>
      <SFPGDATA>
       <NAME>GT_SCARR</NAME>
       <TYPING>TYPE</TYPING>
       <TYPENAME>TABLE OF SCARR</TYPENAME>
       <DEFAULTVAL/>
       <CONSTANT/>
      </SFPGDATA>
      <SFPGDATA>
       <NAME>GT_SPFLI</NAME>
       <TYPING>TYPE</TYPING>
       <TYPENAME>TABLE OF SPFLI</TYPENAME>
       <DEFAULTVAL/>
       <CONSTANT/>
      </SFPGDATA>
     </GLOBAL_DATA>
     <TYPES/>
     <FIELDSYMBOLS/>
    </CL_FP_GLOBAL_DEFINITIONS>
   </cls:CL_FP_GLOBAL_DEFINITIONS>
   <cls:CL_FP_PARAMETERS id="o103">
    <CL_FP_INTERFACE_DATA_CHANGED classVersion="1">
     <INTERFACE_DATA href="#o101"/>
    </CL_FP_INTERFACE_DATA_CHANGED>
    <CL_FP_PARAMETERS classVersion="1">
     <IMPORT_PARAMETERS>
      <SFPIOPAR>
       <NAME>IS_CUSTOMER</NAME>
       <TYPING>TYPE</TYPING>
       <TYPENAME>SCUSTOM</TYPENAME>
       <OPTIONAL/>
       <BYVALUE/>
       <DEFAULTVAL/>
       <STANDARD/>
       <CONSTANT/>
      </SFPIOPAR>
      <SFPIOPAR>
       <NAME>IT_BOOKINGS</NAME>
       <TYPING>TYPE</TYPING>
       <TYPENAME>TY_BOOKINGS</TYPENAME>
       <OPTIONAL/>
       <BYVALUE/>
       <DEFAULTVAL/>
       <STANDARD/>
       <CONSTANT/>
      </SFPIOPAR>
      <SFPIOPAR>
       <NAME>IV_IMAGE_URL</NAME>
       <TYPING>TYPE</TYPING>
       <TYPENAME>STRING</TYPENAME>
       <OPTIONAL>X</OPTIONAL>
       <BYVALUE>X</BYVALUE>
       <DEFAULTVAL/>
       <STANDARD/>
       <CONSTANT/>
      </SFPIOPAR>
      <SFPIOPAR>
       <NAME>IV_SENDING_COUNTRY</NAME>
       <TYPING>TYPE</TYPING>
       <TYPENAME>ADRC-COUNTRY</TYPENAME>
       <OPTIONAL/>
       <BYVALUE/>
       <DEFAULTVAL>&apos;US&apos;</DEFAULTVAL>
       <STANDARD/>
       <CONSTANT/>
      </SFPIOPAR>
     </IMPORT_PARAMETERS>
     <EXPORT_PARAMETERS/>
     <TABLE_PARAMETERS/>
     <EXCEPTIONS/>
    </CL_FP_PARAMETERS>
   </cls:CL_FP_PARAMETERS>
   <cls:CL_FP_CODING id="o102">
    <CL_FP_INTERFACE_DATA_CHANGED classVersion="1">
     <INTERFACE_DATA href="#o101"/>
    </CL_FP_INTERFACE_DATA_CHANGED>
    <CL_FP_CODING classVersion="1">
     <INPUT_PARAMETERS>
      <FPPARAMETER>IS_CUSTOMER</FPPARAMETER>
      <FPPARAMETER>IV_SENDING_COUNTRY</FPPARAMETER>
     </INPUT_PARAMETERS>
     <OUTPUT_PARAMETERS>
      <FPPARAMETER>IV_IMAGE_URL</FPPARAMETER>
      <FPPARAMETER>GT_ADDRESS</FPPARAMETER>
      <FPPARAMETER>GT_SCARR</FPPARAMETER>
      <FPPARAMETER>GT_SPFLI</FPPARAMETER>
     </OUTPUT_PARAMETERS>
     <INITIALIZATION>
      <FPCLINE>* set image url in case it is not provided by the ABAP application</FPCLINE>
      <FPCLINE>* program</FPCLINE>
      <FPCLINE>IF iv_image_url IS INITIAL.</FPCLINE>
      <FPCLINE>  iv_image_url =</FPCLINE>
      <FPCLINE>    &apos;http://wts.wdf.sap.corp:1080/portal/Image/sap_logo.gif&apos;.</FPCLINE>
      <FPCLINE>ENDIF.</FPCLINE>
      <FPCLINE/>
      <FPCLINE/>
      <FPCLINE>**************************************************************</FPCLINE>
      <FPCLINE>* formated customer address</FPCLINE>
      <FPCLINE>CALL FUNCTION &apos;CUSTOMER_ADDRESS_TO_ITF&apos;</FPCLINE>
      <FPCLINE>  EXPORTING</FPCLINE>
      <FPCLINE>    is_customer              = is_customer</FPCLINE>
      <FPCLINE>    iv_sending_country       = iv_sending_country</FPCLINE>
      <FPCLINE>*   IV_NUMBER_OF_LINES       = 5</FPCLINE>
      <FPCLINE> IMPORTING</FPCLINE>
      <FPCLINE>   et_address               = gt_address.</FPCLINE>
      <FPCLINE/>
      <FPCLINE>*optional: preparing nested tables</FPCLINE>
      <FPCLINE>*read airlines</FPCLINE>
      <FPCLINE>SELECT * FROM scarr INTO TABLE gt_scarr</FPCLINE>
      <FPCLINE>  WHERE carrid = &apos;AA&apos;</FPCLINE>
      <FPCLINE>     OR carrid = &apos;DL&apos;</FPCLINE>
      <FPCLINE>     OR carrid = &apos;NW&apos;</FPCLINE>
      <FPCLINE>     OR carrid = &apos;UA&apos;.</FPCLINE>
      <FPCLINE/>
      <FPCLINE>*read connections</FPCLINE>
      <FPCLINE>SELECT * FROM spfli INTO TABLE gt_spfli.</FPCLINE>
     </INITIALIZATION>
     <FORMS>
      <FPCLINE/>
      <FPCLINE/>
      <FPCLINE/>
      <FPCLINE/>
      <FPCLINE/>
      <FPCLINE/>
      <FPCLINE/>
      <FPCLINE/>
      <FPCLINE/>
      <FPCLINE/>
      <FPCLINE/>
      <FPCLINE/>
      <FPCLINE/>
      <FPCLINE/>
      <FPCLINE/>
      <FPCLINE/>
      <FPCLINE/>
      <FPCLINE/>
      <FPCLINE/>
      <FPCLINE/>
      <FPCLINE/>
      <FPCLINE/>
      <FPCLINE/>
      <FPCLINE/>
      <FPCLINE/>
      <FPCLINE/>
     </FORMS>
    </CL_FP_CODING>
   </cls:CL_FP_CODING>
  </asx:heap>
 </asx:abap>
</abapGit>
