﻿<?xml version="1.0" encoding="utf-8"?>
<abapGit version="v1.0.0" serializer="LCL_OBJECT_SFPI" serializer_version="v1.0.0">
 <asx:abap version="1.0" xmlns:asx="http://www.sap.com/abapxml">
  <asx:values>
   <VERSION>1</VERSION>
   <TYPE/>
   <INTERFACE href="#o101"/>
   <INTERFACET>
    <FPINTERFACET>
     <NAME/>
     <STATE/>
     <LANGUAGE>D</LANGUAGE>
     <ID/>
     <TEXT>Schulungsschnittstelle zum Vorführen von SAPBC480_CHECK</TEXT>
    </FPINTERFACET>
    <FPINTERFACET>
     <NAME/>
     <STATE/>
     <LANGUAGE>E</LANGUAGE>
     <ID/>
     <TEXT>Training interface to demo report SAPBC480_CHECK</TEXT>
    </FPINTERFACET>
   </INTERFACET>
  </asx:values>
  <asx:heap xmlns:xsd="http://www.w3.org/2001/XMLSchema" xmlns:abap="http://www.sap.com/abapxml/types/built-in" xmlns:cls="http://www.sap.com/abapxml/classes/global" xmlns:dic="http://www.sap.com/abapxml/types/dictionary">
   <cls:CL_FP_INTERFACE_DATA id="o101">
    <CL_FP_INTERFACE_DATA classVersion="1">
     <CODING href="#o102"/>
     <PARAMETERS href="#o103"/>
     <GLOBAL_DEFINITIONS href="#o104"/>
     <REFERENCE_FIELDS href="#o105"/>
     <XSD_DEFINITIONS/>
    </CL_FP_INTERFACE_DATA>
   </cls:CL_FP_INTERFACE_DATA>
   <cls:CL_FP_REFERENCE_FIELDS id="o105">
    <CL_FP_INTERFACE_DATA_CHANGED classVersion="1">
     <INTERFACE_DATA href="#o101"/>
    </CL_FP_INTERFACE_DATA_CHANGED>
    <CL_FP_REFERENCE_FIELDS classVersion="1">
     <REFERENCE_FIELDS>
      <SFPREF>
       <ACTIVE/>
       <STANDARD/>
       <DATATYPE>CURR</DATATYPE>
       <VALUE>IT_BOOKINGS-LOCCURAM</VALUE>
       <UNIT>IT_BOOKINGS-FORCURKEY</UNIT>
      </SFPREF>
     </REFERENCE_FIELDS>
    </CL_FP_REFERENCE_FIELDS>
   </cls:CL_FP_REFERENCE_FIELDS>
   <cls:CL_FP_GLOBAL_DEFINITIONS id="o104">
    <CL_FP_INTERFACE_DATA_CHANGED classVersion="1">
     <INTERFACE_DATA href="#o101"/>
    </CL_FP_INTERFACE_DATA_CHANGED>
    <CL_FP_GLOBAL_DEFINITIONS classVersion="1">
     <GLOBAL_DATA>
      <SFPGDATA>
       <NAME>GT_ADDRESS</NAME>
       <TYPING>TYPE</TYPING>
       <TYPENAME>TLINE_TAB</TYPENAME>
       <DEFAULTVAL/>
       <CONSTANT/>
      </SFPGDATA>
      <SFPGDATA>
       <NAME>GS_EXTRA</NAME>
       <TYPING>TYPE</TYPING>
       <TYPENAME>C</TYPENAME>
       <DEFAULTVAL/>
       <CONSTANT/>
      </SFPGDATA>
      <SFPGDATA>
       <NAME>GV_IMAGE_URL</NAME>
       <TYPING>TYPE</TYPING>
       <TYPENAME>STRING</TYPENAME>
       <DEFAULTVAL>&apos;http://image.com&apos;</DEFAULTVAL>
       <CONSTANT/>
      </SFPGDATA>
     </GLOBAL_DATA>
     <TYPES/>
     <FIELDSYMBOLS/>
    </CL_FP_GLOBAL_DEFINITIONS>
   </cls:CL_FP_GLOBAL_DEFINITIONS>
   <cls:CL_FP_PARAMETERS id="o103">
    <CL_FP_INTERFACE_DATA_CHANGED classVersion="1">
     <INTERFACE_DATA href="#o101"/>
    </CL_FP_INTERFACE_DATA_CHANGED>
    <CL_FP_PARAMETERS classVersion="1">
     <IMPORT_PARAMETERS>
      <SFPIOPAR>
       <NAME>IS_CUSTOMER</NAME>
       <TYPING>TYPE</TYPING>
       <TYPENAME>SCUSTOM</TYPENAME>
       <OPTIONAL>X</OPTIONAL>
       <BYVALUE/>
       <DEFAULTVAL/>
       <STANDARD/>
       <CONSTANT/>
      </SFPIOPAR>
      <SFPIOPAR>
       <NAME>IT_BOOKINGS</NAME>
       <TYPING>TYPE</TYPING>
       <TYPENAME>TY_BOOKINGS</TYPENAME>
       <OPTIONAL/>
       <BYVALUE/>
       <DEFAULTVAL/>
       <STANDARD/>
       <CONSTANT/>
      </SFPIOPAR>
      <SFPIOPAR>
       <NAME>IV_IMAGE_URL</NAME>
       <TYPING>TYPE</TYPING>
       <TYPENAME>STRING</TYPENAME>
       <OPTIONAL/>
       <BYVALUE/>
       <DEFAULTVAL>&apos;test.com/pic.bmp&apos;</DEFAULTVAL>
       <STANDARD/>
       <CONSTANT/>
      </SFPIOPAR>
      <SFPIOPAR>
       <NAME>IV_OPTIONAL</NAME>
       <TYPING>TYPE</TYPING>
       <TYPENAME>XSTRING</TYPENAME>
       <OPTIONAL>X</OPTIONAL>
       <BYVALUE/>
       <DEFAULTVAL/>
       <STANDARD/>
       <CONSTANT/>
      </SFPIOPAR>
      <SFPIOPAR>
       <NAME>IV_SENDING_COUNTRY</NAME>
       <TYPING>TYPE</TYPING>
       <TYPENAME>ADRC-COUNTRY</TYPENAME>
       <OPTIONAL/>
       <BYVALUE/>
       <DEFAULTVAL>&apos;US&apos;</DEFAULTVAL>
       <STANDARD/>
       <CONSTANT/>
      </SFPIOPAR>
      <SFPIOPAR>
       <NAME>IV_OBLIGATORY</NAME>
       <TYPING>TYPE</TYPING>
       <TYPENAME>SFLIGHT</TYPENAME>
       <OPTIONAL/>
       <BYVALUE/>
       <DEFAULTVAL/>
       <STANDARD/>
       <CONSTANT/>
      </SFPIOPAR>
     </IMPORT_PARAMETERS>
     <EXPORT_PARAMETERS/>
     <TABLE_PARAMETERS/>
     <EXCEPTIONS/>
    </CL_FP_PARAMETERS>
   </cls:CL_FP_PARAMETERS>
   <cls:CL_FP_CODING id="o102">
    <CL_FP_INTERFACE_DATA_CHANGED classVersion="1">
     <INTERFACE_DATA href="#o101"/>
    </CL_FP_INTERFACE_DATA_CHANGED>
    <CL_FP_CODING classVersion="1">
     <INPUT_PARAMETERS>
      <FPPARAMETER>IV_IMAGE_URL</FPPARAMETER>
      <FPPARAMETER>IS_CUSTOMER</FPPARAMETER>
      <FPPARAMETER>IV_SENDING_COUNTRY</FPPARAMETER>
     </INPUT_PARAMETERS>
     <OUTPUT_PARAMETERS>
      <FPPARAMETER>GV_IMAGE_URL</FPPARAMETER>
      <FPPARAMETER>GT_ADDRESS</FPPARAMETER>
     </OUTPUT_PARAMETERS>
     <INITIALIZATION>
      <FPCLINE>* set image url in case it is not provided by the ABAP application</FPCLINE>
      <FPCLINE>* program</FPCLINE>
      <FPCLINE>IF iv_image_url IS INITIAL.</FPCLINE>
      <FPCLINE>  gv_image_url = &apos;http://www.sap.com/global/images/sap_logo.gif&apos;.</FPCLINE>
      <FPCLINE>ELSE.</FPCLINE>
      <FPCLINE>  gv_image_url = iv_image_url.</FPCLINE>
      <FPCLINE>ENDIF.</FPCLINE>
      <FPCLINE/>
      <FPCLINE/>
      <FPCLINE>**************************************************************</FPCLINE>
      <FPCLINE>* Optional part:</FPCLINE>
      <FPCLINE>* formated customer address</FPCLINE>
      <FPCLINE>CALL FUNCTION &apos;CUSTOMER_ADDRESS_TO_ITF&apos;</FPCLINE>
      <FPCLINE>  EXPORTING</FPCLINE>
      <FPCLINE>    is_customer              = is_customer</FPCLINE>
      <FPCLINE>    iv_sending_country       = iv_sending_country</FPCLINE>
      <FPCLINE>*   IV_NUMBER_OF_LINES       = 5</FPCLINE>
      <FPCLINE> IMPORTING</FPCLINE>
      <FPCLINE>   ET_ADDRESS               = gt_address.</FPCLINE>
      <FPCLINE/>
      <FPCLINE/>
     </INITIALIZATION>
     <FORMS>
      <FPCLINE/>
      <FPCLINE/>
      <FPCLINE/>
      <FPCLINE/>
      <FPCLINE/>
      <FPCLINE/>
      <FPCLINE/>
      <FPCLINE/>
      <FPCLINE/>
      <FPCLINE/>
      <FPCLINE/>
      <FPCLINE/>
      <FPCLINE/>
      <FPCLINE/>
      <FPCLINE/>
      <FPCLINE/>
      <FPCLINE/>
      <FPCLINE/>
      <FPCLINE/>
      <FPCLINE/>
      <FPCLINE/>
      <FPCLINE/>
      <FPCLINE/>
      <FPCLINE/>
      <FPCLINE/>
      <FPCLINE/>
     </FORMS>
    </CL_FP_CODING>
   </cls:CL_FP_CODING>
  </asx:heap>
 </asx:abap>
</abapGit>
