﻿<?xml version="1.0" encoding="utf-8"?>
<abapGit version="v1.0.0" serializer="LCL_OBJECT_MSAG" serializer_version="v1.0.0">
 <asx:abap xmlns:asx="http://www.sap.com/abapxml" version="1.0">
  <asx:values>
   <T100A>
    <ARBGB>ZBC480</ARBGB>
    <MASTERLANG>E</MASTERLANG>
    <STEXT>Form printing with Interactive Forms solution</STEXT>
   </T100A>
   <T100>
    <T100>
     <SPRSL>E</SPRSL>
     <ARBGB>ZBC480</ARBGB>
     <MSGNR>001</MSGNR>
     <TEXT>Enter interface</TEXT>
    </T100>
    <T100>
     <SPRSL>E</SPRSL>
     <ARBGB>ZBC480</ARBGB>
     <MSGNR>002</MSGNR>
     <TEXT>No active interface &amp;1 available</TEXT>
    </T100>
    <T100>
     <SPRSL>E</SPRSL>
     <ARBGB>ZBC480</ARBGB>
     <MSGNR>003</MSGNR>
     <TEXT>Enter form</TEXT>
    </T100>
    <T100>
     <SPRSL>E</SPRSL>
     <ARBGB>ZBC480</ARBGB>
     <MSGNR>004</MSGNR>
     <TEXT>No active form &amp;1 available</TEXT>
    </T100>
    <T100>
     <SPRSL>E</SPRSL>
     <ARBGB>ZBC480</ARBGB>
     <MSGNR>005</MSGNR>
     <TEXT>Enter form and language</TEXT>
    </T100>
    <T100>
     <SPRSL>E</SPRSL>
     <ARBGB>ZBC480</ARBGB>
     <MSGNR>006</MSGNR>
     <TEXT>Download failure</TEXT>
    </T100>
    <T100>
     <SPRSL>E</SPRSL>
     <ARBGB>ZBC480</ARBGB>
     <MSGNR>007</MSGNR>
     <TEXT>Enter language</TEXT>
    </T100>
    <T100>
     <SPRSL>E</SPRSL>
     <ARBGB>ZBC480</ARBGB>
     <MSGNR>008</MSGNR>
     <TEXT>Enter country</TEXT>
    </T100>
    <T100>
     <SPRSL>E</SPRSL>
     <ARBGB>ZBC480</ARBGB>
     <MSGNR>009</MSGNR>
     <TEXT>Enter number of bookings</TEXT>
    </T100>
    <T100>
     <SPRSL>E</SPRSL>
     <ARBGB>ZBC480</ARBGB>
     <MSGNR>010</MSGNR>
     <TEXT>Enter download path</TEXT>
    </T100>
    <T100>
     <SPRSL>E</SPRSL>
     <ARBGB>ZBC480</ARBGB>
     <MSGNR>011</MSGNR>
     <TEXT>Preview needs PDF. Flag &quot;No PDF&quot; will be ignored.</TEXT>
    </T100>
    <T100>
     <SPRSL>E</SPRSL>
     <ARBGB>ZBC480</ARBGB>
     <MSGNR>012</MSGNR>
     <TEXT>Invalid download path</TEXT>
    </T100>
    <T100>
     <SPRSL>E</SPRSL>
     <ARBGB>ZBC480</ARBGB>
     <MSGNR>013</MSGNR>
     <TEXT>File for image does not exist</TEXT>
    </T100>
    <T100>
     <SPRSL>E</SPRSL>
     <ARBGB>ZBC480</ARBGB>
     <MSGNR>014</MSGNR>
     <TEXT>Invalid MIME type</TEXT>
    </T100>
    <T100>
     <SPRSL>E</SPRSL>
     <ARBGB>ZBC480</ARBGB>
     <MSGNR>015</MSGNR>
     <TEXT>Enter valid RFC destination for Adobe document services</TEXT>
    </T100>
    <T100>
     <SPRSL>E</SPRSL>
     <ARBGB>ZBC480</ARBGB>
     <MSGNR>016</MSGNR>
     <TEXT>Download successful: directory &amp;1, file(s) &amp;2</TEXT>
    </T100>
    <T100>
     <SPRSL>E</SPRSL>
     <ARBGB>ZBC480</ARBGB>
     <MSGNR>017</MSGNR>
     <TEXT>Spool request created</TEXT>
    </T100>
    <T100>
     <SPRSL>E</SPRSL>
     <ARBGB>ZBC480</ARBGB>
     <MSGNR>018</MSGNR>
     <TEXT>Form processing error: return code = &amp;1</TEXT>
    </T100>
    <T100>
     <SPRSL>E</SPRSL>
     <ARBGB>ZBC480</ARBGB>
     <MSGNR>019</MSGNR>
     <TEXT>Sending fax/mail failed (&amp;1)</TEXT>
    </T100>
    <T100>
     <SPRSL>E</SPRSL>
     <ARBGB>ZBC480</ARBGB>
     <MSGNR>020</MSGNR>
     <TEXT>Form processing could not be started</TEXT>
    </T100>
    <T100>
     <SPRSL>E</SPRSL>
     <ARBGB>ZBC480</ARBGB>
     <MSGNR>021</MSGNR>
     <TEXT>Error during form processing</TEXT>
    </T100>
    <T100>
     <SPRSL>E</SPRSL>
     <ARBGB>ZBC480</ARBGB>
     <MSGNR>022</MSGNR>
     <TEXT>Invalid country for language &amp;1</TEXT>
    </T100>
    <T100>
     <SPRSL>E</SPRSL>
     <ARBGB>ZBC480</ARBGB>
     <MSGNR>023</MSGNR>
     <TEXT>Update of table &amp;1 failed</TEXT>
    </T100>
    <T100>
     <SPRSL>E</SPRSL>
     <ARBGB>ZBC480</ARBGB>
     <MSGNR>024</MSGNR>
     <TEXT>Form has unsuitable parameters</TEXT>
    </T100>
    <T100>
     <SPRSL>E</SPRSL>
     <ARBGB>ZBC480</ARBGB>
     <MSGNR>025</MSGNR>
     <TEXT>Business Address Services hold no data</TEXT>
    </T100>
    <T100>
     <SPRSL>E</SPRSL>
     <ARBGB>ZBC480</ARBGB>
     <MSGNR>026</MSGNR>
     <TEXT>Number must be between 1 and 20</TEXT>
    </T100>
    <T100>
     <SPRSL>E</SPRSL>
     <ARBGB>ZBC480</ARBGB>
     <MSGNR>027</MSGNR>
     <TEXT>Form &amp;1 could not be locked</TEXT>
    </T100>
    <T100>
     <SPRSL>E</SPRSL>
     <ARBGB>ZBC480</ARBGB>
     <MSGNR>028</MSGNR>
     <TEXT>Template form &amp;1 not found</TEXT>
    </T100>
    <T100>
     <SPRSL>E</SPRSL>
     <ARBGB>ZBC480</ARBGB>
     <MSGNR>029</MSGNR>
     <TEXT>ATTENTION! Form &amp;1 has a layout already - it will be overwritten.</TEXT>
    </T100>
    <T100>
     <SPRSL>E</SPRSL>
     <ARBGB>ZBC480</ARBGB>
     <MSGNR>030</MSGNR>
     <TEXT>Form &amp;1 not found</TEXT>
    </T100>
    <T100>
     <SPRSL>E</SPRSL>
     <ARBGB>ZBC480</ARBGB>
     <MSGNR>031</MSGNR>
     <TEXT>You may change only your own objects</TEXT>
    </T100>
    <T100>
     <SPRSL>E</SPRSL>
     <ARBGB>ZBC480</ARBGB>
     <MSGNR>032</MSGNR>
     <TEXT>Automatic generation failed</TEXT>
    </T100>
    <T100>
     <SPRSL>E</SPRSL>
     <ARBGB>ZBC480</ARBGB>
     <MSGNR>033</MSGNR>
     <TEXT>The layout of form &amp;1 has been deleted again</TEXT>
    </T100>
    <T100>
     <SPRSL>E</SPRSL>
     <ARBGB>ZBC480</ARBGB>
     <MSGNR>034</MSGNR>
     <TEXT>Function not possible in background processing</TEXT>
    </T100>
    <T100>
     <SPRSL>E</SPRSL>
     <ARBGB>ZBC480</ARBGB>
     <MSGNR>035</MSGNR>
     <TEXT>You have no authorization to perform this action (&amp;1)</TEXT>
    </T100>
    <T100>
     <SPRSL>E</SPRSL>
     <ARBGB>ZBC480</ARBGB>
     <MSGNR>036</MSGNR>
     <TEXT>Form &amp;1 is not available in language &amp;2</TEXT>
    </T100>
    <T100>
     <SPRSL>E</SPRSL>
     <ARBGB>ZBC480</ARBGB>
     <MSGNR>037</MSGNR>
     <TEXT>Language &amp;1 is not spoken in country &amp;2</TEXT>
    </T100>
    <T100>
     <SPRSL>E</SPRSL>
     <ARBGB>ZBC480</ARBGB>
     <MSGNR>038</MSGNR>
     <TEXT>Country &amp;1 does not exist</TEXT>
    </T100>
    <T100>
     <SPRSL>E</SPRSL>
     <ARBGB>ZBC480</ARBGB>
     <MSGNR>039</MSGNR>
     <TEXT>Interface &amp;1 has two versions. Only the active version will be checked.</TEXT>
    </T100>
    <T100>
     <SPRSL>E</SPRSL>
     <ARBGB>ZBC480</ARBGB>
     <MSGNR>040</MSGNR>
     <TEXT>Interface could not be parsed correctly</TEXT>
    </T100>
    <T100>
     <SPRSL>E</SPRSL>
     <ARBGB>ZBC480</ARBGB>
     <MSGNR>041</MSGNR>
     <TEXT>Form context could not be parsed correctly.</TEXT>
    </T100>
    <T100>
     <SPRSL>E</SPRSL>
     <ARBGB>ZBC480</ARBGB>
     <MSGNR>042</MSGNR>
     <TEXT>No data found</TEXT>
    </T100>
    <T100>
     <SPRSL>E</SPRSL>
     <ARBGB>ZBC480</ARBGB>
     <MSGNR>043</MSGNR>
     <TEXT>Please set a PS, PCL, or PDF printer as your default printer</TEXT>
    </T100>
    <T100>
     <SPRSL>E</SPRSL>
     <ARBGB>ZBC480</ARBGB>
     <MSGNR>044</MSGNR>
     <TEXT>Please enter a PS, PCL, or PDF printer</TEXT>
    </T100>
    <T100>
     <SPRSL>E</SPRSL>
     <ARBGB>ZBC480</ARBGB>
     <MSGNR>045</MSGNR>
     <TEXT>The file is not a PDF document with a suitable interface.</TEXT>
    </T100>
    <T100>
     <SPRSL>E</SPRSL>
     <ARBGB>ZBC480</ARBGB>
     <MSGNR>046</MSGNR>
     <TEXT>Interface has type &apos;&amp;1&apos; instead of type &apos;&amp;2&apos;.</TEXT>
    </T100>
   </T100>
  </asx:values>
 </asx:abap>
</abapGit>
