﻿<?xml version="1.0" encoding="utf-8"?>
<abapGit version="v1.0.0" serializer="LCL_OBJECT_SFPI" serializer_version="v1.0.0">
 <asx:abap version="1.0" xmlns:asx="http://www.sap.com/abapxml">
  <asx:values>
   <VERSION>1</VERSION>
   <TYPE/>
   <INTERFACE href="#o101"/>
   <INTERFACET>
    <FPINTERFACET>
     <NAME/>
     <STATE/>
     <LANGUAGE>D</LANGUAGE>
     <ID/>
     <TEXT>Schulungsschnittstelle f. Demo der Business Address Services</TEXT>
    </FPINTERFACET>
    <FPINTERFACET>
     <NAME/>
     <STATE/>
     <LANGUAGE>E</LANGUAGE>
     <ID/>
     <TEXT>Training interface for demoing Business Address Services</TEXT>
    </FPINTERFACET>
   </INTERFACET>
  </asx:values>
  <asx:heap xmlns:xsd="http://www.w3.org/2001/XMLSchema" xmlns:abap="http://www.sap.com/abapxml/types/built-in" xmlns:cls="http://www.sap.com/abapxml/classes/global" xmlns:dic="http://www.sap.com/abapxml/types/dictionary">
   <cls:CL_FP_INTERFACE_DATA id="o101">
    <CL_FP_INTERFACE_DATA classVersion="1">
     <CODING href="#o102"/>
     <PARAMETERS href="#o103"/>
     <GLOBAL_DEFINITIONS href="#o104"/>
     <REFERENCE_FIELDS href="#o105"/>
     <XSD_DEFINITIONS/>
    </CL_FP_INTERFACE_DATA>
   </cls:CL_FP_INTERFACE_DATA>
   <cls:CL_FP_REFERENCE_FIELDS id="o105">
    <CL_FP_INTERFACE_DATA_CHANGED classVersion="1">
     <INTERFACE_DATA href="#o101"/>
    </CL_FP_INTERFACE_DATA_CHANGED>
    <CL_FP_REFERENCE_FIELDS classVersion="1">
     <REFERENCE_FIELDS/>
    </CL_FP_REFERENCE_FIELDS>
   </cls:CL_FP_REFERENCE_FIELDS>
   <cls:CL_FP_GLOBAL_DEFINITIONS id="o104">
    <CL_FP_INTERFACE_DATA_CHANGED classVersion="1">
     <INTERFACE_DATA href="#o101"/>
    </CL_FP_INTERFACE_DATA_CHANGED>
    <CL_FP_GLOBAL_DEFINITIONS classVersion="1">
     <GLOBAL_DATA/>
     <TYPES/>
     <FIELDSYMBOLS/>
    </CL_FP_GLOBAL_DEFINITIONS>
   </cls:CL_FP_GLOBAL_DEFINITIONS>
   <cls:CL_FP_PARAMETERS id="o103">
    <CL_FP_INTERFACE_DATA_CHANGED classVersion="1">
     <INTERFACE_DATA href="#o101"/>
    </CL_FP_INTERFACE_DATA_CHANGED>
    <CL_FP_PARAMETERS classVersion="1">
     <IMPORT_PARAMETERS>
      <SFPIOPAR>
       <NAME>IV_ADDRESS_TYPE</NAME>
       <TYPING>TYPE</TYPING>
       <TYPENAME>I</TYPENAME>
       <OPTIONAL/>
       <BYVALUE/>
       <DEFAULTVAL>1</DEFAULTVAL>
       <STANDARD/>
       <CONSTANT/>
      </SFPIOPAR>
      <SFPIOPAR>
       <NAME>IV_ADDRESS_NUMBER</NAME>
       <TYPING>TYPE</TYPING>
       <TYPENAME>ADRC-ADDRNUMBER</TYPENAME>
       <OPTIONAL/>
       <BYVALUE/>
       <DEFAULTVAL/>
       <STANDARD/>
       <CONSTANT/>
      </SFPIOPAR>
      <SFPIOPAR>
       <NAME>IV_PERSON_NUMBER</NAME>
       <TYPING>TYPE</TYPING>
       <TYPENAME>ADRP-PERSNUMBER</TYPENAME>
       <OPTIONAL/>
       <BYVALUE/>
       <DEFAULTVAL/>
       <STANDARD/>
       <CONSTANT/>
      </SFPIOPAR>
      <SFPIOPAR>
       <NAME>IV_SENDING_COUNTRY</NAME>
       <TYPING>TYPE</TYPING>
       <TYPENAME>LAND1</TYPENAME>
       <OPTIONAL/>
       <BYVALUE/>
       <DEFAULTVAL/>
       <STANDARD/>
       <CONSTANT/>
      </SFPIOPAR>
     </IMPORT_PARAMETERS>
     <EXPORT_PARAMETERS/>
     <TABLE_PARAMETERS/>
     <EXCEPTIONS/>
    </CL_FP_PARAMETERS>
   </cls:CL_FP_PARAMETERS>
   <cls:CL_FP_CODING id="o102">
    <CL_FP_INTERFACE_DATA_CHANGED classVersion="1">
     <INTERFACE_DATA href="#o101"/>
    </CL_FP_INTERFACE_DATA_CHANGED>
    <CL_FP_CODING classVersion="1">
     <INPUT_PARAMETERS/>
     <OUTPUT_PARAMETERS/>
     <INITIALIZATION/>
     <FORMS/>
    </CL_FP_CODING>
   </cls:CL_FP_CODING>
  </asx:heap>
 </asx:abap>
</abapGit>
