﻿<?xml version="1.0" encoding="utf-8"?>
<abapGit version="v1.0.0" serializer="LCL_OBJECT_PROG" serializer_version="v1.0.0">
 <asx:abap xmlns:asx="http://www.sap.com/abapxml" version="1.0">
  <asx:values>
   <PROGDIR>
    <NAME>ZSAPBC480_EXCEPTION</NAME>
    <STATE>A</STATE>
    <VARCL>X</VARCL>
    <SUBC>1</SUBC>
    <RLOAD>E</RLOAD>
    <FIXPT>X</FIXPT>
    <UCCHECK>X</UCCHECK>
   </PROGDIR>
   <TPOOL>
    <item>
     <ID>I</ID>
     <KEY>C01</KEY>
     <ENTRY>Set both parameters to 999999999 to create overflow.</ENTRY>
     <LENGTH>60</LENGTH>
    </item>
    <item>
     <ID>I</ID>
     <KEY>C02</KEY>
     <ENTRY>Set second parameter to 0 to create division by zero.</ENTRY>
     <LENGTH>60</LENGTH>
    </item>
    <item>
     <ID>I</ID>
     <KEY>CAL</KEY>
     <ENTRY>After the calculation</ENTRY>
     <LENGTH>30</LENGTH>
    </item>
    <item>
     <ID>I</ID>
     <KEY>E01</KEY>
     <ENTRY>Unclassified error</ENTRY>
     <LENGTH>25</LENGTH>
    </item>
    <item>
     <ID>R</ID>
     <ENTRY>Demo of class-based exception handling</ENTRY>
     <LENGTH>38</LENGTH>
    </item>
    <item>
     <ID>S</ID>
     <KEY>PA_INT1</KEY>
     <ENTRY>First operand</ENTRY>
     <LENGTH>21</LENGTH>
    </item>
    <item>
     <ID>S</ID>
     <KEY>PA_INT2</KEY>
     <ENTRY>Second operand</ENTRY>
     <LENGTH>22</LENGTH>
    </item>
   </TPOOL>
   <I18N_TPOOL>
    <item>
     <LANGUAGE>D</LANGUAGE>
     <TEXTPOOL>
      <item>
       <ID>I</ID>
       <KEY>C01</KEY>
       <ENTRY>Beide Parameter auf 999999999 setzen für Überlauf</ENTRY>
       <LENGTH>60</LENGTH>
      </item>
      <item>
       <ID>I</ID>
       <KEY>C02</KEY>
       <ENTRY>Zweiten Parameter auf 0 setzen für Nulldivision</ENTRY>
       <LENGTH>60</LENGTH>
      </item>
      <item>
       <ID>I</ID>
       <KEY>CAL</KEY>
       <ENTRY>Nach der Berechnung</ENTRY>
       <LENGTH>30</LENGTH>
      </item>
      <item>
       <ID>R</ID>
       <ENTRY>Demo des klassenbasierten Ausnahmekonzeptes</ENTRY>
       <LENGTH>43</LENGTH>
      </item>
      <item>
       <ID>S</ID>
       <KEY>PA_INT1</KEY>
       <ENTRY>Erster Operand</ENTRY>
       <LENGTH>22</LENGTH>
      </item>
      <item>
       <ID>S</ID>
       <KEY>PA_INT2</KEY>
       <ENTRY>Zweiter Operand</ENTRY>
       <LENGTH>23</LENGTH>
      </item>
     </TEXTPOOL>
    </item>
   </I18N_TPOOL>
  </asx:values>
 </asx:abap>
</abapGit>
