﻿<?xml version="1.0" encoding="utf-8"?>
<abapGit version="v1.0.0" serializer="LCL_OBJECT_PROG" serializer_version="v1.0.0">
 <asx:abap xmlns:asx="http://www.sap.com/abapxml" version="1.0">
  <asx:values>
   <PROGDIR>
    <NAME>ZSAPBC480_BAS</NAME>
    <STATE>A</STATE>
    <VARCL>X</VARCL>
    <SUBC>1</SUBC>
    <RLOAD>E</RLOAD>
    <FIXPT>X</FIXPT>
    <UCCHECK>X</UCCHECK>
   </PROGDIR>
   <TPOOL>
    <item>
     <ID>I</ID>
     <KEY>I01</KEY>
     <ENTRY>No addresses found</ENTRY>
     <LENGTH>50</LENGTH>
    </item>
    <item>
     <ID>I</ID>
     <KEY>SE1</KEY>
     <ENTRY>Address Details</ENTRY>
     <LENGTH>30</LENGTH>
    </item>
    <item>
     <ID>I</ID>
     <KEY>SE2</KEY>
     <ENTRY>Address number</ENTRY>
     <LENGTH>40</LENGTH>
    </item>
    <item>
     <ID>I</ID>
     <KEY>SE3</KEY>
     <ENTRY>Choose addresses automatically</ENTRY>
     <LENGTH>30</LENGTH>
    </item>
    <item>
     <ID>I</ID>
     <KEY>SE4</KEY>
     <ENTRY>Number of datasets</ENTRY>
     <LENGTH>20</LENGTH>
    </item>
    <item>
     <ID>I</ID>
     <KEY>SE7</KEY>
     <ENTRY>This is not a company</ENTRY>
     <LENGTH>30</LENGTH>
    </item>
    <item>
     <ID>R</ID>
     <ENTRY>Demo of Business Address Services with PDF-based form</ENTRY>
     <LENGTH>53</LENGTH>
    </item>
    <item>
     <ID>S</ID>
     <KEY>PA_ADDNO</KEY>
     <ENTRY>Address number</ENTRY>
     <LENGTH>22</LENGTH>
     <SPLIT>D</SPLIT>
    </item>
    <item>
     <ID>S</ID>
     <KEY>PA_AUTO</KEY>
     <ENTRY>Choose addresses automatically</ENTRY>
     <LENGTH>38</LENGTH>
    </item>
    <item>
     <ID>S</ID>
     <KEY>PA_CNTRY</KEY>
     <ENTRY>Sending Country</ENTRY>
     <LENGTH>23</LENGTH>
    </item>
    <item>
     <ID>S</ID>
     <KEY>PA_COMP</KEY>
     <ENTRY>Name</ENTRY>
     <LENGTH>12</LENGTH>
     <SPLIT>D</SPLIT>
    </item>
    <item>
     <ID>S</ID>
     <KEY>PA_FORM</KEY>
     <ENTRY>Form</ENTRY>
     <LENGTH>12</LENGTH>
     <SPLIT>D</SPLIT>
    </item>
    <item>
     <ID>S</ID>
     <KEY>PA_MAX</KEY>
     <ENTRY>Number of datasets</ENTRY>
     <LENGTH>26</LENGTH>
    </item>
    <item>
     <ID>S</ID>
     <KEY>PA_ORGA</KEY>
     <ENTRY>Organisation address</ENTRY>
     <LENGTH>28</LENGTH>
    </item>
    <item>
     <ID>S</ID>
     <KEY>PA_PERNO</KEY>
     <ENTRY>Person number</ENTRY>
     <LENGTH>21</LENGTH>
     <SPLIT>D</SPLIT>
    </item>
    <item>
     <ID>S</ID>
     <KEY>PA_PERS</KEY>
     <ENTRY>Person address</ENTRY>
     <LENGTH>22</LENGTH>
    </item>
    <item>
     <ID>S</ID>
     <KEY>PA_RFC</KEY>
     <ENTRY>RFC Destination</ENTRY>
     <LENGTH>23</LENGTH>
     <SPLIT>D</SPLIT>
    </item>
    <item>
     <ID>S</ID>
     <KEY>PA_WORK</KEY>
     <ENTRY>Work address</ENTRY>
     <LENGTH>20</LENGTH>
    </item>
    <item>
     <ID>S</ID>
     <KEY>SO_ADDNO</KEY>
     <ENTRY>Address number</ENTRY>
     <LENGTH>22</LENGTH>
     <SPLIT>D</SPLIT>
    </item>
    <item>
     <ID>S</ID>
     <KEY>SO_PERNO</KEY>
     <ENTRY>Person number</ENTRY>
     <LENGTH>21</LENGTH>
     <SPLIT>D</SPLIT>
    </item>
   </TPOOL>
   <I18N_TPOOL>
    <item>
     <LANGUAGE>D</LANGUAGE>
     <TEXTPOOL>
      <item>
       <ID>I</ID>
       <KEY>I01</KEY>
       <ENTRY>Keine Adressen gefunden</ENTRY>
       <LENGTH>50</LENGTH>
      </item>
      <item>
       <ID>I</ID>
       <KEY>SE1</KEY>
       <ENTRY>Adressdetails</ENTRY>
       <LENGTH>30</LENGTH>
      </item>
      <item>
       <ID>I</ID>
       <KEY>SE2</KEY>
       <ENTRY>Adressnummer</ENTRY>
       <LENGTH>40</LENGTH>
      </item>
      <item>
       <ID>I</ID>
       <KEY>SE3</KEY>
       <ENTRY>Adressen automatisch wählen</ENTRY>
       <LENGTH>30</LENGTH>
      </item>
      <item>
       <ID>I</ID>
       <KEY>SE4</KEY>
       <ENTRY>Anzahl Datensätze</ENTRY>
       <LENGTH>20</LENGTH>
      </item>
      <item>
       <ID>I</ID>
       <KEY>SE7</KEY>
       <ENTRY>Das ist keine Firma</ENTRY>
       <LENGTH>30</LENGTH>
      </item>
      <item>
       <ID>R</ID>
       <ENTRY>Demo der Business Address Services mit PDF-basierten Formularen</ENTRY>
       <LENGTH>63</LENGTH>
      </item>
      <item>
       <ID>S</ID>
       <KEY>PA_ADDNO</KEY>
       <ENTRY>Adressnummer</ENTRY>
       <LENGTH>22</LENGTH>
       <SPLIT>D</SPLIT>
      </item>
      <item>
       <ID>S</ID>
       <KEY>PA_AUTO</KEY>
       <ENTRY>Adressen automatisch wählen</ENTRY>
       <LENGTH>38</LENGTH>
      </item>
      <item>
       <ID>S</ID>
       <KEY>PA_CNTRY</KEY>
       <ENTRY>Absenderland</ENTRY>
       <LENGTH>23</LENGTH>
      </item>
      <item>
       <ID>S</ID>
       <KEY>PA_COMP</KEY>
       <ENTRY>Name</ENTRY>
       <LENGTH>12</LENGTH>
       <SPLIT>D</SPLIT>
      </item>
      <item>
       <ID>S</ID>
       <KEY>PA_FORM</KEY>
       <ENTRY>Formular</ENTRY>
       <LENGTH>16</LENGTH>
       <SPLIT>D</SPLIT>
      </item>
      <item>
       <ID>S</ID>
       <KEY>PA_MAX</KEY>
       <ENTRY>Anzahl der Datensätze</ENTRY>
       <LENGTH>29</LENGTH>
      </item>
      <item>
       <ID>S</ID>
       <KEY>PA_ORGA</KEY>
       <ENTRY>Organisationsadresse</ENTRY>
       <LENGTH>28</LENGTH>
      </item>
      <item>
       <ID>S</ID>
       <KEY>PA_PERNO</KEY>
       <ENTRY>Personennummer</ENTRY>
       <LENGTH>22</LENGTH>
       <SPLIT>D</SPLIT>
      </item>
      <item>
       <ID>S</ID>
       <KEY>PA_PERS</KEY>
       <ENTRY>Personenadresse</ENTRY>
       <LENGTH>23</LENGTH>
      </item>
      <item>
       <ID>S</ID>
       <KEY>PA_RFC</KEY>
       <ENTRY>RFC Destination</ENTRY>
       <LENGTH>23</LENGTH>
       <SPLIT>D</SPLIT>
      </item>
      <item>
       <ID>S</ID>
       <KEY>PA_WORK</KEY>
       <ENTRY>Arbeitsplatzadresse</ENTRY>
       <LENGTH>27</LENGTH>
      </item>
      <item>
       <ID>S</ID>
       <KEY>SO_ADDNO</KEY>
       <ENTRY>Adressnummer</ENTRY>
       <LENGTH>22</LENGTH>
       <SPLIT>D</SPLIT>
      </item>
      <item>
       <ID>S</ID>
       <KEY>SO_PERNO</KEY>
       <ENTRY>Personennummer</ENTRY>
       <LENGTH>22</LENGTH>
       <SPLIT>D</SPLIT>
      </item>
     </TEXTPOOL>
    </item>
   </I18N_TPOOL>
  </asx:values>
 </asx:abap>
</abapGit>
