﻿<?xml version="1.0" encoding="utf-8"?>
<abapGit version="v1.0.0" serializer="LCL_OBJECT_PROG" serializer_version="v1.0.0">
 <asx:abap xmlns:asx="http://www.sap.com/abapxml" version="1.0">
  <asx:values>
   <PROGDIR>
    <NAME>ZSAPBC480_COURSE_PREPARATION</NAME>
    <STATE>A</STATE>
    <VARCL>X</VARCL>
    <SUBC>1</SUBC>
    <RLOAD>E</RLOAD>
    <FIXPT>X</FIXPT>
    <UCCHECK>X</UCCHECK>
   </PROGDIR>
   <TPOOL>
    <item>
     <ID>I</ID>
     <KEY>DUN</KEY>
     <ENTRY>entries deleted from table MHNK.</ENTRY>
     <LENGTH>50</LENGTH>
    </item>
    <item>
     <ID>I</ID>
     <KEY>FLY</KEY>
     <ENTRY>New or modified entry for Fly &amp; Smile added to STRAVELAG:</ENTRY>
     <LENGTH>70</LENGTH>
    </item>
    <item>
     <ID>I</ID>
     <KEY>NOD</KEY>
     <ENTRY>Dunning table MHNK does not exist</ENTRY>
     <LENGTH>50</LENGTH>
    </item>
    <item>
     <ID>R</ID>
     <ENTRY>Preparations for class BC480</ENTRY>
     <LENGTH>28</LENGTH>
    </item>
    <item>
     <ID>S</ID>
     <KEY>P_DUNN</KEY>
     <ENTRY>Dunning table MHNK</ENTRY>
     <LENGTH>26</LENGTH>
    </item>
    <item>
     <ID>S</ID>
     <KEY>P_SCUST</KEY>
     <ENTRY>Customer table SCUSTOM</ENTRY>
     <LENGTH>30</LENGTH>
    </item>
    <item>
     <ID>S</ID>
     <KEY>P_TEXT</KEY>
     <ENTRY>SAPscript texts from clnt. 800</ENTRY>
     <LENGTH>38</LENGTH>
    </item>
    <item>
     <ID>S</ID>
     <KEY>P_TRAV</KEY>
     <ENTRY>Travel agency Fly &amp; Smile</ENTRY>
     <LENGTH>33</LENGTH>
    </item>
   </TPOOL>
   <I18N_TPOOL>
    <item>
     <LANGUAGE>D</LANGUAGE>
     <TEXTPOOL>
      <item>
       <ID>I</ID>
       <KEY>DUN</KEY>
       <ENTRY>Einträge aus Tabelle MHNK gelöscht</ENTRY>
       <LENGTH>50</LENGTH>
      </item>
      <item>
       <ID>I</ID>
       <KEY>FLY</KEY>
       <ENTRY>Neuer oder geänderter Eintrag für Reiseagentur Fly &amp; Smile:</ENTRY>
       <LENGTH>70</LENGTH>
      </item>
      <item>
       <ID>I</ID>
       <KEY>NOD</KEY>
       <ENTRY>Mahntabelle MHNK existiert nicht</ENTRY>
       <LENGTH>50</LENGTH>
      </item>
      <item>
       <ID>R</ID>
       <ENTRY>Vorbereitungen für den Kurs BC480</ENTRY>
       <LENGTH>33</LENGTH>
      </item>
      <item>
       <ID>S</ID>
       <KEY>P_DUNN</KEY>
       <ENTRY>Mahntabelle MHNK</ENTRY>
       <LENGTH>26</LENGTH>
      </item>
      <item>
       <ID>S</ID>
       <KEY>P_SCUST</KEY>
       <ENTRY>Kundentabelle SCUSTOM</ENTRY>
       <LENGTH>30</LENGTH>
      </item>
      <item>
       <ID>S</ID>
       <KEY>P_TEXT</KEY>
       <ENTRY>SAPscript-Texte aus Mdt. 800</ENTRY>
       <LENGTH>38</LENGTH>
      </item>
      <item>
       <ID>S</ID>
       <KEY>P_TRAV</KEY>
       <ENTRY>Reisebüro Fly &amp; Smile</ENTRY>
       <LENGTH>33</LENGTH>
      </item>
     </TEXTPOOL>
    </item>
   </I18N_TPOOL>
  </asx:values>
 </asx:abap>
</abapGit>
