﻿<?xml version="1.0" encoding="utf-8"?>
<abapGit version="v1.0.0" serializer="LCL_OBJECT_PROG" serializer_version="v1.0.0">
 <asx:abap xmlns:asx="http://www.sap.com/abapxml" version="1.0">
  <asx:values>
   <PROGDIR>
    <NAME>ZSAPBC480_DEMO</NAME>
    <STATE>A</STATE>
    <VARCL>X</VARCL>
    <SUBC>1</SUBC>
    <RLOAD>E</RLOAD>
    <FIXPT>X</FIXPT>
    <UCCHECK>X</UCCHECK>
   </PROGDIR>
   <TPOOL>
    <item>
     <ID>I</ID>
     <KEY>ADV</KEY>
     <ENTRY>Advanced functions</ENTRY>
     <LENGTH>30</LENGTH>
    </item>
    <item>
     <ID>I</ID>
     <KEY>CHO</KEY>
     <ENTRY>Choose graphic file</ENTRY>
     <LENGTH>25</LENGTH>
    </item>
    <item>
     <ID>I</ID>
     <KEY>DOW</KEY>
     <ENTRY>Select download directory</ENTRY>
     <LENGTH>40</LENGTH>
    </item>
    <item>
     <ID>I</ID>
     <KEY>EBA</KEY>
     <ENTRY>Download not possible in background</ENTRY>
     <LENGTH>35</LENGTH>
    </item>
    <item>
     <ID>I</ID>
     <KEY>FIL</KEY>
     <ENTRY>Interactive features, but no Reader rights</ENTRY>
     <LENGTH>65</LENGTH>
    </item>
    <item>
     <ID>I</ID>
     <KEY>IDS</KEY>
     <ENTRY>Number of spool IDs created:</ENTRY>
     <LENGTH>40</LENGTH>
    </item>
    <item>
     <ID>I</ID>
     <KEY>INT</KEY>
     <ENTRY>Interactive features</ENTRY>
     <LENGTH>30</LENGTH>
    </item>
    <item>
     <ID>I</ID>
     <KEY>NOA</KEY>
     <ENTRY>No advanced functions</ENTRY>
     <LENGTH>30</LENGTH>
    </item>
    <item>
     <ID>I</ID>
     <KEY>NOF</KEY>
     <ENTRY>No interactive features</ENTRY>
     <LENGTH>65</LENGTH>
    </item>
    <item>
     <ID>I</ID>
     <KEY>RIG</KEY>
     <ENTRY>Interactive features with Reader rights</ENTRY>
     <LENGTH>65</LENGTH>
    </item>
    <item>
     <ID>I</ID>
     <KEY>S10</KEY>
     <ENTRY>if you have created the form in several languages</ENTRY>
     <LENGTH>70</LENGTH>
    </item>
    <item>
     <ID>I</ID>
     <KEY>S11</KEY>
     <ENTRY>The sending country determines only one thing:</ENTRY>
     <LENGTH>70</LENGTH>
    </item>
    <item>
     <ID>I</ID>
     <KEY>S12</KEY>
     <ENTRY>If the mail is treated as domestic or international</ENTRY>
     <LENGTH>70</LENGTH>
    </item>
    <item>
     <ID>I</ID>
     <KEY>SE1</KEY>
     <ENTRY>Data source</ENTRY>
     <LENGTH>25</LENGTH>
    </item>
    <item>
     <ID>I</ID>
     <KEY>SE2</KEY>
     <ENTRY>Language/Country</ENTRY>
     <LENGTH>25</LENGTH>
    </item>
    <item>
     <ID>I</ID>
     <KEY>SE3</KEY>
     <ENTRY>Processing settings</ENTRY>
     <LENGTH>25</LENGTH>
    </item>
    <item>
     <ID>I</ID>
     <KEY>SE4</KEY>
     <ENTRY>Sundries</ENTRY>
     <LENGTH>25</LENGTH>
    </item>
    <item>
     <ID>I</ID>
     <KEY>SE5</KEY>
     <ENTRY>Locale for form (language, date format, decimal format, ...)</ENTRY>
     <LENGTH>70</LENGTH>
    </item>
    <item>
     <ID>I</ID>
     <KEY>SE6</KEY>
     <ENTRY>Override recipient&apos;s country/language</ENTRY>
     <LENGTH>50</LENGTH>
    </item>
    <item>
     <ID>I</ID>
     <KEY>SE7</KEY>
     <ENTRY>Image from intranet</ENTRY>
     <LENGTH>40</LENGTH>
    </item>
    <item>
     <ID>I</ID>
     <KEY>SE8</KEY>
     <ENTRY>Image from Internet</ENTRY>
     <LENGTH>40</LENGTH>
    </item>
    <item>
     <ID>I</ID>
     <KEY>SE9</KEY>
     <ENTRY>Overriding the form language for test purposes makes sense</ENTRY>
     <LENGTH>70</LENGTH>
    </item>
    <item>
     <ID>R</ID>
     <ENTRY>Demo Application for Form Printing With PDF-Based Forms</ENTRY>
     <LENGTH>55</LENGTH>
    </item>
    <item>
     <ID>S</ID>
     <KEY>PA_ADDR</KEY>
     <ENTRY>Mail address</ENTRY>
     <LENGTH>20</LENGTH>
    </item>
    <item>
     <ID>S</ID>
     <KEY>PA_ANY</KEY>
     <ENTRY>Determine customers yourself</ENTRY>
     <LENGTH>36</LENGTH>
    </item>
    <item>
     <ID>S</ID>
     <KEY>PA_CNFIX</KEY>
     <ENTRY>Override country/language</ENTRY>
     <LENGTH>33</LENGTH>
    </item>
    <item>
     <ID>S</ID>
     <KEY>PA_CNTRY</KEY>
     <ENTRY>Country</ENTRY>
     <LENGTH>15</LENGTH>
    </item>
    <item>
     <ID>S</ID>
     <KEY>PA_DB</KEY>
     <ENTRY>Bookings from database</ENTRY>
     <LENGTH>30</LENGTH>
    </item>
    <item>
     <ID>S</ID>
     <KEY>PA_FAX</KEY>
     <ENTRY>Send PDF as fax</ENTRY>
     <LENGTH>23</LENGTH>
    </item>
    <item>
     <ID>S</ID>
     <KEY>PA_FAXCT</KEY>
     <ENTRY>Fax country</ENTRY>
     <LENGTH>19</LENGTH>
    </item>
    <item>
     <ID>S</ID>
     <KEY>PA_FAXNO</KEY>
     <ENTRY>Fax number</ENTRY>
     <LENGTH>18</LENGTH>
    </item>
    <item>
     <ID>S</ID>
     <KEY>PA_FILL</KEY>
     <ENTRY>Interactive, no Reader rights</ENTRY>
     <LENGTH>37</LENGTH>
    </item>
    <item>
     <ID>S</ID>
     <KEY>PA_FORM</KEY>
     <ENTRY>Form</ENTRY>
     <LENGTH>12</LENGTH>
    </item>
    <item>
     <ID>S</ID>
     <KEY>PA_FOUR</KEY>
     <ENTRY>Customers of 4 countries</ENTRY>
     <LENGTH>32</LENGTH>
    </item>
    <item>
     <ID>S</ID>
     <KEY>PA_GUI</KEY>
     <ENTRY>Download PDF on PC</ENTRY>
     <LENGTH>26</LENGTH>
    </item>
    <item>
     <ID>S</ID>
     <KEY>PA_IMAGE</KEY>
     <ENTRY>Image file on PC</ENTRY>
     <LENGTH>24</LENGTH>
    </item>
    <item>
     <ID>S</ID>
     <KEY>PA_LANG</KEY>
     <ENTRY>Language</ENTRY>
     <LENGTH>16</LENGTH>
    </item>
    <item>
     <ID>S</ID>
     <KEY>PA_MAIL</KEY>
     <ENTRY>Send PDF as mail</ENTRY>
     <LENGTH>24</LENGTH>
    </item>
    <item>
     <ID>S</ID>
     <KEY>PA_NEWID</KEY>
     <ENTRY>New spool ID</ENTRY>
     <LENGTH>20</LENGTH>
    </item>
    <item>
     <ID>S</ID>
     <KEY>PA_NODLG</KEY>
     <ENTRY>Suppress print dialog</ENTRY>
     <LENGTH>29</LENGTH>
    </item>
    <item>
     <ID>S</ID>
     <KEY>PA_NOFIL</KEY>
     <ENTRY>No interactive features</ENTRY>
     <LENGTH>31</LENGTH>
    </item>
    <item>
     <ID>S</ID>
     <KEY>PA_NOPDF</KEY>
     <ENTRY>No PDF (speed up performance)</ENTRY>
     <LENGTH>37</LENGTH>
    </item>
    <item>
     <ID>S</ID>
     <KEY>PA_NO_DB</KEY>
     <ENTRY>Determine number of bookings</ENTRY>
     <LENGTH>36</LENGTH>
    </item>
    <item>
     <ID>S</ID>
     <KEY>PA_NUMB</KEY>
     <ENTRY>Number of random bookings</ENTRY>
     <LENGTH>33</LENGTH>
    </item>
    <item>
     <ID>S</ID>
     <KEY>PA_PATH</KEY>
     <ENTRY>Download path (NOT file name)</ENTRY>
     <LENGTH>37</LENGTH>
    </item>
    <item>
     <ID>S</ID>
     <KEY>PA_PREV</KEY>
     <ENTRY>Print preview</ENTRY>
     <LENGTH>21</LENGTH>
    </item>
    <item>
     <ID>S</ID>
     <KEY>PA_PRNT</KEY>
     <ENTRY>Printer</ENTRY>
     <LENGTH>15</LENGTH>
    </item>
    <item>
     <ID>S</ID>
     <KEY>PA_RFC</KEY>
     <ENTRY>RFC Dest. of Adobe doc. serv.</ENTRY>
     <LENGTH>37</LENGTH>
    </item>
    <item>
     <ID>S</ID>
     <KEY>PA_RIGHT</KEY>
     <ENTRY>Interactive a. Reader rights</ENTRY>
     <LENGTH>38</LENGTH>
    </item>
    <item>
     <ID>S</ID>
     <KEY>PA_SEND</KEY>
     <ENTRY>Sending country (for address)</ENTRY>
     <LENGTH>37</LENGTH>
    </item>
    <item>
     <ID>S</ID>
     <KEY>PA_SFTXT</KEY>
     <ENTRY>Smart Forms text module</ENTRY>
     <LENGTH>31</LENGTH>
    </item>
    <item>
     <ID>S</ID>
     <KEY>PA_SO10</KEY>
     <ENTRY>SAPscript text</ENTRY>
     <LENGTH>22</LENGTH>
    </item>
    <item>
     <ID>S</ID>
     <KEY>PA_SPOOL</KEY>
     <ENTRY>Spool processing</ENTRY>
     <LENGTH>24</LENGTH>
    </item>
    <item>
     <ID>S</ID>
     <KEY>PA_TAG</KEY>
     <ENTRY>Tagged PDF</ENTRY>
     <LENGTH>18</LENGTH>
    </item>
    <item>
     <ID>S</ID>
     <KEY>PA_URL</KEY>
     <ENTRY>Image URL</ENTRY>
     <LENGTH>37</LENGTH>
    </item>
    <item>
     <ID>S</ID>
     <KEY>PA_XFP</KEY>
     <ENTRY>XFP (for external tools)</ENTRY>
     <LENGTH>33</LENGTH>
    </item>
    <item>
     <ID>S</ID>
     <KEY>SO_CUSID</KEY>
     <ENTRY>Customer number</ENTRY>
     <LENGTH>23</LENGTH>
    </item>
   </TPOOL>
   <I18N_TPOOL>
    <item>
     <LANGUAGE>D</LANGUAGE>
     <TEXTPOOL>
      <item>
       <ID>I</ID>
       <KEY>ADV</KEY>
       <ENTRY>Zusatzfunktionen</ENTRY>
       <LENGTH>30</LENGTH>
      </item>
      <item>
       <ID>I</ID>
       <KEY>CHO</KEY>
       <ENTRY>Graphikdatei wählen</ENTRY>
       <LENGTH>25</LENGTH>
      </item>
      <item>
       <ID>I</ID>
       <KEY>DOW</KEY>
       <ENTRY>Bitte Downloadverzeichnis wählen</ENTRY>
       <LENGTH>40</LENGTH>
      </item>
      <item>
       <ID>I</ID>
       <KEY>EBA</KEY>
       <ENTRY>Download unmöglich im Hintergrund</ENTRY>
       <LENGTH>35</LENGTH>
      </item>
      <item>
       <ID>I</ID>
       <KEY>FIL</KEY>
       <ENTRY>Interaktive Funktionen, aber keine Reader rights</ENTRY>
       <LENGTH>65</LENGTH>
      </item>
      <item>
       <ID>I</ID>
       <KEY>IDS</KEY>
       <ENTRY>Anzahl der erzeugten Spool-IDs:</ENTRY>
       <LENGTH>40</LENGTH>
      </item>
      <item>
       <ID>I</ID>
       <KEY>INT</KEY>
       <ENTRY>Interaktive Funktionen</ENTRY>
       <LENGTH>30</LENGTH>
      </item>
      <item>
       <ID>I</ID>
       <KEY>NOA</KEY>
       <ENTRY>Keine Zusatzfunktionen</ENTRY>
       <LENGTH>30</LENGTH>
      </item>
      <item>
       <ID>I</ID>
       <KEY>NOF</KEY>
       <ENTRY>Keine interaktiven Funktionen</ENTRY>
       <LENGTH>65</LENGTH>
      </item>
      <item>
       <ID>I</ID>
       <KEY>RIG</KEY>
       <ENTRY>Interaktive Funktionen mit Reader rights</ENTRY>
       <LENGTH>65</LENGTH>
      </item>
      <item>
       <ID>I</ID>
       <KEY>S10</KEY>
       <ENTRY>falls Sie das Formular in verschiedenen Sprachen angelegt haben</ENTRY>
       <LENGTH>70</LENGTH>
      </item>
      <item>
       <ID>I</ID>
       <KEY>S11</KEY>
       <ENTRY>Das Absenderland bestimmt nur eine Sache:</ENTRY>
       <LENGTH>70</LENGTH>
      </item>
      <item>
       <ID>I</ID>
       <KEY>S12</KEY>
       <ENTRY>Ob das Dokument als Inlands- oder Auslandspost versendet wird.</ENTRY>
       <LENGTH>70</LENGTH>
      </item>
      <item>
       <ID>I</ID>
       <KEY>SE1</KEY>
       <ENTRY>Datenquelle</ENTRY>
       <LENGTH>25</LENGTH>
      </item>
      <item>
       <ID>I</ID>
       <KEY>SE2</KEY>
       <ENTRY>Sprache/Land</ENTRY>
       <LENGTH>25</LENGTH>
      </item>
      <item>
       <ID>I</ID>
       <KEY>SE3</KEY>
       <ENTRY>Prozessierungseinstellung</ENTRY>
       <LENGTH>25</LENGTH>
      </item>
      <item>
       <ID>I</ID>
       <KEY>SE4</KEY>
       <ENTRY>Diverses</ENTRY>
       <LENGTH>25</LENGTH>
      </item>
      <item>
       <ID>I</ID>
       <KEY>SE5</KEY>
       <ENTRY>Schauplatz für Formular (Sprache, Datumsformat, Dezimalformat, ...)</ENTRY>
       <LENGTH>70</LENGTH>
      </item>
      <item>
       <ID>I</ID>
       <KEY>SE6</KEY>
       <ENTRY>Land/Sprache des Kunden übersteuern</ENTRY>
       <LENGTH>50</LENGTH>
      </item>
      <item>
       <ID>I</ID>
       <KEY>SE7</KEY>
       <ENTRY>Graphik aus dem Intranet</ENTRY>
       <LENGTH>40</LENGTH>
      </item>
      <item>
       <ID>I</ID>
       <KEY>SE8</KEY>
       <ENTRY>Graphik aus dem Internet</ENTRY>
       <LENGTH>40</LENGTH>
      </item>
      <item>
       <ID>I</ID>
       <KEY>SE9</KEY>
       <ENTRY>Das testweise Überschreiben der Formularsprache macht Sinn</ENTRY>
       <LENGTH>70</LENGTH>
      </item>
      <item>
       <ID>R</ID>
       <ENTRY>Demoanwendung für Formulardruck mit der Lösung Interactive Forms</ENTRY>
       <LENGTH>70</LENGTH>
      </item>
      <item>
       <ID>S</ID>
       <KEY>PA_ADDR</KEY>
       <ENTRY>Mailadresse</ENTRY>
       <LENGTH>20</LENGTH>
      </item>
      <item>
       <ID>S</ID>
       <KEY>PA_ANY</KEY>
       <ENTRY>Kunden selbst bestimmen</ENTRY>
       <LENGTH>36</LENGTH>
      </item>
      <item>
       <ID>S</ID>
       <KEY>PA_CNFIX</KEY>
       <ENTRY>Land/Sprache übersteuern</ENTRY>
       <LENGTH>33</LENGTH>
      </item>
      <item>
       <ID>S</ID>
       <KEY>PA_CNTRY</KEY>
       <ENTRY>Land</ENTRY>
       <LENGTH>15</LENGTH>
      </item>
      <item>
       <ID>S</ID>
       <KEY>PA_DB</KEY>
       <ENTRY>Buchungen von der Datenbank</ENTRY>
       <LENGTH>35</LENGTH>
      </item>
      <item>
       <ID>S</ID>
       <KEY>PA_FAX</KEY>
       <ENTRY>PDF als Fax senden</ENTRY>
       <LENGTH>26</LENGTH>
      </item>
      <item>
       <ID>S</ID>
       <KEY>PA_FAXCT</KEY>
       <ENTRY>Faxland</ENTRY>
       <LENGTH>19</LENGTH>
      </item>
      <item>
       <ID>S</ID>
       <KEY>PA_FAXNO</KEY>
       <ENTRY>Faxnummer</ENTRY>
       <LENGTH>18</LENGTH>
      </item>
      <item>
       <ID>S</ID>
       <KEY>PA_FILL</KEY>
       <ENTRY>Interaktiv ohne Reader rights</ENTRY>
       <LENGTH>37</LENGTH>
      </item>
      <item>
       <ID>S</ID>
       <KEY>PA_FORM</KEY>
       <ENTRY>Formular</ENTRY>
       <LENGTH>16</LENGTH>
      </item>
      <item>
       <ID>S</ID>
       <KEY>PA_FOUR</KEY>
       <ENTRY>Kunden aus 4 Ländern</ENTRY>
       <LENGTH>32</LENGTH>
      </item>
      <item>
       <ID>S</ID>
       <KEY>PA_GUI</KEY>
       <ENTRY>PDF auf PC speichern</ENTRY>
       <LENGTH>28</LENGTH>
      </item>
      <item>
       <ID>S</ID>
       <KEY>PA_IMAGE</KEY>
       <ENTRY>Graphikdatei auf PC</ENTRY>
       <LENGTH>27</LENGTH>
      </item>
      <item>
       <ID>S</ID>
       <KEY>PA_LANG</KEY>
       <ENTRY>Sprache</ENTRY>
       <LENGTH>16</LENGTH>
      </item>
      <item>
       <ID>S</ID>
       <KEY>PA_MAIL</KEY>
       <ENTRY>PDF als Mail senden</ENTRY>
       <LENGTH>27</LENGTH>
      </item>
      <item>
       <ID>S</ID>
       <KEY>PA_NEWID</KEY>
       <ENTRY>Neue Spool-ID</ENTRY>
       <LENGTH>21</LENGTH>
      </item>
      <item>
       <ID>S</ID>
       <KEY>PA_NODLG</KEY>
       <ENTRY>Druckdialog unterdrücken</ENTRY>
       <LENGTH>32</LENGTH>
      </item>
      <item>
       <ID>S</ID>
       <KEY>PA_NOFIL</KEY>
       <ENTRY>Keine interaktive Funktionen</ENTRY>
       <LENGTH>36</LENGTH>
      </item>
      <item>
       <ID>S</ID>
       <KEY>PA_NOPDF</KEY>
       <ENTRY>Kein PDF (bessere Performance)</ENTRY>
       <LENGTH>38</LENGTH>
      </item>
      <item>
       <ID>S</ID>
       <KEY>PA_NO_DB</KEY>
       <ENTRY>Anzahl Buchungen bestimmen</ENTRY>
       <LENGTH>36</LENGTH>
      </item>
      <item>
       <ID>S</ID>
       <KEY>PA_NUMB</KEY>
       <ENTRY>Anzahl willkürlicher Buchungen</ENTRY>
       <LENGTH>38</LENGTH>
      </item>
      <item>
       <ID>S</ID>
       <KEY>PA_PATH</KEY>
       <ENTRY>Downloadpfad (NICHT Dateiname)</ENTRY>
       <LENGTH>38</LENGTH>
      </item>
      <item>
       <ID>S</ID>
       <KEY>PA_PREV</KEY>
       <ENTRY>Druckvorschau</ENTRY>
       <LENGTH>21</LENGTH>
      </item>
      <item>
       <ID>S</ID>
       <KEY>PA_PRNT</KEY>
       <ENTRY>Drucker</ENTRY>
       <LENGTH>15</LENGTH>
      </item>
      <item>
       <ID>S</ID>
       <KEY>PA_RFC</KEY>
       <ENTRY>RFC Dest. der Adobe doc. serv.</ENTRY>
       <LENGTH>38</LENGTH>
      </item>
      <item>
       <ID>S</ID>
       <KEY>PA_RIGHT</KEY>
       <ENTRY>Interaktiv mit Reader rights</ENTRY>
       <LENGTH>38</LENGTH>
      </item>
      <item>
       <ID>S</ID>
       <KEY>PA_SEND</KEY>
       <ENTRY>Absenderland (für Kundenadr.)</ENTRY>
       <LENGTH>37</LENGTH>
      </item>
      <item>
       <ID>S</ID>
       <KEY>PA_SFTXT</KEY>
       <ENTRY>Smart-Forms-Textbaustein</ENTRY>
       <LENGTH>32</LENGTH>
      </item>
      <item>
       <ID>S</ID>
       <KEY>PA_SO10</KEY>
       <ENTRY>SAPscript-Text</ENTRY>
       <LENGTH>22</LENGTH>
      </item>
      <item>
       <ID>S</ID>
       <KEY>PA_SPOOL</KEY>
       <ENTRY>Spoolprozessierung</ENTRY>
       <LENGTH>26</LENGTH>
      </item>
      <item>
       <ID>S</ID>
       <KEY>PA_TAG</KEY>
       <ENTRY>Getaggtes PDF</ENTRY>
       <LENGTH>21</LENGTH>
      </item>
      <item>
       <ID>S</ID>
       <KEY>PA_URL</KEY>
       <ENTRY>Graphik-URL</ENTRY>
       <LENGTH>37</LENGTH>
      </item>
      <item>
       <ID>S</ID>
       <KEY>PA_XFP</KEY>
       <ENTRY>XFP (für externe Tools)</ENTRY>
       <LENGTH>33</LENGTH>
      </item>
      <item>
       <ID>S</ID>
       <KEY>SO_CUSID</KEY>
       <ENTRY>Kundennummer</ENTRY>
       <LENGTH>23</LENGTH>
      </item>
     </TEXTPOOL>
    </item>
   </I18N_TPOOL>
  </asx:values>
 </asx:abap>
</abapGit>
