﻿<?xml version="1.0" encoding="utf-8"?>
<abapGit version="v1.0.0" serializer="LCL_OBJECT_PROG" serializer_version="v1.0.0">
 <asx:abap xmlns:asx="http://www.sap.com/abapxml" version="1.0">
  <asx:values>
   <PROGDIR>
    <NAME>ZSAPBC480_TEMPLATE</NAME>
    <STATE>A</STATE>
    <VARCL>X</VARCL>
    <SUBC>1</SUBC>
    <RLOAD>E</RLOAD>
    <FIXPT>X</FIXPT>
    <UCCHECK>X</UCCHECK>
   </PROGDIR>
   <TPOOL>
    <item>
     <ID>I</ID>
     <KEY>SE7</KEY>
     <ENTRY>Image from intranet</ENTRY>
     <LENGTH>40</LENGTH>
    </item>
    <item>
     <ID>I</ID>
     <KEY>SE8</KEY>
     <ENTRY>Image from Internet</ENTRY>
     <LENGTH>40</LENGTH>
    </item>
    <item>
     <ID>R</ID>
     <ENTRY>Template for Exercise: Integrating PDF-Based Forms Into ABAP</ENTRY>
     <LENGTH>60</LENGTH>
    </item>
    <item>
     <ID>S</ID>
     <KEY>PA_CNTRY</KEY>
     <ENTRY>Country</ENTRY>
     <LENGTH>15</LENGTH>
    </item>
    <item>
     <ID>S</ID>
     <KEY>PA_FORM</KEY>
     <ENTRY>Form</ENTRY>
     <LENGTH>12</LENGTH>
    </item>
    <item>
     <ID>S</ID>
     <KEY>PA_LANG</KEY>
     <ENTRY>Language</ENTRY>
     <LENGTH>16</LENGTH>
    </item>
    <item>
     <ID>S</ID>
     <KEY>PA_SEND</KEY>
     <ENTRY>Sending country</ENTRY>
     <LENGTH>23</LENGTH>
    </item>
    <item>
     <ID>S</ID>
     <KEY>PA_URL</KEY>
     <ENTRY>Image URL</ENTRY>
     <LENGTH>37</LENGTH>
    </item>
    <item>
     <ID>S</ID>
     <KEY>SO_CAR</KEY>
     <ENTRY>Airline</ENTRY>
     <LENGTH>15</LENGTH>
     <SPLIT>D</SPLIT>
    </item>
    <item>
     <ID>S</ID>
     <KEY>SO_CUSID</KEY>
     <ENTRY>Customer number</ENTRY>
     <LENGTH>23</LENGTH>
    </item>
   </TPOOL>
   <I18N_TPOOL>
    <item>
     <LANGUAGE>D</LANGUAGE>
     <TEXTPOOL>
      <item>
       <ID>I</ID>
       <KEY>SE7</KEY>
       <ENTRY>Graphik aus dem Intranet</ENTRY>
       <LENGTH>40</LENGTH>
      </item>
      <item>
       <ID>I</ID>
       <KEY>SE8</KEY>
       <ENTRY>Graphik aus dem Internet</ENTRY>
       <LENGTH>40</LENGTH>
      </item>
      <item>
       <ID>R</ID>
       <ENTRY>Vorlage zur Übung: Integration PDF-basierter Formulare in ABAP</ENTRY>
       <LENGTH>70</LENGTH>
      </item>
      <item>
       <ID>S</ID>
       <KEY>PA_CNTRY</KEY>
       <ENTRY>Land</ENTRY>
       <LENGTH>15</LENGTH>
      </item>
      <item>
       <ID>S</ID>
       <KEY>PA_FORM</KEY>
       <ENTRY>Formular</ENTRY>
       <LENGTH>16</LENGTH>
      </item>
      <item>
       <ID>S</ID>
       <KEY>PA_LANG</KEY>
       <ENTRY>Sprache</ENTRY>
       <LENGTH>16</LENGTH>
      </item>
      <item>
       <ID>S</ID>
       <KEY>PA_SEND</KEY>
       <ENTRY>Absenderland</ENTRY>
       <LENGTH>23</LENGTH>
      </item>
      <item>
       <ID>S</ID>
       <KEY>PA_URL</KEY>
       <ENTRY>Graphik-URL</ENTRY>
       <LENGTH>37</LENGTH>
      </item>
      <item>
       <ID>S</ID>
       <KEY>SO_CAR</KEY>
       <ENTRY>Fluggesellschaft</ENTRY>
       <LENGTH>24</LENGTH>
       <SPLIT>D</SPLIT>
      </item>
      <item>
       <ID>S</ID>
       <KEY>SO_CUSID</KEY>
       <ENTRY>Kundennummer</ENTRY>
       <LENGTH>23</LENGTH>
      </item>
     </TEXTPOOL>
    </item>
   </I18N_TPOOL>
  </asx:values>
 </asx:abap>
</abapGit>
