﻿<?xml version="1.0" encoding="utf-8"?>
<abapGit version="v1.0.0" serializer="LCL_OBJECT_PROG" serializer_version="v1.0.0">
 <asx:abap xmlns:asx="http://www.sap.com/abapxml" version="1.0">
  <asx:values>
   <PROGDIR>
    <NAME>ZSAPBC480_XML_DISPLAY</NAME>
    <STATE>A</STATE>
    <VARCL>X</VARCL>
    <SUBC>1</SUBC>
    <RLOAD>E</RLOAD>
    <FIXPT>X</FIXPT>
    <UCCHECK>X</UCCHECK>
   </PROGDIR>
   <TPOOL>
    <item>
     <ID>I</ID>
     <KEY>DIM</KEY>
     <ENTRY>Display language = master language:</ENTRY>
     <LENGTH>40</LENGTH>
    </item>
    <item>
     <ID>I</ID>
     <KEY>DIS</KEY>
     <ENTRY>Display language:</ENTRY>
     <LENGTH>20</LENGTH>
    </item>
    <item>
     <ID>I</ID>
     <KEY>DOW</KEY>
     <ENTRY>Select download directory</ENTRY>
     <LENGTH>40</LENGTH>
    </item>
    <item>
     <ID>I</ID>
     <KEY>MAS</KEY>
     <ENTRY>Master language:</ENTRY>
     <LENGTH>20</LENGTH>
    </item>
    <item>
     <ID>I</ID>
     <KEY>NOL</KEY>
     <ENTRY>Form is not available in language</ENTRY>
     <LENGTH>40</LENGTH>
    </item>
    <item>
     <ID>R</ID>
     <ENTRY>XML Structures of FP Objects</ENTRY>
     <LENGTH>28</LENGTH>
    </item>
    <item>
     <ID>S</ID>
     <KEY>PA_CON</KEY>
     <ENTRY>Form</ENTRY>
     <LENGTH>12</LENGTH>
    </item>
    <item>
     <ID>S</ID>
     <KEY>PA_GUI</KEY>
     <ENTRY>Download on PC (as hex file!)</ENTRY>
     <LENGTH>37</LENGTH>
    </item>
    <item>
     <ID>S</ID>
     <KEY>PA_IF</KEY>
     <ENTRY>Interface</ENTRY>
     <LENGTH>17</LENGTH>
    </item>
    <item>
     <ID>S</ID>
     <KEY>PA_LANG</KEY>
     <ENTRY>Language</ENTRY>
     <LENGTH>16</LENGTH>
    </item>
    <item>
     <ID>S</ID>
     <KEY>PA_LAY</KEY>
     <ENTRY>Form</ENTRY>
     <LENGTH>12</LENGTH>
    </item>
    <item>
     <ID>S</ID>
     <KEY>PA_LIST</KEY>
     <ENTRY>List display</ENTRY>
     <LENGTH>20</LENGTH>
    </item>
    <item>
     <ID>S</ID>
     <KEY>PA_PATH</KEY>
     <ENTRY>Download path (NOT file name)</ENTRY>
     <LENGTH>37</LENGTH>
    </item>
    <item>
     <ID>S</ID>
     <KEY>RAD_CON</KEY>
     <ENTRY>Show context</ENTRY>
     <LENGTH>20</LENGTH>
    </item>
    <item>
     <ID>S</ID>
     <KEY>RAD_IF</KEY>
     <ENTRY>Show interface</ENTRY>
     <LENGTH>22</LENGTH>
    </item>
    <item>
     <ID>S</ID>
     <KEY>RAD_LAY</KEY>
     <ENTRY>Show layout</ENTRY>
     <LENGTH>19</LENGTH>
    </item>
   </TPOOL>
   <I18N_TPOOL>
    <item>
     <LANGUAGE>D</LANGUAGE>
     <TEXTPOOL>
      <item>
       <ID>I</ID>
       <KEY>DIM</KEY>
       <ENTRY>Anzeigesprache = Mastersprache:</ENTRY>
       <LENGTH>40</LENGTH>
      </item>
      <item>
       <ID>I</ID>
       <KEY>DIS</KEY>
       <ENTRY>Anzeigesprache:</ENTRY>
       <LENGTH>20</LENGTH>
      </item>
      <item>
       <ID>I</ID>
       <KEY>MAS</KEY>
       <ENTRY>Mastersprache::</ENTRY>
       <LENGTH>20</LENGTH>
      </item>
      <item>
       <ID>I</ID>
       <KEY>NOL</KEY>
       <ENTRY>Form nicht vorhanden in der Sprache</ENTRY>
       <LENGTH>40</LENGTH>
      </item>
      <item>
       <ID>R</ID>
       <ENTRY>XML-Strukturen von PDF-Objekten</ENTRY>
       <LENGTH>31</LENGTH>
      </item>
      <item>
       <ID>S</ID>
       <KEY>PA_CON</KEY>
       <ENTRY>Formular</ENTRY>
       <LENGTH>16</LENGTH>
      </item>
      <item>
       <ID>S</ID>
       <KEY>PA_GUI</KEY>
       <ENTRY>Download auf PC (hexadezimal)</ENTRY>
       <LENGTH>37</LENGTH>
      </item>
      <item>
       <ID>S</ID>
       <KEY>PA_IF</KEY>
       <ENTRY>Interface</ENTRY>
       <LENGTH>17</LENGTH>
      </item>
      <item>
       <ID>S</ID>
       <KEY>PA_LANG</KEY>
       <ENTRY>Sprache</ENTRY>
       <LENGTH>16</LENGTH>
      </item>
      <item>
       <ID>S</ID>
       <KEY>PA_LAY</KEY>
       <ENTRY>Formular</ENTRY>
       <LENGTH>16</LENGTH>
      </item>
      <item>
       <ID>S</ID>
       <KEY>PA_LIST</KEY>
       <ENTRY>Listenanzeige</ENTRY>
       <LENGTH>21</LENGTH>
      </item>
      <item>
       <ID>S</ID>
       <KEY>PA_PATH</KEY>
       <ENTRY>Downloadpfad (NICHT Dateiname)</ENTRY>
       <LENGTH>38</LENGTH>
      </item>
      <item>
       <ID>S</ID>
       <KEY>RAD_CON</KEY>
       <ENTRY>Kontext anzeigen</ENTRY>
       <LENGTH>24</LENGTH>
      </item>
      <item>
       <ID>S</ID>
       <KEY>RAD_IF</KEY>
       <ENTRY>Interface anzeigen</ENTRY>
       <LENGTH>26</LENGTH>
      </item>
      <item>
       <ID>S</ID>
       <KEY>RAD_LAY</KEY>
       <ENTRY>Layout anzeigen</ENTRY>
       <LENGTH>23</LENGTH>
      </item>
     </TEXTPOOL>
    </item>
   </I18N_TPOOL>
  </asx:values>
 </asx:abap>
</abapGit>
