﻿<?xml version="1.0" encoding="utf-8"?>
<abapGit version="v1.0.0" serializer="LCL_OBJECT_SXCI" serializer_version="v1.0.0">
 <asx:abap xmlns:asx="http://www.sap.com/abapxml" version="1.0">
  <asx:values>
   <SXCI>
    <IMPLEMENTATION_DATA>
     <IMP_NAME>ZBC401_IMPL</IMP_NAME>
     <TEXT>Demo Implementierung des BAdIs</TEXT>
     <IMP_CLASS>ZCL_IM_BC401_IMPL</IMP_CLASS>
     <EXIT_NAME>BADI_BC401</EXIT_NAME>
     <INTER_NAME>IF_EX_BADI_BC401</INTER_NAME>
    </IMPLEMENTATION_DATA>
   </SXCI>
  </asx:values>
 </asx:abap>
</abapGit>
