﻿<?xml version="1.0" encoding="utf-8"?>
<abapGit version="v1.0.0" serializer="LCL_OBJECT_CLAS" serializer_version="v1.0.0">
 <asx:abap xmlns:asx="http://www.sap.com/abapxml" version="1.0">
  <asx:values>
   <VSEOCLASS>
    <CLSNAME>ZCL_AIRPLANE</CLSNAME>
    <VERSION>1</VERSION>
    <LANGU>D</LANGU>
    <EXPOSURE>2</EXPOSURE>
    <STATE>1</STATE>
    <CLSCCINCL>X</CLSCCINCL>
    <FIXPT>X</FIXPT>
    <UNICODE>X</UNICODE>
   </VSEOCLASS>
   <DESCRIPTIONS>
    <SEOCOMPOTX>
     <CLSNAME>ZCL_AIRPLANE</CLSNAME>
     <CMPNAME>AIRPLANE_CREATED</CMPNAME>
     <LANGU>D</LANGU>
     <DESCRIPT>AIRPLANE_CREATED</DESCRIPT>
    </SEOCOMPOTX>
    <SEOCOMPOTX>
     <CLSNAME>ZCL_AIRPLANE</CLSNAME>
     <CMPNAME>CLASS_CONSTRUCTOR</CMPNAME>
     <LANGU>D</LANGU>
     <DESCRIPT>CLASS_CONSTRUCTOR</DESCRIPT>
    </SEOCOMPOTX>
    <SEOCOMPOTX>
     <CLSNAME>ZCL_AIRPLANE</CLSNAME>
     <CMPNAME>CONSTRUCTOR</CMPNAME>
     <LANGU>D</LANGU>
     <DESCRIPT>CONSTRUCTOR</DESCRIPT>
    </SEOCOMPOTX>
    <SEOCOMPOTX>
     <CLSNAME>ZCL_AIRPLANE</CLSNAME>
     <CMPNAME>C_POS_1</CMPNAME>
     <LANGU>D</LANGU>
     <DESCRIPT>C_POS_1</DESCRIPT>
    </SEOCOMPOTX>
    <SEOCOMPOTX>
     <CLSNAME>ZCL_AIRPLANE</CLSNAME>
     <CMPNAME>DISPLAY_ATTRIBUTES</CMPNAME>
     <LANGU>D</LANGU>
     <DESCRIPT>DISPLAY_ATTRIBUTES</DESCRIPT>
    </SEOCOMPOTX>
    <SEOCOMPOTX>
     <CLSNAME>ZCL_AIRPLANE</CLSNAME>
     <CMPNAME>DISPLAY_N_O_AIRPLANES</CMPNAME>
     <LANGU>D</LANGU>
     <DESCRIPT>DISPLAY_N_O_AIRPLANES</DESCRIPT>
    </SEOCOMPOTX>
    <SEOCOMPOTX>
     <CLSNAME>ZCL_AIRPLANE</CLSNAME>
     <CMPNAME>GET_N_O_AIRPLANES</CMPNAME>
     <LANGU>D</LANGU>
     <DESCRIPT>GET_N_O_AIRPLANES</DESCRIPT>
    </SEOCOMPOTX>
    <SEOCOMPOTX>
     <CLSNAME>ZCL_AIRPLANE</CLSNAME>
     <CMPNAME>GET_TECHNICAL_ATTRIBUTES</CMPNAME>
     <LANGU>D</LANGU>
     <DESCRIPT>GET_TECHNICAL_ATTRIBUTES</DESCRIPT>
    </SEOCOMPOTX>
    <SEOCOMPOTX>
     <CLSNAME>ZCL_AIRPLANE</CLSNAME>
     <CMPNAME>GT_PLANETYPES</CMPNAME>
     <LANGU>D</LANGU>
     <DESCRIPT>GT_PLANETYPES</DESCRIPT>
    </SEOCOMPOTX>
    <SEOCOMPOTX>
     <CLSNAME>ZCL_AIRPLANE</CLSNAME>
     <CMPNAME>GV_N_O_AIRPLANES</CMPNAME>
     <LANGU>D</LANGU>
     <DESCRIPT>GV_N_O_AIRPLANES</DESCRIPT>
    </SEOCOMPOTX>
    <SEOCOMPOTX>
     <CLSNAME>ZCL_AIRPLANE</CLSNAME>
     <CMPNAME>MV_NAME</CMPNAME>
     <LANGU>D</LANGU>
     <DESCRIPT>MV_NAME</DESCRIPT>
    </SEOCOMPOTX>
    <SEOCOMPOTX>
     <CLSNAME>ZCL_AIRPLANE</CLSNAME>
     <CMPNAME>MV_PLANETYPE</CMPNAME>
     <LANGU>D</LANGU>
     <DESCRIPT>MV_PLANETYPE</DESCRIPT>
    </SEOCOMPOTX>
    <SEOCOMPOTX>
     <CLSNAME>ZCL_AIRPLANE</CLSNAME>
     <CMPNAME>MV_TANKCAP</CMPNAME>
     <LANGU>D</LANGU>
     <DESCRIPT>MV_TANKCAP</DESCRIPT>
    </SEOCOMPOTX>
    <SEOCOMPOTX>
     <CLSNAME>ZCL_AIRPLANE</CLSNAME>
     <CMPNAME>MV_WEIGHT</CMPNAME>
     <LANGU>D</LANGU>
     <DESCRIPT>MV_WEIGHT</DESCRIPT>
    </SEOCOMPOTX>
    <SEOCOMPOTX>
     <CLSNAME>ZCL_AIRPLANE</CLSNAME>
     <CMPNAME>TY_PLANETYPES</CMPNAME>
     <LANGU>D</LANGU>
     <DESCRIPT>TY_PLANETYPES</DESCRIPT>
    </SEOCOMPOTX>
   </DESCRIPTIONS>
  </asx:values>
 </asx:abap>
</abapGit>
