﻿<?xml version="1.0" encoding="utf-8"?>
<abapGit version="v1.0.0" serializer="LCL_OBJECT_CLAS" serializer_version="v1.0.0">
 <asx:abap xmlns:asx="http://www.sap.com/abapxml" version="1.0">
  <asx:values>
   <VSEOCLASS>
    <CLSNAME>ZCL_BC401_DEMO_FILL</CLSNAME>
    <VERSION>1</VERSION>
    <LANGU>D</LANGU>
    <DESCRIPT>Fülle DB-Tabelle SVEHICLE mit Daten</DESCRIPT>
    <EXPOSURE>2</EXPOSURE>
    <STATE>1</STATE>
    <CLSFINAL>X</CLSFINAL>
    <CLSCCINCL>X</CLSCCINCL>
    <FIXPT>X</FIXPT>
    <UNICODE>X</UNICODE>
   </VSEOCLASS>
   <TPOOL>
    <item>
     <ID>I</ID>
     <KEY>001</KEY>
     <ENTRY>Tabelle ethält bereits Daten. Vorhandene Einträge löschen und Tabelle neu füllen?</ENTRY>
     <LENGTH>132</LENGTH>
    </item>
    <item>
     <ID>I</ID>
     <KEY>002</KEY>
     <ENTRY>Ja, löschen und neu anlegen</ENTRY>
     <LENGTH>30</LENGTH>
    </item>
    <item>
     <ID>I</ID>
     <KEY>003</KEY>
     <ENTRY>Nein, Programm beenden</ENTRY>
     <LENGTH>30</LENGTH>
    </item>
    <item>
     <ID>I</ID>
     <KEY>ERR</KEY>
     <ENTRY>Fehler im Persistenz- oder Transaktionsdienst</ENTRY>
     <LENGTH>50</LENGTH>
    </item>
    <item>
     <ID>I</ID>
     <KEY>SUC</KEY>
     <ENTRY>&amp;1 Datensätze erfolgreich angelegt</ENTRY>
     <LENGTH>50</LENGTH>
    </item>
   </TPOOL>
   <DESCRIPTIONS>
    <SEOCOMPOTX>
     <CLSNAME>ZCL_BC401_DEMO_FILL</CLSNAME>
     <CMPNAME>CLEAR_DBTAB</CMPNAME>
     <LANGU>D</LANGU>
     <DESCRIPT>Löschen der DB-Tabelle SVEHICLE über Agent</DESCRIPT>
    </SEOCOMPOTX>
    <SEOCOMPOTX>
     <CLSNAME>ZCL_BC401_DEMO_FILL</CLSNAME>
     <CMPNAME>CONSTRUCTOR</CMPNAME>
     <LANGU>D</LANGU>
     <DESCRIPT>CONSTRUCTOR</DESCRIPT>
    </SEOCOMPOTX>
    <SEOCOMPOTX>
     <CLSNAME>ZCL_BC401_DEMO_FILL</CLSNAME>
     <CMPNAME>DISPLAY_ERROR</CMPNAME>
     <LANGU>D</LANGU>
     <DESCRIPT>Fehlernachricht anzeigen</DESCRIPT>
    </SEOCOMPOTX>
    <SEOCOMPOTX>
     <CLSNAME>ZCL_BC401_DEMO_FILL</CLSNAME>
     <CMPNAME>DISPLAY_SUCCESS</CMPNAME>
     <LANGU>D</LANGU>
     <DESCRIPT>Erfolgsnachricht anzeigen</DESCRIPT>
    </SEOCOMPOTX>
    <SEOCOMPOTX>
     <CLSNAME>ZCL_BC401_DEMO_FILL</CLSNAME>
     <CMPNAME>END_TRANSACTION</CMPNAME>
     <LANGU>D</LANGU>
     <DESCRIPT>Transaction(=LUW) beenden, impliziert COMMIT für Datenbank</DESCRIPT>
    </SEOCOMPOTX>
    <SEOCOMPOTX>
     <CLSNAME>ZCL_BC401_DEMO_FILL</CLSNAME>
     <CMPNAME>FILL_DBTAB</CMPNAME>
     <LANGU>D</LANGU>
     <DESCRIPT>Füllen der DB-Tabelle SVEHICLE über Agent</DESCRIPT>
    </SEOCOMPOTX>
    <SEOCOMPOTX>
     <CLSNAME>ZCL_BC401_DEMO_FILL</CLSNAME>
     <CMPNAME>MAIN</CMPNAME>
     <LANGU>D</LANGU>
     <DESCRIPT>Hauptprogramm - Ausführen mit Transaktion BC401_DEMO_FILL</DESCRIPT>
    </SEOCOMPOTX>
    <SEOCOMPOTX>
     <CLSNAME>ZCL_BC401_DEMO_FILL</CLSNAME>
     <CMPNAME>MO_TRANSACTION</CMPNAME>
     <LANGU>D</LANGU>
     <DESCRIPT>Transaktionsobjekt im OO-Transaktionsmodell</DESCRIPT>
    </SEOCOMPOTX>
    <SEOCOMPOTX>
     <CLSNAME>ZCL_BC401_DEMO_FILL</CLSNAME>
     <CMPNAME>MT_VEHICLE_TYPES</CMPNAME>
     <LANGU>D</LANGU>
     <DESCRIPT>Tabelle mit Referenzen auf Persistente Objekte</DESCRIPT>
    </SEOCOMPOTX>
    <SEOCOMPOTX>
     <CLSNAME>ZCL_BC401_DEMO_FILL</CLSNAME>
     <CMPNAME>READ_DBTAB</CMPNAME>
     <LANGU>D</LANGU>
     <DESCRIPT>Lesen der DB-Tabelle SVEHICLE über Query-Dienst</DESCRIPT>
    </SEOCOMPOTX>
    <SEOCOMPOTX>
     <CLSNAME>ZCL_BC401_DEMO_FILL</CLSNAME>
     <CMPNAME>START_TRANSACTION</CMPNAME>
     <LANGU>D</LANGU>
     <DESCRIPT>Transaction(=LUW) starten</DESCRIPT>
    </SEOCOMPOTX>
   </DESCRIPTIONS>
  </asx:values>
 </asx:abap>
</abapGit>
