﻿<?xml version="1.0" encoding="utf-8"?>
<abapGit version="v1.0.0" serializer="LCL_OBJECT_CLAS" serializer_version="v1.0.0">
 <asx:abap xmlns:asx="http://www.sap.com/abapxml" version="1.0">
  <asx:values>
   <DESCRIPTIONS>
    <SEOCOMPOTX>
     <CLSNAME>ZCX_BC401_EMPTY_LIST</CLSNAME>
     <CMPNAME>CARRID</CMPNAME>
     <LANGU>D</LANGU>
     <DESCRIPT>Kurzbezeichnung der Fluggesellschaft</DESCRIPT>
    </SEOCOMPOTX>
    <SEOCOMPOTX>
     <CLSNAME>ZCX_BC401_EMPTY_LIST</CLSNAME>
     <CMPNAME>CONNID</CMPNAME>
     <LANGU>D</LANGU>
     <DESCRIPT>Code der Einzelflugverbindung</DESCRIPT>
    </SEOCOMPOTX>
    <SEOCOMPOTX>
     <CLSNAME>ZCX_BC401_EMPTY_LIST</CLSNAME>
     <CMPNAME>CONSTRUCTOR</CMPNAME>
     <LANGU>D</LANGU>
     <DESCRIPT>CONSTRUCTOR</DESCRIPT>
    </SEOCOMPOTX>
    <SEOCOMPOTX>
     <CLSNAME>ZCX_BC401_EMPTY_LIST</CLSNAME>
     <CMPNAME>FLDATE</CMPNAME>
     <LANGU>D</LANGU>
     <DESCRIPT>Flugdatum</DESCRIPT>
    </SEOCOMPOTX>
   </DESCRIPTIONS>
  </asx:values>
 </asx:abap>
</abapGit>
