﻿<?xml version="1.0" encoding="utf-8"?>
<abapGit version="v1.0.0" serializer="LCL_OBJECT_DTEL" serializer_version="v1.0.0">
 <asx:abap xmlns:asx="http://www.sap.com/abapxml" version="1.0">
  <asx:values>
   <DD04V>
    <ROLLNAME>ZS_MODEL</ROLLNAME>
    <DDLANGUAGE>D</DDLANGUAGE>
    <DOMNAME>S_MODEL</DOMNAME>
    <HEADLEN>10</HEADLEN>
    <SCRLEN1>10</SCRLEN1>
    <SCRLEN2>15</SCRLEN2>
    <SCRLEN3>31</SCRLEN3>
    <DDTEXT>Fahrzeugmodell</DDTEXT>
    <REPTEXT>Modell</REPTEXT>
    <SCRTEXT_S>Modell</SCRTEXT_S>
    <SCRTEXT_M>Fahrzeugmodell</SCRTEXT_M>
    <SCRTEXT_L>Fahrzeugmodell</SCRTEXT_L>
    <DTELMASTER>D</DTELMASTER>
    <REFKIND>D</REFKIND>
   </DD04V>
   <I18N_LANGS>
    <LANGU>E</LANGU>
   </I18N_LANGS>
   <DD04_TEXTS>
    <item>
     <DDLANGUAGE>E</DDLANGUAGE>
     <DDTEXT>Vehicle Model</DDTEXT>
     <REPTEXT>Model</REPTEXT>
     <SCRTEXT_S>Model</SCRTEXT_S>
     <SCRTEXT_M>Vehicle Model</SCRTEXT_M>
     <SCRTEXT_L>Vehicle Model</SCRTEXT_L>
    </item>
   </DD04_TEXTS>
  </asx:values>
 </asx:abap>
</abapGit>
