﻿<?xml version="1.0" encoding="utf-8"?>
<abapGit version="v1.0.0" serializer="LCL_OBJECT_DTEL" serializer_version="v1.0.0">
 <asx:abap xmlns:asx="http://www.sap.com/abapxml" version="1.0">
  <asx:values>
   <DD04V>
    <ROLLNAME>ZS_ROOM_NUMBER</ROLLNAME>
    <DDLANGUAGE>D</DDLANGUAGE>
    <DOMNAME>S_ROOM_NUMBER</DOMNAME>
    <HEADLEN>04</HEADLEN>
    <SCRLEN1>10</SCRLEN1>
    <SCRLEN2>15</SCRLEN2>
    <SCRLEN3>20</SCRLEN3>
    <DDTEXT>Zimmernummer</DDTEXT>
    <REPTEXT>Znr.</REPTEXT>
    <SCRTEXT_S>Zimmernr.</SCRTEXT_S>
    <SCRTEXT_M>Zimmernummer</SCRTEXT_M>
    <SCRTEXT_L>Zimmernummer</SCRTEXT_L>
    <DTELMASTER>D</DTELMASTER>
    <REFKIND>D</REFKIND>
   </DD04V>
   <I18N_LANGS>
    <LANGU>E</LANGU>
   </I18N_LANGS>
   <DD04_TEXTS>
    <item>
     <DDLANGUAGE>E</DDLANGUAGE>
     <DDTEXT>Room Number</DDTEXT>
     <REPTEXT>RNo</REPTEXT>
     <SCRTEXT_S>Room No.</SCRTEXT_S>
     <SCRTEXT_M>Room Number</SCRTEXT_M>
     <SCRTEXT_L>Room Number</SCRTEXT_L>
    </item>
   </DD04_TEXTS>
  </asx:values>
 </asx:abap>
</abapGit>
