﻿<?xml version="1.0" encoding="utf-8"?>
<abapGit version="v1.0.0" serializer="LCL_OBJECT_TABL" serializer_version="v1.0.0">
 <asx:abap xmlns:asx="http://www.sap.com/abapxml" version="1.0">
  <asx:values>
   <DD02V>
    <TABNAME>ZSVEHICLE</TABNAME>
    <DDLANGUAGE>D</DDLANGUAGE>
    <TABCLASS>TRANSP</TABCLASS>
    <CLIDEP>X</CLIDEP>
    <DDTEXT>Fahrzeugtypen</DDTEXT>
    <MAINFLAG>X</MAINFLAG>
    <CONTFLAG>A</CONTFLAG>
    <EXCLASS>3</EXCLASS>
   </DD02V>
   <DD09L>
    <TABNAME>ZSVEHICLE</TABNAME>
    <AS4LOCAL>A</AS4LOCAL>
    <TABKAT>0</TABKAT>
    <TABART>APPL0</TABART>
    <BUFALLOW>N</BUFALLOW>
    <ROWORCOLST>C</ROWORCOLST>
   </DD09L>
   <DD03P_TABLE>
    <DD03P>
     <TABNAME>ZSVEHICLE</TABNAME>
     <FIELDNAME>MANDT</FIELDNAME>
     <POSITION>0001</POSITION>
     <KEYFLAG>X</KEYFLAG>
     <ROLLNAME>MANDT</ROLLNAME>
     <ADMINFIELD>0</ADMINFIELD>
     <NOTNULL>X</NOTNULL>
     <COMPTYPE>E</COMPTYPE>
    </DD03P>
    <DD03P>
     <TABNAME>ZSVEHICLE</TABNAME>
     <FIELDNAME>MAKE</FIELDNAME>
     <POSITION>0002</POSITION>
     <KEYFLAG>X</KEYFLAG>
     <ROLLNAME>S_MAKE</ROLLNAME>
     <ADMINFIELD>0</ADMINFIELD>
     <NOTNULL>X</NOTNULL>
     <COMPTYPE>E</COMPTYPE>
    </DD03P>
    <DD03P>
     <TABNAME>ZSVEHICLE</TABNAME>
     <FIELDNAME>MODEL</FIELDNAME>
     <POSITION>0003</POSITION>
     <KEYFLAG>X</KEYFLAG>
     <ROLLNAME>S_MODEL</ROLLNAME>
     <ADMINFIELD>0</ADMINFIELD>
     <NOTNULL>X</NOTNULL>
     <COMPTYPE>E</COMPTYPE>
    </DD03P>
    <DD03P>
     <TABNAME>ZSVEHICLE</TABNAME>
     <FIELDNAME>TANKCAP</FIELDNAME>
     <POSITION>0004</POSITION>
     <ROLLNAME>S_CAPACITY</ROLLNAME>
     <ADMINFIELD>0</ADMINFIELD>
     <REFTABLE>ZSVEHICLE</REFTABLE>
     <REFFIELD>CAP_UNIT</REFFIELD>
     <NOTNULL>X</NOTNULL>
     <COMPTYPE>E</COMPTYPE>
    </DD03P>
    <DD03P>
     <TABNAME>ZSVEHICLE</TABNAME>
     <FIELDNAME>CAP_UNIT</FIELDNAME>
     <POSITION>0005</POSITION>
     <ROLLNAME>S_CAPUNIT</ROLLNAME>
     <ADMINFIELD>0</ADMINFIELD>
     <NOTNULL>X</NOTNULL>
     <COMPTYPE>E</COMPTYPE>
    </DD03P>
    <DD03P>
     <TABNAME>ZSVEHICLE</TABNAME>
     <FIELDNAME>CONSUM</FIELDNAME>
     <POSITION>0006</POSITION>
     <ROLLNAME>S_CONSUM</ROLLNAME>
     <ADMINFIELD>0</ADMINFIELD>
     <NOTNULL>X</NOTNULL>
     <COMPTYPE>E</COMPTYPE>
    </DD03P>
    <DD03P>
     <TABNAME>ZSVEHICLE</TABNAME>
     <FIELDNAME>CON_UNIT</FIELDNAME>
     <POSITION>0007</POSITION>
     <ROLLNAME>S_CONUNIT</ROLLNAME>
     <ADMINFIELD>0</ADMINFIELD>
     <NOTNULL>X</NOTNULL>
     <COMPTYPE>E</COMPTYPE>
    </DD03P>
    <DD03P>
     <TABNAME>ZSVEHICLE</TABNAME>
     <FIELDNAME>SPEED</FIELDNAME>
     <POSITION>0008</POSITION>
     <ROLLNAME>S_SPEED</ROLLNAME>
     <ADMINFIELD>0</ADMINFIELD>
     <REFTABLE>SAPLANE</REFTABLE>
     <REFFIELD>SPEED_UNIT</REFFIELD>
     <NOTNULL>X</NOTNULL>
     <COMPTYPE>E</COMPTYPE>
    </DD03P>
    <DD03P>
     <TABNAME>ZSVEHICLE</TABNAME>
     <FIELDNAME>SPEED_UNIT</FIELDNAME>
     <POSITION>0009</POSITION>
     <ROLLNAME>S_UNIT</ROLLNAME>
     <ADMINFIELD>0</ADMINFIELD>
     <NOTNULL>X</NOTNULL>
     <COMPTYPE>E</COMPTYPE>
    </DD03P>
   </DD03P_TABLE>
  </asx:values>
 </asx:abap>
</abapGit>
