﻿<?xml version="1.0" encoding="utf-8"?>
<abapGit version="v1.0.0" serializer="LCL_OBJECT_MSAG" serializer_version="v1.0.0">
 <asx:abap xmlns:asx="http://www.sap.com/abapxml" version="1.0">
  <asx:values>
   <T100A>
    <ARBGB>ZBC400</ARBGB>
    <MASTERLANG>D</MASTERLANG>
    <STEXT>Nachrichten zur Schulung BC400</STEXT>
   </T100A>
   <T100>
    <T100>
     <SPRSL>D</SPRSL>
     <ARBGB>ZBC400</ARBGB>
     <MSGNR>007</MSGNR>
     <TEXT>Tabelleneintrag zum eingegebenen Schlüssel ist nicht vorhanden</TEXT>
    </T100>
    <T100>
     <SPRSL>D</SPRSL>
     <ARBGB>ZBC400</ARBGB>
     <MSGNR>041</MSGNR>
     <TEXT>Fluggesellschaft &amp;1 ist nicht vorhanden</TEXT>
    </T100>
    <T100>
     <SPRSL>D</SPRSL>
     <ARBGB>ZBC400</ARBGB>
     <MSGNR>042</MSGNR>
     <TEXT>Flug &amp;1 &amp;2 ist nicht vorhanden</TEXT>
    </T100>
    <T100>
     <SPRSL>D</SPRSL>
     <ARBGB>ZBC400</ARBGB>
     <MSGNR>043</MSGNR>
     <TEXT>Flug &amp;1 &amp;2 am &amp;3 ist nicht vorhanden</TEXT>
    </T100>
    <T100>
     <SPRSL>D</SPRSL>
     <ARBGB>ZBC400</ARBGB>
     <MSGNR>044</MSGNR>
     <TEXT>Buchung &amp;4 für Flug &amp;1 &amp;2 am &amp;3 ist nicht vorhanden</TEXT>
    </T100>
    <T100>
     <SPRSL>D</SPRSL>
     <ARBGB>ZBC400</ARBGB>
     <MSGNR>045</MSGNR>
     <TEXT>Keine Berechtigung für Fluggesellschaft &amp;1</TEXT>
    </T100>
    <T100>
     <SPRSL>D</SPRSL>
     <ARBGB>ZBC400</ARBGB>
     <MSGNR>046</MSGNR>
     <TEXT>Keine Anzeige-Berechtigung für Fluggesellschaft &amp;1</TEXT>
    </T100>
    <T100>
     <SPRSL>D</SPRSL>
     <ARBGB>ZBC400</ARBGB>
     <MSGNR>047</MSGNR>
     <TEXT>Keine Änderungs-Berechtigung für Fluggesellschaft &amp;1</TEXT>
    </T100>
    <T100>
     <SPRSL>D</SPRSL>
     <ARBGB>ZBC400</ARBGB>
     <MSGNR>050</MSGNR>
     <TEXT>Division durch Null</TEXT>
    </T100>
    <T100>
     <SPRSL>D</SPRSL>
     <ARBGB>ZBC400</ARBGB>
     <MSGNR>051</MSGNR>
     <TEXT>Operator &amp;1 ist nicht vorgesehen</TEXT>
    </T100>
    <T100>
     <SPRSL>D</SPRSL>
     <ARBGB>ZBC400</ARBGB>
     <MSGNR>057</MSGNR>
     <TEXT>Das Dynpro wurde verlassen, ohne zu sichern</TEXT>
    </T100>
    <T100>
     <SPRSL>D</SPRSL>
     <ARBGB>ZBC400</ARBGB>
     <MSGNR>058</MSGNR>
     <TEXT>Es wurde &apos;sichern&apos; gewählt.</TEXT>
    </T100>
    <T100>
     <SPRSL>D</SPRSL>
     <ARBGB>ZBC400</ARBGB>
     <MSGNR>060</MSGNR>
     <TEXT>...leider können wir das noch nicht :-((</TEXT>
    </T100>
    <T100>
     <SPRSL>D</SPRSL>
     <ARBGB>ZBC400</ARBGB>
     <MSGNR>109</MSGNR>
     <TEXT>Anzahl gebuchter Plätze überschreitet Flugzeugkapazität</TEXT>
    </T100>
    <T100>
     <SPRSL>D</SPRSL>
     <ARBGB>ZBC400</ARBGB>
     <MSGNR>115</MSGNR>
     <TEXT>Keinen Flug gefunden</TEXT>
    </T100>
    <T100>
     <SPRSL>D</SPRSL>
     <ARBGB>ZBC400</ARBGB>
     <MSGNR>130</MSGNR>
    </T100>
    <T100>
     <SPRSL>D</SPRSL>
     <ARBGB>ZBC400</ARBGB>
     <MSGNR>145</MSGNR>
     <TEXT>Objekt bereits gesperrt</TEXT>
    </T100>
    <T100>
     <SPRSL>D</SPRSL>
     <ARBGB>ZBC400</ARBGB>
     <MSGNR>146</MSGNR>
     <TEXT>Objekt nicht sperrbar</TEXT>
    </T100>
    <T100>
     <SPRSL>D</SPRSL>
     <ARBGB>ZBC400</ARBGB>
     <MSGNR>147</MSGNR>
     <TEXT>Änderung Flugverbindung konnte nicht gespeichert werden</TEXT>
    </T100>
    <T100>
     <SPRSL>D</SPRSL>
     <ARBGB>ZBC400</ARBGB>
     <MSGNR>148</MSGNR>
     <TEXT>Änderung erfolgreich!</TEXT>
    </T100>
    <T100>
     <SPRSL>D</SPRSL>
     <ARBGB>ZBC400</ARBGB>
     <MSGNR>149</MSGNR>
     <TEXT>Änderung nicht erfolgreich!</TEXT>
    </T100>
    <T100>
     <SPRSL>D</SPRSL>
     <ARBGB>ZBC400</ARBGB>
     <MSGNR>150</MSGNR>
     <TEXT>Änderung zur Buchung &amp; &amp; &amp; &amp; konnte nicht gespeichert werden</TEXT>
    </T100>
    <T100>
     <SPRSL>D</SPRSL>
     <ARBGB>ZBC400</ARBGB>
     <MSGNR>151</MSGNR>
     <TEXT>Es ist ein Konvertierungsfehler aufgetreten</TEXT>
    </T100>
    <T100>
     <SPRSL>D</SPRSL>
     <ARBGB>ZBC400</ARBGB>
     <MSGNR>176</MSGNR>
     <TEXT>Buchung nicht gefunden</TEXT>
    </T100>
    <T100>
     <SPRSL>D</SPRSL>
     <ARBGB>ZBC400</ARBGB>
     <MSGNR>401</MSGNR>
     <TEXT>Fehler beim Erzeugen des Container Controls</TEXT>
    </T100>
    <T100>
     <SPRSL>D</SPRSL>
     <ARBGB>ZBC400</ARBGB>
     <MSGNR>555</MSGNR>
     <TEXT>&amp; &amp; &amp; &amp;</TEXT>
    </T100>
   </T100>
  </asx:values>
 </asx:abap>
</abapGit>
