﻿<?xml version="1.0" encoding="utf-8"?>
<abapGit version="v1.0.0" serializer="LCL_OBJECT_FUGR" serializer_version="v1.0.0">
 <asx:abap xmlns:asx="http://www.sap.com/abapxml" version="1.0">
  <asx:values>
   <AREAT>Lösung: Gekapselte Datenbankzugriffe</AREAT>
   <INCLUDES>
    <SOBJ_NAME>LZBC400_DDSTOP</SOBJ_NAME>
    <SOBJ_NAME>SAPLZBC400_DDS</SOBJ_NAME>
   </INCLUDES>
   <FUNCTIONS>
    <item>
     <FUNCNAME>ZBC400_DDS_AUTH_CHECK</FUNCNAME>
     <SHORT_TEXT>Berechtigung für Fluggesellschaft prüfen</SHORT_TEXT>
     <IMPORT>
      <RSIMP>
       <PARAMETER>IV_CARRID</PARAMETER>
       <REFERENCE>X</REFERENCE>
       <TYP>S_CARR_ID</TYP>
      </RSIMP>
      <RSIMP>
       <PARAMETER>IV_ACTIVITY</PARAMETER>
       <DEFAULT>&apos;03&apos;</DEFAULT>
       <OPTIONAL>X</OPTIONAL>
       <REFERENCE>X</REFERENCE>
       <TYP>ACTIV_AUTH</TYP>
      </RSIMP>
     </IMPORT>
     <EXCEPTION>
      <RSEXC>
       <EXCEPTION>NO_AUTH</EXCEPTION>
      </RSEXC>
      <RSEXC>
       <EXCEPTION>WRONG_ACTIVITY</EXCEPTION>
      </RSEXC>
     </EXCEPTION>
     <DOCUMENTATION>
      <RSFDO>
       <PARAMETER>IV_CARRID</PARAMETER>
       <KIND>P</KIND>
       <STEXT>Kurzbezeichnung der Fluggesellschaft</STEXT>
       <INDEX> 001</INDEX>
      </RSFDO>
      <RSFDO>
       <PARAMETER>IV_ACTIVITY</PARAMETER>
       <KIND>P</KIND>
       <STEXT>Aktivität</STEXT>
       <INDEX> 002</INDEX>
      </RSFDO>
      <RSFDO>
       <PARAMETER>NO_AUTH</PARAMETER>
       <KIND>X</KIND>
       <STEXT>Keine Berechtigung</STEXT>
       <INDEX> 003</INDEX>
      </RSFDO>
      <RSFDO>
       <PARAMETER>WRONG_ACTIVITY</PARAMETER>
       <KIND>X</KIND>
       <STEXT>Falsche Aktivität übergeben</STEXT>
       <INDEX> 004</INDEX>
      </RSFDO>
     </DOCUMENTATION>
    </item>
    <item>
     <FUNCNAME>ZBC400_DDS_CONNECTION_GET</FUNCNAME>
     <SHORT_TEXT>Liefert einzelne Flugverbindung über Primärschlüssel</SHORT_TEXT>
     <IMPORT>
      <RSIMP>
       <PARAMETER>IV_CARRID</PARAMETER>
       <REFERENCE>X</REFERENCE>
       <TYP>BC400_S_FLIGHT-CARRID</TYP>
      </RSIMP>
      <RSIMP>
       <PARAMETER>IV_CONNID</PARAMETER>
       <REFERENCE>X</REFERENCE>
       <TYP>BC400_S_FLIGHT-CONNID</TYP>
      </RSIMP>
     </IMPORT>
     <EXPORT>
      <RSEXP>
       <PARAMETER>ES_CONNECTION</PARAMETER>
       <REFERENCE>X</REFERENCE>
       <TYP>BC400_S_CONNECTION</TYP>
      </RSEXP>
     </EXPORT>
     <EXCEPTION>
      <RSEXC>
       <EXCEPTION>NO_DATA</EXCEPTION>
      </RSEXC>
     </EXCEPTION>
     <DOCUMENTATION>
      <RSFDO>
       <PARAMETER>IV_CARRID</PARAMETER>
       <KIND>P</KIND>
       <STEXT>Kurzbezeichnung der Fluggesellschaft</STEXT>
       <INDEX> 001</INDEX>
      </RSFDO>
      <RSFDO>
       <PARAMETER>IV_CONNID</PARAMETER>
       <KIND>P</KIND>
       <STEXT>Code der Einzelflugverbindung</STEXT>
       <INDEX> 002</INDEX>
      </RSFDO>
      <RSFDO>
       <PARAMETER>ES_CONNECTION</PARAMETER>
       <KIND>P</KIND>
       <STEXT>Flugverbindung</STEXT>
       <INDEX> 003</INDEX>
      </RSFDO>
      <RSFDO>
       <PARAMETER>NO_DATA</PARAMETER>
       <KIND>X</KIND>
       <STEXT>Keine Daten zur gewünschten Selektion</STEXT>
       <INDEX> 004</INDEX>
      </RSFDO>
     </DOCUMENTATION>
    </item>
    <item>
     <FUNCNAME>ZBC400_DDS_FLIGHTLIST_GET</FUNCNAME>
     <SHORT_TEXT>Liefert alle Flugtermine zu einer Flugverbindung</SHORT_TEXT>
     <IMPORT>
      <RSIMP>
       <PARAMETER>IV_CARRID</PARAMETER>
       <REFERENCE>X</REFERENCE>
       <TYP>BC400_S_FLIGHT-CARRID</TYP>
      </RSIMP>
      <RSIMP>
       <PARAMETER>IV_CONNID</PARAMETER>
       <REFERENCE>X</REFERENCE>
       <TYP>BC400_S_FLIGHT-CONNID</TYP>
      </RSIMP>
     </IMPORT>
     <EXPORT>
      <RSEXP>
       <PARAMETER>ET_FLIGHTS</PARAMETER>
       <REFERENCE>X</REFERENCE>
       <TYP>BC400_T_FLIGHTS</TYP>
      </RSEXP>
     </EXPORT>
     <EXCEPTION>
      <RSEXC>
       <EXCEPTION>NO_DATA</EXCEPTION>
      </RSEXC>
     </EXCEPTION>
     <DOCUMENTATION>
      <RSFDO>
       <PARAMETER>IV_CARRID</PARAMETER>
       <KIND>P</KIND>
       <STEXT>Kurzbezeichnung der Fluggesellschaft</STEXT>
       <INDEX> 001</INDEX>
      </RSFDO>
      <RSFDO>
       <PARAMETER>IV_CONNID</PARAMETER>
       <KIND>P</KIND>
       <STEXT>Code der Einzelflugverbindung</STEXT>
       <INDEX> 002</INDEX>
      </RSFDO>
      <RSFDO>
       <PARAMETER>ET_FLIGHTS</PARAMETER>
       <KIND>P</KIND>
       <STEXT>Flugtermine</STEXT>
       <INDEX> 003</INDEX>
      </RSFDO>
      <RSFDO>
       <PARAMETER>NO_DATA</PARAMETER>
       <KIND>X</KIND>
       <STEXT>Keine Daten zur gewünschten Selektion</STEXT>
       <INDEX> 004</INDEX>
      </RSFDO>
     </DOCUMENTATION>
    </item>
    <item>
     <FUNCNAME>ZBC400_DDS_FLIGHTLIST_GET_OPT</FUNCNAME>
     <SHORT_TEXT>Liefert alle Flugtermine zu einer Flugverbindung</SHORT_TEXT>
     <IMPORT>
      <RSIMP>
       <PARAMETER>IV_CARRID</PARAMETER>
       <REFERENCE>X</REFERENCE>
       <TYP>BC400_S_FLIGHT-CARRID</TYP>
      </RSIMP>
      <RSIMP>
       <PARAMETER>IV_CONNID</PARAMETER>
       <REFERENCE>X</REFERENCE>
       <TYP>BC400_S_FLIGHT-CONNID</TYP>
      </RSIMP>
     </IMPORT>
     <EXPORT>
      <RSEXP>
       <PARAMETER>ET_FLIGHTS</PARAMETER>
       <REFERENCE>X</REFERENCE>
       <TYP>BC400_T_FLIGHTS</TYP>
      </RSEXP>
     </EXPORT>
     <EXCEPTION>
      <RSEXC>
       <EXCEPTION>NO_DATA</EXCEPTION>
      </RSEXC>
     </EXCEPTION>
     <DOCUMENTATION>
      <RSFDO>
       <PARAMETER>IV_CARRID</PARAMETER>
       <KIND>P</KIND>
       <STEXT>Kurzbezeichnung der Fluggesellschaft</STEXT>
       <INDEX> 001</INDEX>
      </RSFDO>
      <RSFDO>
       <PARAMETER>IV_CONNID</PARAMETER>
       <KIND>P</KIND>
       <STEXT>Code der Einzelflugverbindung</STEXT>
       <INDEX> 002</INDEX>
      </RSFDO>
      <RSFDO>
       <PARAMETER>ET_FLIGHTS</PARAMETER>
       <KIND>P</KIND>
       <STEXT>Flugtermine</STEXT>
       <INDEX> 003</INDEX>
      </RSFDO>
      <RSFDO>
       <PARAMETER>NO_DATA</PARAMETER>
       <KIND>X</KIND>
       <STEXT>Keine Daten zur gewünschten Selektion</STEXT>
       <INDEX> 004</INDEX>
      </RSFDO>
     </DOCUMENTATION>
    </item>
   </FUNCTIONS>
  </asx:values>
 </asx:abap>
</abapGit>
