﻿<?xml version="1.0" encoding="utf-8"?>
<abapGit version="v1.0.0" serializer="LCL_OBJECT_DTEL" serializer_version="v1.0.0">
 <asx:abap xmlns:asx="http://www.sap.com/abapxml" version="1.0">
  <asx:values>
   <DD04V>
    <ROLLNAME>ZBC400_OCC</ROLLNAME>
    <DDLANGUAGE>D</DDLANGUAGE>
    <DOMNAME>BC400_IPARAM</DOMNAME>
    <HEADLEN>11</HEADLEN>
    <SCRLEN1>10</SCRLEN1>
    <SCRLEN2>15</SCRLEN2>
    <SCRLEN3>20</SCRLEN3>
    <DDTEXT>Aktueller Wert für Prozentberechnung</DDTEXT>
    <REPTEXT>Akt</REPTEXT>
    <SCRTEXT_S>Akt</SCRTEXT_S>
    <SCRTEXT_M>Aktuell</SCRTEXT_M>
    <SCRTEXT_L>Aktuell</SCRTEXT_L>
    <DTELMASTER>D</DTELMASTER>
    <REFKIND>D</REFKIND>
   </DD04V>
   <I18N_LANGS>
    <LANGU>E</LANGU>
   </I18N_LANGS>
   <DD04_TEXTS>
    <item>
     <DDLANGUAGE>E</DDLANGUAGE>
     <DDTEXT>Current Value for Percentage Calculation</DDTEXT>
     <REPTEXT>Cur.</REPTEXT>
     <SCRTEXT_S>Cur.</SCRTEXT_S>
     <SCRTEXT_M>Current</SCRTEXT_M>
     <SCRTEXT_L>Current</SCRTEXT_L>
    </item>
   </DD04_TEXTS>
  </asx:values>
 </asx:abap>
</abapGit>
