﻿<?xml version="1.0" encoding="utf-8"?>
<abapGit version="v1.0.0" serializer="LCL_OBJECT_FUGR" serializer_version="v1.0.0">
 <asx:abap xmlns:asx="http://www.sap.com/abapxml" version="1.0">
  <asx:values>
   <AREAT>Lösung:  Funktionsbaustein Anlegen</AREAT>
   <INCLUDES>
    <SOBJ_NAME>LZBC400_MOSTOP</SOBJ_NAME>
    <SOBJ_NAME>SAPLZBC400_MOS</SOBJ_NAME>
   </INCLUDES>
   <FUNCTIONS>
    <item>
     <FUNCNAME>ZBC400_MOS_PERCENTAGE</FUNCNAME>
     <SHORT_TEXT>Lösung: Berechnet Prozentwert anhand zweier Parameter</SHORT_TEXT>
     <IMPORT>
      <RSIMP>
       <PARAMETER>IV_ACT</PARAMETER>
       <REFERENCE>X</REFERENCE>
       <TYP>BC400_ACT</TYP>
      </RSIMP>
      <RSIMP>
       <PARAMETER>IV_MAX</PARAMETER>
       <REFERENCE>X</REFERENCE>
       <TYP>BC400_MAX</TYP>
      </RSIMP>
     </IMPORT>
     <EXPORT>
      <RSEXP>
       <PARAMETER>EV_PERCENTAGE</PARAMETER>
       <REFERENCE>X</REFERENCE>
       <TYP>BC400_PERC</TYP>
      </RSEXP>
     </EXPORT>
     <EXCEPTION>
      <RSEXC>
       <EXCEPTION>DIVISION_BY_ZERO</EXCEPTION>
      </RSEXC>
     </EXCEPTION>
     <DOCUMENTATION>
      <RSFDO>
       <PARAMETER>IV_ACT</PARAMETER>
       <KIND>P</KIND>
       <STEXT>Aktueller Wert für Prozentberechnung</STEXT>
       <INDEX> 001</INDEX>
      </RSFDO>
      <RSFDO>
       <PARAMETER>IV_MAX</PARAMETER>
       <KIND>P</KIND>
       <STEXT>Maximaler Wert für Prozentberechnung</STEXT>
       <INDEX> 002</INDEX>
      </RSFDO>
      <RSFDO>
       <PARAMETER>EV_PERCENTAGE</PARAMETER>
       <KIND>P</KIND>
       <STEXT>Ergebnis der Prozentrechnung mit 2 Nachkommastellen</STEXT>
       <INDEX> 003</INDEX>
      </RSFDO>
      <RSFDO>
       <PARAMETER>DIVISION_BY_ZERO</PARAMETER>
       <KIND>X</KIND>
       <STEXT>Division Durch Null ist aufgetreten</STEXT>
       <INDEX> 004</INDEX>
      </RSFDO>
     </DOCUMENTATION>
    </item>
   </FUNCTIONS>
  </asx:values>
 </asx:abap>
</abapGit>
