﻿<?xml version="1.0" encoding="utf-8"?>
<abapGit version="v1.0.0" serializer="LCL_OBJECT_DTEL" serializer_version="v1.0.0">
 <asx:abap xmlns:asx="http://www.sap.com/abapxml" version="1.0">
  <asx:values>
   <DD04V>
    <ROLLNAME>ZS_MAKE</ROLLNAME>
    <DDLANGUAGE>D</DDLANGUAGE>
    <DOMNAME>S_MAKE</DOMNAME>
    <HEADLEN>10</HEADLEN>
    <SCRLEN1>10</SCRLEN1>
    <SCRLEN2>15</SCRLEN2>
    <SCRLEN3>20</SCRLEN3>
    <DDTEXT>Fahrzeughersteller</DDTEXT>
    <REPTEXT>Hersteller</REPTEXT>
    <SCRTEXT_S>Hersteller</SCRTEXT_S>
    <SCRTEXT_M>Hersteller</SCRTEXT_M>
    <SCRTEXT_L>Fahrzeughersteller</SCRTEXT_L>
    <DTELMASTER>D</DTELMASTER>
    <REFKIND>D</REFKIND>
   </DD04V>
   <I18N_LANGS>
    <LANGU>E</LANGU>
   </I18N_LANGS>
   <DD04_TEXTS>
    <item>
     <DDLANGUAGE>E</DDLANGUAGE>
     <DDTEXT>Vehicle Manufacturer</DDTEXT>
     <REPTEXT>Manufact.</REPTEXT>
     <SCRTEXT_S>Manufact.</SCRTEXT_S>
     <SCRTEXT_M>Manufacturer</SCRTEXT_M>
     <SCRTEXT_L>Vehicle Manufacturer</SCRTEXT_L>
    </item>
   </DD04_TEXTS>
  </asx:values>
 </asx:abap>
</abapGit>
