﻿<?xml version="1.0" encoding="utf-8"?>
<abapGit version="v1.0.0" serializer="LCL_OBJECT_DOMA" serializer_version="v1.0.0">
 <asx:abap xmlns:asx="http://www.sap.com/abapxml" version="1.0">
  <asx:values>
   <DD01V>
    <DOMNAME>ZBC400_EPARAM</DOMNAME>
    <DDLANGUAGE>D</DDLANGUAGE>
    <DATATYPE>DEC</DATATYPE>
    <LENG>000031</LENG>
    <OUTPUTLEN>000042</OUTPUTLEN>
    <DECIMALS>000002</DECIMALS>
    <SIGNFLAG>X</SIGNFLAG>
    <DDTEXT>technische Definition Exportparameter 2 Decimalstellen</DDTEXT>
   </DD01V>
   <I18N_LANGS>
    <LANGU>E</LANGU>
   </I18N_LANGS>
   <DD01_TEXTS>
    <item>
     <DDLANGUAGE>E</DDLANGUAGE>
     <DDTEXT>Technical Definition of Export Parameters Two Decimal Places</DDTEXT>
    </item>
   </DD01_TEXTS>
  </asx:values>
 </asx:abap>
</abapGit>
