﻿<?xml version="1.0" encoding="utf-8"?>
<abapGit version="v1.0.0" serializer="LCL_OBJECT_TABL" serializer_version="v1.0.0">
 <asx:abap xmlns:asx="http://www.sap.com/abapxml" version="1.0">
  <asx:values>
   <DD02V>
    <TABNAME>ZBC430_NAMES</TABNAME>
    <DDLANGUAGE>D</DDLANGUAGE>
    <TABCLASS>TRANSP</TABCLASS>
    <DDTEXT>Namen der von den Teilnehmern angelegten Objekte</DDTEXT>
    <MAINFLAG>X</MAINFLAG>
    <CONTFLAG>L</CONTFLAG>
   </DD02V>
   <DD09L>
    <TABNAME>ZBC430_NAMES</TABNAME>
    <AS4LOCAL>A</AS4LOCAL>
    <TABKAT>0</TABKAT>
    <TABART>APPL0</TABART>
    <BUFALLOW>N</BUFALLOW>
    <ROWORCOLST>C</ROWORCOLST>
   </DD09L>
   <DD03P_TABLE>
    <DD03P>
     <TABNAME>ZBC430_NAMES</TABNAME>
     <FIELDNAME>COURSE_USER</FIELDNAME>
     <POSITION>0001</POSITION>
     <KEYFLAG>X</KEYFLAG>
     <ROLLNAME>AS4USER</ROLLNAME>
     <ADMINFIELD>0</ADMINFIELD>
     <NOTNULL>X</NOTNULL>
     <COMPTYPE>E</COMPTYPE>
    </DD03P>
    <DD03P>
     <TABNAME>ZBC430_NAMES</TABNAME>
     <FIELDNAME>SEMPLOYES</FIELDNAME>
     <POSITION>0002</POSITION>
     <ROLLNAME>TABNAME</ROLLNAME>
     <ADMINFIELD>0</ADMINFIELD>
     <COMPTYPE>E</COMPTYPE>
    </DD03P>
    <DD03P>
     <TABNAME>ZBC430_NAMES</TABNAME>
     <FIELDNAME>NAME_INDX</FIELDNAME>
     <POSITION>0003</POSITION>
     <ROLLNAME>INDEXID</ROLLNAME>
     <ADMINFIELD>0</ADMINFIELD>
     <COMPTYPE>E</COMPTYPE>
    </DD03P>
    <DD03P>
     <TABNAME>ZBC430_NAMES</TABNAME>
     <FIELDNAME>AREA_INDX</FIELDNAME>
     <POSITION>0004</POSITION>
     <ROLLNAME>INDEXID</ROLLNAME>
     <ADMINFIELD>0</ADMINFIELD>
     <COMPTYPE>E</COMPTYPE>
    </DD03P>
    <DD03P>
     <TABNAME>ZBC430_NAMES</TABNAME>
     <FIELDNAME>SDEPMENT</FIELDNAME>
     <POSITION>0005</POSITION>
     <ROLLNAME>TABNAME</ROLLNAME>
     <ADMINFIELD>0</ADMINFIELD>
     <COMPTYPE>E</COMPTYPE>
    </DD03P>
    <DD03P>
     <TABNAME>ZBC430_NAMES</TABNAME>
     <FIELDNAME>SDEPMENTT</FIELDNAME>
     <POSITION>0006</POSITION>
     <ROLLNAME>TABNAME</ROLLNAME>
     <ADMINFIELD>0</ADMINFIELD>
     <COMPTYPE>E</COMPTYPE>
    </DD03P>
    <DD03P>
     <TABNAME>ZBC430_NAMES</TABNAME>
     <FIELDNAME>INCL_CHANGE</FIELDNAME>
     <POSITION>0007</POSITION>
     <ROLLNAME>TABNAME</ROLLNAME>
     <ADMINFIELD>0</ADMINFIELD>
     <COMPTYPE>E</COMPTYPE>
    </DD03P>
    <DD03P>
     <TABNAME>ZBC430_NAMES</TABNAME>
     <FIELDNAME>DOMA_AREA</FIELDNAME>
     <POSITION>0008</POSITION>
     <ROLLNAME>DOMNAME</ROLLNAME>
     <ADMINFIELD>0</ADMINFIELD>
     <SHLPORIGIN>D</SHLPORIGIN>
     <COMPTYPE>E</COMPTYPE>
    </DD03P>
    <DD03P>
     <TABNAME>ZBC430_NAMES</TABNAME>
     <FIELDNAME>SFLCREW</FIELDNAME>
     <POSITION>0009</POSITION>
     <ROLLNAME>TABNAME</ROLLNAME>
     <ADMINFIELD>0</ADMINFIELD>
     <COMPTYPE>E</COMPTYPE>
    </DD03P>
    <DD03P>
     <TABNAME>ZBC430_NAMES</TABNAME>
     <FIELDNAME>APP_AIRPORT</FIELDNAME>
     <POSITION>0010</POSITION>
     <ROLLNAME>TABNAME</ROLLNAME>
     <ADMINFIELD>0</ADMINFIELD>
     <COMPTYPE>E</COMPTYPE>
    </DD03P>
   </DD03P_TABLE>
  </asx:values>
 </asx:abap>
</abapGit>
