﻿<?xml version="1.0" encoding="utf-8"?>
<abapGit version="v1.0.0" serializer="LCL_OBJECT_FUGR" serializer_version="v1.0.0">
 <asx:abap xmlns:asx="http://www.sap.com/abapxml" version="1.0">
  <asx:values>
   <AREAT>Kurssoftware für BC430</AREAT>
   <INCLUDES>
    <SOBJ_NAME>LZBC430F00</SOBJ_NAME>
    <SOBJ_NAME>LZBC430I00</SOBJ_NAME>
    <SOBJ_NAME>LZBC430TOP</SOBJ_NAME>
    <SOBJ_NAME>SAPLZBC430</SOBJ_NAME>
   </INCLUDES>
   <FUNCTIONS>
    <item>
     <FUNCNAME>ZBC430_CHECK_INCLUDE</FUNCNAME>
     <SHORT_TEXT>Prüfen von Include- und Append-Strukturen</SHORT_TEXT>
     <IMPORT>
      <RSIMP>
       <PARAMETER>T_INCLUDE</PARAMETER>
       <DBFIELD>DD03L-TABNAME</DBFIELD>
      </RSIMP>
      <RSIMP>
       <PARAMETER>M_INCLUDE</PARAMETER>
       <DBFIELD>DD03L-TABNAME</DBFIELD>
      </RSIMP>
      <RSIMP>
       <PARAMETER>T_TAB</PARAMETER>
       <DBFIELD>DD03L-TABNAME</DBFIELD>
      </RSIMP>
      <RSIMP>
       <PARAMETER>INC_TYPE</PARAMETER>
       <TYP>CHAR8</TYP>
      </RSIMP>
     </IMPORT>
     <TABLES>
      <RSTBL>
       <PARAMETER>ERRORS</PARAMETER>
       <DBSTRUCT>BC430_ERROR</DBSTRUCT>
      </RSTBL>
      <RSTBL>
       <PARAMETER>TEMP_ERRORS</PARAMETER>
       <DBSTRUCT>BC430_ERROR</DBSTRUCT>
      </RSTBL>
     </TABLES>
     <EXCEPTION>
      <RSEXC>
       <EXCEPTION>T_INC_NOT_EXIST</EXCEPTION>
      </RSEXC>
      <RSEXC>
       <EXCEPTION>T_INC_NOT_ACTIVE</EXCEPTION>
      </RSEXC>
      <RSEXC>
       <EXCEPTION>M_INC_NOT_ACTIVE</EXCEPTION>
      </RSEXC>
      <RSEXC>
       <EXCEPTION>T_TAB_NOT_ACTIVE</EXCEPTION>
      </RSEXC>
      <RSEXC>
       <EXCEPTION>SYSTEM_INCONSISTENT</EXCEPTION>
      </RSEXC>
     </EXCEPTION>
     <DOCUMENTATION>
      <RSFDO>
       <PARAMETER>T_INCLUDE</PARAMETER>
       <KIND>P</KIND>
       <STEXT>Include bzw. Append der Teilnehmer</STEXT>
       <INDEX> 001</INDEX>
      </RSFDO>
      <RSFDO>
       <PARAMETER>M_INCLUDE</PARAMETER>
       <KIND>P</KIND>
       <STEXT>Vorlage für Include bzw. Append</STEXT>
       <INDEX> 002</INDEX>
      </RSFDO>
      <RSFDO>
       <PARAMETER>T_TAB</PARAMETER>
       <KIND>P</KIND>
       <STEXT>Includierende bzw. Appendierende Teilnehmertabelle</STEXT>
       <INDEX> 003</INDEX>
      </RSFDO>
      <RSFDO>
       <PARAMETER>INC_TYPE</PARAMETER>
       <KIND>P</KIND>
       <STEXT>Include oder Append</STEXT>
       <INDEX> 004</INDEX>
      </RSFDO>
      <RSFDO>
       <PARAMETER>ERRORS</PARAMETER>
       <KIND>P</KIND>
       <STEXT>Aufgetretene Fehlerursachen</STEXT>
       <INDEX> 005</INDEX>
      </RSFDO>
      <RSFDO>
       <PARAMETER>TEMP_ERRORS</PARAMETER>
       <KIND>P</KIND>
       <STEXT>Fehlerursachen BC430_COMP_AND_FILL</STEXT>
       <INDEX> 006</INDEX>
      </RSFDO>
      <RSFDO>
       <PARAMETER>T_INC_NOT_EXIST</PARAMETER>
       <KIND>X</KIND>
       <STEXT>Include der Teilnehmer nicht vorhanden</STEXT>
       <INDEX> 007</INDEX>
      </RSFDO>
      <RSFDO>
       <PARAMETER>T_INC_NOT_ACTIVE</PARAMETER>
       <KIND>X</KIND>
       <STEXT>Include der Teilnehmer nicht aktiv</STEXT>
       <INDEX> 008</INDEX>
      </RSFDO>
      <RSFDO>
       <PARAMETER>M_INC_NOT_ACTIVE</PARAMETER>
       <KIND>X</KIND>
       <STEXT>Vorlage nicht vorhanden oder nicht aktiv</STEXT>
       <INDEX> 009</INDEX>
      </RSFDO>
      <RSFDO>
       <PARAMETER>T_TAB_NOT_ACTIVE</PARAMETER>
       <KIND>X</KIND>
       <STEXT>Includierende/Appendierende nicht vorh. bzw. nicht aktiv</STEXT>
       <INDEX> 010</INDEX>
      </RSFDO>
      <RSFDO>
       <PARAMETER>SYSTEM_INCONSISTENT</PARAMETER>
       <KIND>X</KIND>
       <STEXT>Inkonsistenz, DDIC-Schnittstellen laufen nicht</STEXT>
       <INDEX> 011</INDEX>
      </RSFDO>
     </DOCUMENTATION>
    </item>
    <item>
     <FUNCNAME>ZBC430_COMP_AND_FILL</FUNCNAME>
     <SHORT_TEXT>Vergleich von Tabellenstrukturen und Daten kopieren</SHORT_TEXT>
     <IMPORT>
      <RSIMP>
       <PARAMETER>T_TAB</PARAMETER>
       <DBFIELD>DD03L-TABNAME</DBFIELD>
      </RSIMP>
      <RSIMP>
       <PARAMETER>M_TAB</PARAMETER>
       <DBFIELD>DD03L-TABNAME</DBFIELD>
      </RSIMP>
      <RSIMP>
       <PARAMETER>FILL</PARAMETER>
       <DEFAULT>&apos;Y&apos;</DEFAULT>
       <OPTIONAL>X</OPTIONAL>
       <TYP>CHAR1</TYP>
      </RSIMP>
     </IMPORT>
     <TABLES>
      <RSTBL>
       <PARAMETER>ERRORS</PARAMETER>
       <DBSTRUCT>BC430_ERROR</DBSTRUCT>
      </RSTBL>
     </TABLES>
     <EXCEPTION>
      <RSEXC>
       <EXCEPTION>T_TAB_NOT_EXIST</EXCEPTION>
      </RSEXC>
      <RSEXC>
       <EXCEPTION>T_TAB_NOT_ACTIVE</EXCEPTION>
      </RSEXC>
      <RSEXC>
       <EXCEPTION>M_TAB_NOT_ACTIVE</EXCEPTION>
      </RSEXC>
      <RSEXC>
       <EXCEPTION>SYSTEM_INCONSISTENT</EXCEPTION>
      </RSEXC>
     </EXCEPTION>
     <DOCUMENTATION>
      <RSFDO>
       <PARAMETER>T_TAB</PARAMETER>
       <KIND>P</KIND>
       <STEXT>Teilnehmertabelle</STEXT>
       <INDEX> 001</INDEX>
      </RSFDO>
      <RSFDO>
       <PARAMETER>M_TAB</PARAMETER>
       <KIND>P</KIND>
       <STEXT>Mustertabelle mit Daten</STEXT>
       <INDEX> 002</INDEX>
      </RSFDO>
      <RSFDO>
       <PARAMETER>FILL</PARAMETER>
       <KIND>P</KIND>
       <STEXT>Einstelliges Kennzeichen</STEXT>
       <INDEX> 003</INDEX>
      </RSFDO>
      <RSFDO>
       <PARAMETER>ERRORS</PARAMETER>
       <KIND>P</KIND>
       <STEXT>Aufgetretene Fehlerursachen</STEXT>
       <INDEX> 004</INDEX>
      </RSFDO>
      <RSFDO>
       <PARAMETER>T_TAB_NOT_EXIST</PARAMETER>
       <KIND>X</KIND>
       <STEXT>Teilnehmertabelle existiert nicht</STEXT>
       <INDEX> 005</INDEX>
      </RSFDO>
      <RSFDO>
       <PARAMETER>T_TAB_NOT_ACTIVE</PARAMETER>
       <KIND>X</KIND>
       <STEXT>Teilnehmertabelle existiert, ist aber inaktiv</STEXT>
       <INDEX> 006</INDEX>
      </RSFDO>
      <RSFDO>
       <PARAMETER>M_TAB_NOT_ACTIVE</PARAMETER>
       <KIND>X</KIND>
       <STEXT>Mustertabelle nicht aktiv, fataler Fehler</STEXT>
       <INDEX> 007</INDEX>
      </RSFDO>
      <RSFDO>
       <PARAMETER>SYSTEM_INCONSISTENT</PARAMETER>
       <KIND>X</KIND>
       <STEXT>Inkonsistenz, DDIC-Schnittstellen laufen nicht</STEXT>
       <INDEX> 008</INDEX>
      </RSFDO>
     </DOCUMENTATION>
    </item>
    <item>
     <FUNCNAME>ZBC430_DOMA_COMP</FUNCNAME>
     <SHORT_TEXT>Vergleich zweier Domänen und ihrer Festwerte</SHORT_TEXT>
     <IMPORT>
      <RSIMP>
       <PARAMETER>T_DOMA</PARAMETER>
       <DBFIELD>DD01L-DOMNAME</DBFIELD>
      </RSIMP>
      <RSIMP>
       <PARAMETER>M_DOMA</PARAMETER>
       <DBFIELD>DD01L-DOMNAME</DBFIELD>
      </RSIMP>
     </IMPORT>
     <TABLES>
      <RSTBL>
       <PARAMETER>ERRORS</PARAMETER>
       <DBSTRUCT>BC430_ERROR</DBSTRUCT>
      </RSTBL>
     </TABLES>
     <EXCEPTION>
      <RSEXC>
       <EXCEPTION>T_DOMA_NOT_EXIST</EXCEPTION>
      </RSEXC>
      <RSEXC>
       <EXCEPTION>T_DOMA_NOT_ACTIVE</EXCEPTION>
      </RSEXC>
      <RSEXC>
       <EXCEPTION>M_DOMA_NOT_ACTIVE</EXCEPTION>
      </RSEXC>
      <RSEXC>
       <EXCEPTION>SYSTEM_INCONSISTENT</EXCEPTION>
      </RSEXC>
     </EXCEPTION>
     <DOCUMENTATION>
      <RSFDO>
       <PARAMETER>T_DOMA</PARAMETER>
       <KIND>P</KIND>
       <STEXT>Domäne der Teilnehmer</STEXT>
       <INDEX> 001</INDEX>
      </RSFDO>
      <RSFDO>
       <PARAMETER>M_DOMA</PARAMETER>
       <KIND>P</KIND>
       <STEXT>Vordefinierte Domäne</STEXT>
       <INDEX> 002</INDEX>
      </RSFDO>
      <RSFDO>
       <PARAMETER>ERRORS</PARAMETER>
       <KIND>P</KIND>
       <STEXT>Aufgetretene Fehler</STEXT>
       <INDEX> 003</INDEX>
      </RSFDO>
      <RSFDO>
       <PARAMETER>T_DOMA_NOT_EXIST</PARAMETER>
       <KIND>X</KIND>
       <STEXT>Teilnehmerdomäne existiert nicht</STEXT>
       <INDEX> 004</INDEX>
      </RSFDO>
      <RSFDO>
       <PARAMETER>T_DOMA_NOT_ACTIVE</PARAMETER>
       <KIND>X</KIND>
       <STEXT>Teilnehmerdomäne existiert, aber nicht aktiv</STEXT>
       <INDEX> 005</INDEX>
      </RSFDO>
      <RSFDO>
       <PARAMETER>M_DOMA_NOT_ACTIVE</PARAMETER>
       <KIND>X</KIND>
       <STEXT>Vordefinierte Domäne nicht aktiv, fataler Fehler</STEXT>
       <INDEX> 006</INDEX>
      </RSFDO>
      <RSFDO>
       <PARAMETER>SYSTEM_INCONSISTENT</PARAMETER>
       <KIND>X</KIND>
       <STEXT>Inkonsistenz, DDIC-Schnittstellen laufen nicht</STEXT>
       <INDEX> 007</INDEX>
      </RSFDO>
     </DOCUMENTATION>
    </item>
    <item>
     <FUNCNAME>ZBC430_FKEY_COMP</FUNCNAME>
     <SHORT_TEXT>Vergleich zweier Fremdschlüssel</SHORT_TEXT>
     <IMPORT>
      <RSIMP>
       <PARAMETER>T_FS_TAB</PARAMETER>
       <DBFIELD>DD03L-TABNAME</DBFIELD>
      </RSIMP>
      <RSIMP>
       <PARAMETER>T_PT_TAB</PARAMETER>
       <DBFIELD>DD03L-TABNAME</DBFIELD>
      </RSIMP>
      <RSIMP>
       <PARAMETER>M_FS_TAB</PARAMETER>
       <DBFIELD>DD03L-TABNAME</DBFIELD>
      </RSIMP>
      <RSIMP>
       <PARAMETER>M_PT_TAB</PARAMETER>
       <DBFIELD>DD03L-TABNAME</DBFIELD>
      </RSIMP>
     </IMPORT>
     <TABLES>
      <RSTBL>
       <PARAMETER>ERRORS</PARAMETER>
       <DBSTRUCT>BC430_ERROR</DBSTRUCT>
      </RSTBL>
     </TABLES>
     <EXCEPTION>
      <RSEXC>
       <EXCEPTION>T_TAB_NOT_ACTIVE</EXCEPTION>
      </RSEXC>
      <RSEXC>
       <EXCEPTION>M_TAB_NOT_ACTIVE</EXCEPTION>
      </RSEXC>
      <RSEXC>
       <EXCEPTION>SYSTEM_INCONSISTENT</EXCEPTION>
      </RSEXC>
     </EXCEPTION>
     <DOCUMENTATION>
      <RSFDO>
       <PARAMETER>T_FS_TAB</PARAMETER>
       <KIND>P</KIND>
       <INDEX> 001</INDEX>
      </RSFDO>
      <RSFDO>
       <PARAMETER>T_PT_TAB</PARAMETER>
       <KIND>P</KIND>
       <INDEX> 002</INDEX>
      </RSFDO>
      <RSFDO>
       <PARAMETER>M_FS_TAB</PARAMETER>
       <KIND>P</KIND>
       <INDEX> 003</INDEX>
      </RSFDO>
      <RSFDO>
       <PARAMETER>M_PT_TAB</PARAMETER>
       <KIND>P</KIND>
       <INDEX> 004</INDEX>
      </RSFDO>
      <RSFDO>
       <PARAMETER>ERRORS</PARAMETER>
       <KIND>P</KIND>
       <INDEX> 005</INDEX>
      </RSFDO>
      <RSFDO>
       <PARAMETER>T_TAB_NOT_ACTIVE</PARAMETER>
       <KIND>X</KIND>
       <STEXT>Fremdschlüsseltabelle der Teiln. nicht aktiv</STEXT>
       <INDEX> 006</INDEX>
      </RSFDO>
      <RSFDO>
       <PARAMETER>M_TAB_NOT_ACTIVE</PARAMETER>
       <KIND>X</KIND>
       <STEXT>Vordef. Tab. nicht aktiv, fataler Fehler</STEXT>
       <INDEX> 007</INDEX>
      </RSFDO>
      <RSFDO>
       <PARAMETER>SYSTEM_INCONSISTENT</PARAMETER>
       <KIND>X</KIND>
       <STEXT>Inkonsistenz, DDIC-Schnittstellen laufen nicht</STEXT>
       <INDEX> 008</INDEX>
      </RSFDO>
     </DOCUMENTATION>
    </item>
    <item>
     <FUNCNAME>ZBC430_INDX_COMP</FUNCNAME>
     <SHORT_TEXT>BC430: Vergleich zweier Indizes</SHORT_TEXT>
     <IMPORT>
      <RSIMP>
       <PARAMETER>T_TAB</PARAMETER>
       <DBFIELD>DD03L-TABNAME</DBFIELD>
      </RSIMP>
      <RSIMP>
       <PARAMETER>M_TAB</PARAMETER>
       <DBFIELD>DD03L-TABNAME</DBFIELD>
      </RSIMP>
      <RSIMP>
       <PARAMETER>T_IND</PARAMETER>
       <DBFIELD>DD12V-INDEXNAME</DBFIELD>
      </RSIMP>
      <RSIMP>
       <PARAMETER>M_IND</PARAMETER>
       <DBFIELD>DD12V-INDEXNAME</DBFIELD>
      </RSIMP>
     </IMPORT>
     <TABLES>
      <RSTBL>
       <PARAMETER>ERRORS</PARAMETER>
       <DBSTRUCT>BC430_ERROR</DBSTRUCT>
      </RSTBL>
     </TABLES>
     <EXCEPTION>
      <RSEXC>
       <EXCEPTION>T_INDX_NOT_ACTIVE</EXCEPTION>
      </RSEXC>
      <RSEXC>
       <EXCEPTION>M_INDX_NOT_ACTIVE</EXCEPTION>
      </RSEXC>
      <RSEXC>
       <EXCEPTION>SYSTEM_INCONSISTENT</EXCEPTION>
      </RSEXC>
      <RSEXC>
       <EXCEPTION>T_INDX_NOT_EXIST</EXCEPTION>
      </RSEXC>
     </EXCEPTION>
     <DOCUMENTATION>
      <RSFDO>
       <PARAMETER>T_TAB</PARAMETER>
       <KIND>P</KIND>
       <STEXT>Tabelle der Teilnehmer</STEXT>
       <INDEX> 001</INDEX>
      </RSFDO>
      <RSFDO>
       <PARAMETER>M_TAB</PARAMETER>
       <KIND>P</KIND>
       <STEXT>Vordefinierte Tabelle</STEXT>
       <INDEX> 002</INDEX>
      </RSFDO>
      <RSFDO>
       <PARAMETER>T_IND</PARAMETER>
       <KIND>P</KIND>
       <STEXT>Indexkennung Teilnehmer</STEXT>
       <INDEX> 003</INDEX>
      </RSFDO>
      <RSFDO>
       <PARAMETER>M_IND</PARAMETER>
       <KIND>P</KIND>
       <STEXT>Indexkennung vordef. Tabelle</STEXT>
       <INDEX> 004</INDEX>
      </RSFDO>
      <RSFDO>
       <PARAMETER>ERRORS</PARAMETER>
       <KIND>P</KIND>
       <STEXT>Tabelle für Report der Fehler</STEXT>
       <INDEX> 005</INDEX>
      </RSFDO>
      <RSFDO>
       <PARAMETER>T_INDX_NOT_ACTIVE</PARAMETER>
       <KIND>X</KIND>
       <STEXT>Index der Teilnehmer nicht aktiv</STEXT>
       <INDEX> 006</INDEX>
      </RSFDO>
      <RSFDO>
       <PARAMETER>M_INDX_NOT_ACTIVE</PARAMETER>
       <KIND>X</KIND>
       <STEXT>Index aus Vorlage nicht aktiv, fataler Fehler</STEXT>
       <INDEX> 007</INDEX>
      </RSFDO>
      <RSFDO>
       <PARAMETER>SYSTEM_INCONSISTENT</PARAMETER>
       <KIND>X</KIND>
       <STEXT>DD-Schnittstellen laufen nicht, fataler Fehler</STEXT>
       <INDEX> 008</INDEX>
      </RSFDO>
      <RSFDO>
       <PARAMETER>T_INDX_NOT_EXIST</PARAMETER>
       <KIND>X</KIND>
       <STEXT>Index der Teilnehmer nicht vorhanden</STEXT>
       <INDEX> 009</INDEX>
      </RSFDO>
     </DOCUMENTATION>
    </item>
    <item>
     <FUNCNAME>ZBC430_TABT_COMP</FUNCNAME>
     <SHORT_TEXT>Vergleiche technische Einstellungen</SHORT_TEXT>
     <IMPORT>
      <RSIMP>
       <PARAMETER>T_TAB</PARAMETER>
       <DBFIELD>DD03L-TABNAME</DBFIELD>
      </RSIMP>
      <RSIMP>
       <PARAMETER>M_TAB</PARAMETER>
       <DBFIELD>DD03L-TABNAME</DBFIELD>
      </RSIMP>
     </IMPORT>
     <TABLES>
      <RSTBL>
       <PARAMETER>ERRORS</PARAMETER>
       <DBSTRUCT>BC430_ERROR</DBSTRUCT>
      </RSTBL>
     </TABLES>
     <EXCEPTION>
      <RSEXC>
       <EXCEPTION>T_TSET_NOT_ACTIVE</EXCEPTION>
      </RSEXC>
      <RSEXC>
       <EXCEPTION>M_TSET_NOT_ACTIVE</EXCEPTION>
      </RSEXC>
      <RSEXC>
       <EXCEPTION>SYSTEM_INCONSISTENT</EXCEPTION>
      </RSEXC>
     </EXCEPTION>
     <DOCUMENTATION>
      <RSFDO>
       <PARAMETER>T_TAB</PARAMETER>
       <KIND>P</KIND>
       <STEXT>Tabelle der Teilnehmer</STEXT>
       <INDEX> 001</INDEX>
      </RSFDO>
      <RSFDO>
       <PARAMETER>M_TAB</PARAMETER>
       <KIND>P</KIND>
       <STEXT>Vordefinierte Tabelle</STEXT>
       <INDEX> 002</INDEX>
      </RSFDO>
      <RSFDO>
       <PARAMETER>ERRORS</PARAMETER>
       <KIND>P</KIND>
       <STEXT>Tabelle für Report der Fehler</STEXT>
       <INDEX> 003</INDEX>
      </RSFDO>
      <RSFDO>
       <PARAMETER>T_TSET_NOT_ACTIVE</PARAMETER>
       <KIND>X</KIND>
       <STEXT>Tech. Eig. Teilnehmertabelle sind nicht aktiv</STEXT>
       <INDEX> 004</INDEX>
      </RSFDO>
      <RSFDO>
       <PARAMETER>M_TSET_NOT_ACTIVE</PARAMETER>
       <KIND>X</KIND>
       <STEXT>Tech. Eig. Vorlage sind nicht aktiv, fataler Fehler</STEXT>
       <INDEX> 005</INDEX>
      </RSFDO>
      <RSFDO>
       <PARAMETER>SYSTEM_INCONSISTENT</PARAMETER>
       <KIND>X</KIND>
       <STEXT>DD-Schnittstellen laufen nicht, fataler Fehler</STEXT>
       <INDEX> 006</INDEX>
      </RSFDO>
     </DOCUMENTATION>
    </item>
    <item>
     <FUNCNAME>ZVIEWFRAME_SBUSPARTS</FUNCNAME>
     <SHORT_TEXT>erweiterte Tabellenpflege obere Ebene</SHORT_TEXT>
     <IMPORT>
      <RSIMP>
       <PARAMETER>VIEW_ACTION</PARAMETER>
       <DEFAULT>&apos;S&apos;</DEFAULT>
       <OPTIONAL>X</OPTIONAL>
      </RSIMP>
      <RSIMP>
       <PARAMETER>VIEW_NAME</PARAMETER>
       <DBFIELD>DD02V-TABNAME</DBFIELD>
      </RSIMP>
      <RSIMP>
       <PARAMETER>CORR_NUMBER</PARAMETER>
       <DBFIELD>E070-TRKORR</DBFIELD>
       <DEFAULT>&apos; &apos;</DEFAULT>
       <OPTIONAL>X</OPTIONAL>
      </RSIMP>
     </IMPORT>
     <TABLES>
      <RSTBL>
       <PARAMETER>DBA_SELLIST</PARAMETER>
       <DBSTRUCT>VIMSELLIST</DBSTRUCT>
      </RSTBL>
      <RSTBL>
       <PARAMETER>DPL_SELLIST</PARAMETER>
       <DBSTRUCT>VIMSELLIST</DBSTRUCT>
      </RSTBL>
      <RSTBL>
       <PARAMETER>EXCL_CUA_FUNCT</PARAMETER>
       <DBSTRUCT>VIMEXCLFUN</DBSTRUCT>
      </RSTBL>
      <RSTBL>
       <PARAMETER>X_HEADER</PARAMETER>
       <DBSTRUCT>VIMDESC</DBSTRUCT>
      </RSTBL>
      <RSTBL>
       <PARAMETER>X_NAMTAB</PARAMETER>
       <DBSTRUCT>VIMNAMTAB</DBSTRUCT>
      </RSTBL>
     </TABLES>
     <EXCEPTION>
      <RSEXC>
       <EXCEPTION>NO_VALUE_FOR_SUBSET_IDENT</EXCEPTION>
      </RSEXC>
      <RSEXC>
       <EXCEPTION>MISSING_CORR_NUMBER</EXCEPTION>
      </RSEXC>
     </EXCEPTION>
     <DOCUMENTATION>
      <RSFDO>
       <PARAMETER>VIEW_ACTION</PARAMETER>
       <KIND>P</KIND>
       <STEXT>Aktion mit dem View: anzeigen/ändern (S/U)</STEXT>
       <INDEX> 001</INDEX>
      </RSFDO>
      <RSFDO>
       <PARAMETER>VIEW_NAME</PARAMETER>
       <KIND>P</KIND>
       <STEXT>Name des Views</STEXT>
       <INDEX> 002</INDEX>
      </RSFDO>
      <RSFDO>
       <PARAMETER>CORR_NUMBER</PARAMETER>
       <KIND>P</KIND>
       <STEXT>Korrekturnummer für durchgeführte Änderungen</STEXT>
       <INDEX> 003</INDEX>
      </RSFDO>
      <RSFDO>
       <PARAMETER>DBA_SELLIST</PARAMETER>
       <KIND>P</KIND>
       <STEXT>Selektionsbedingungen für den DB-Zugriff</STEXT>
       <INDEX> 004</INDEX>
      </RSFDO>
      <RSFDO>
       <PARAMETER>DPL_SELLIST</PARAMETER>
       <KIND>P</KIND>
       <STEXT>Selektionsbedingungen für die Anzeige</STEXT>
       <INDEX> 005</INDEX>
      </RSFDO>
      <RSFDO>
       <PARAMETER>EXCL_CUA_FUNCT</PARAMETER>
       <KIND>P</KIND>
       <STEXT>Tabelle mit dynam. zu deaktivierenden CUA-Funkt.</STEXT>
       <INDEX> 006</INDEX>
      </RSFDO>
      <RSFDO>
       <PARAMETER>X_HEADER</PARAMETER>
       <KIND>P</KIND>
       <STEXT>Kontrollblocktabelle für den View</STEXT>
       <INDEX> 007</INDEX>
      </RSFDO>
      <RSFDO>
       <PARAMETER>X_NAMTAB</PARAMETER>
       <KIND>P</KIND>
       <STEXT>Kontrollblocktabelle für die View-Felder</STEXT>
       <INDEX> 008</INDEX>
      </RSFDO>
      <RSFDO>
       <PARAMETER>NO_VALUE_FOR_SUBSET_IDENT</PARAMETER>
       <KIND>X</KIND>
       <STEXT>für &apos;SUBSET&apos;-Feld wurde kein Wert vorgegeben</STEXT>
       <INDEX> 009</INDEX>
      </RSFDO>
      <RSFDO>
       <PARAMETER>MISSING_CORR_NUMBER</PARAMETER>
       <KIND>X</KIND>
       <STEXT>Korrekturnummer fehlt</STEXT>
       <INDEX> 010</INDEX>
      </RSFDO>
     </DOCUMENTATION>
    </item>
    <item>
     <FUNCNAME>ZVIEWPROC_SBUSPARTS</FUNCNAME>
     <GLOBAL_FLAG>X</GLOBAL_FLAG>
     <SHORT_TEXT>erweiterte Tabellenpflege untere Ebene</SHORT_TEXT>
     <IMPORT>
      <RSIMP>
       <PARAMETER>FCODE</PARAMETER>
       <DEFAULT>&apos;RDED&apos;</DEFAULT>
       <OPTIONAL>X</OPTIONAL>
      </RSIMP>
      <RSIMP>
       <PARAMETER>VIEW_ACTION</PARAMETER>
       <DEFAULT>&apos;S&apos;</DEFAULT>
       <OPTIONAL>X</OPTIONAL>
      </RSIMP>
      <RSIMP>
       <PARAMETER>VIEW_NAME</PARAMETER>
       <DBFIELD>DD02V-TABNAME</DBFIELD>
      </RSIMP>
      <RSIMP>
       <PARAMETER>CORR_NUMBER</PARAMETER>
       <DBFIELD>E070-TRKORR</DBFIELD>
       <DEFAULT>&apos; &apos;</DEFAULT>
       <OPTIONAL>X</OPTIONAL>
      </RSIMP>
     </IMPORT>
     <EXPORT>
      <RSEXP>
       <PARAMETER>LAST_ACT_ENTRY</PARAMETER>
      </RSEXP>
      <RSEXP>
       <PARAMETER>UCOMM</PARAMETER>
      </RSEXP>
      <RSEXP>
       <PARAMETER>UPDATE_REQUIRED</PARAMETER>
      </RSEXP>
     </EXPORT>
     <TABLES>
      <RSTBL>
       <PARAMETER>CORR_KEYTAB</PARAMETER>
       <DBSTRUCT>E071K</DBSTRUCT>
      </RSTBL>
      <RSTBL>
       <PARAMETER>DBA_SELLIST</PARAMETER>
       <DBSTRUCT>VIMSELLIST</DBSTRUCT>
      </RSTBL>
      <RSTBL>
       <PARAMETER>DPL_SELLIST</PARAMETER>
       <DBSTRUCT>VIMSELLIST</DBSTRUCT>
      </RSTBL>
      <RSTBL>
       <PARAMETER>EXCL_CUA_FUNCT</PARAMETER>
       <DBSTRUCT>VIMEXCLFUN</DBSTRUCT>
      </RSTBL>
      <RSTBL>
       <PARAMETER>EXTRACT</PARAMETER>
      </RSTBL>
      <RSTBL>
       <PARAMETER>TOTAL</PARAMETER>
      </RSTBL>
      <RSTBL>
       <PARAMETER>X_HEADER</PARAMETER>
       <DBSTRUCT>VIMDESC</DBSTRUCT>
      </RSTBL>
      <RSTBL>
       <PARAMETER>X_NAMTAB</PARAMETER>
       <DBSTRUCT>VIMNAMTAB</DBSTRUCT>
      </RSTBL>
     </TABLES>
     <EXCEPTION>
      <RSEXC>
       <EXCEPTION>NO_VALUE_FOR_SUBSET_IDENT</EXCEPTION>
      </RSEXC>
      <RSEXC>
       <EXCEPTION>MISSING_CORR_NUMBER</EXCEPTION>
      </RSEXC>
      <RSEXC>
       <EXCEPTION>SAVING_CORRECTION_FAILED</EXCEPTION>
      </RSEXC>
     </EXCEPTION>
     <DOCUMENTATION>
      <RSFDO>
       <PARAMETER>FCODE</PARAMETER>
       <KIND>P</KIND>
       <STEXT>gewünschte Funktion des Bausteins</STEXT>
       <INDEX> 001</INDEX>
      </RSFDO>
      <RSFDO>
       <PARAMETER>VIEW_ACTION</PARAMETER>
       <KIND>P</KIND>
       <STEXT>Aktion mit dem View: anzeigen/ändern (S/U)</STEXT>
       <INDEX> 002</INDEX>
      </RSFDO>
      <RSFDO>
       <PARAMETER>VIEW_NAME</PARAMETER>
       <KIND>P</KIND>
       <STEXT>Name des Views</STEXT>
       <INDEX> 003</INDEX>
      </RSFDO>
      <RSFDO>
       <PARAMETER>CORR_NUMBER</PARAMETER>
       <KIND>P</KIND>
       <STEXT>Korrekturnummer für durchgeführte Änderungen</STEXT>
       <INDEX> 004</INDEX>
      </RSFDO>
      <RSFDO>
       <PARAMETER>LAST_ACT_ENTRY</PARAMETER>
       <KIND>P</KIND>
       <STEXT>Index der Cursorposition in der Anzeigetabelle</STEXT>
       <INDEX> 005</INDEX>
      </RSFDO>
      <RSFDO>
       <PARAMETER>UCOMM</PARAMETER>
       <KIND>P</KIND>
       <STEXT>letztes User-command innerhalb der Viewpflege</STEXT>
       <INDEX> 006</INDEX>
      </RSFDO>
      <RSFDO>
       <PARAMETER>UPDATE_REQUIRED</PARAMETER>
       <KIND>P</KIND>
       <STEXT>Flag: Einträge verändert, Sichern erforderlich</STEXT>
       <INDEX> 007</INDEX>
      </RSFDO>
      <RSFDO>
       <PARAMETER>CORR_KEYTAB</PARAMETER>
       <KIND>P</KIND>
       <STEXT>Tabelle mit den Keys der zu transport. Einträge</STEXT>
       <INDEX> 008</INDEX>
      </RSFDO>
      <RSFDO>
       <PARAMETER>DBA_SELLIST</PARAMETER>
       <KIND>P</KIND>
       <STEXT>Selektionsbedingungen für den DB-Zugriff</STEXT>
       <INDEX> 009</INDEX>
      </RSFDO>
      <RSFDO>
       <PARAMETER>DPL_SELLIST</PARAMETER>
       <KIND>P</KIND>
       <STEXT>Selektionsbedingungen für die Anzeige</STEXT>
       <INDEX> 010</INDEX>
      </RSFDO>
      <RSFDO>
       <PARAMETER>EXCL_CUA_FUNCT</PARAMETER>
       <KIND>P</KIND>
       <STEXT>Tab. der nicht zu aktivierenden CUA-Funktionen</STEXT>
       <INDEX> 011</INDEX>
      </RSFDO>
      <RSFDO>
       <PARAMETER>EXTRACT</PARAMETER>
       <KIND>P</KIND>
       <STEXT>Tab. der gerade sichtbaren Daten (Anzeigetabelle</STEXT>
       <INDEX> 012</INDEX>
      </RSFDO>
      <RSFDO>
       <PARAMETER>TOTAL</PARAMETER>
       <KIND>P</KIND>
       <STEXT>Tabelle, mit allen von der DB gelesenen Daten</STEXT>
       <INDEX> 013</INDEX>
      </RSFDO>
      <RSFDO>
       <PARAMETER>X_HEADER</PARAMETER>
       <KIND>P</KIND>
       <STEXT>Kontrollblocktabelle für den View</STEXT>
       <INDEX> 014</INDEX>
      </RSFDO>
      <RSFDO>
       <PARAMETER>X_NAMTAB</PARAMETER>
       <KIND>P</KIND>
       <STEXT>Kontrollblocktabelle für die View-Felder</STEXT>
       <INDEX> 015</INDEX>
      </RSFDO>
      <RSFDO>
       <PARAMETER>NO_VALUE_FOR_SUBSET_IDENT</PARAMETER>
       <KIND>X</KIND>
       <STEXT>für ein &apos;SUBSET&apos;-Feld wurde kein Wert vorgegeben</STEXT>
       <INDEX> 016</INDEX>
      </RSFDO>
      <RSFDO>
       <PARAMETER>MISSING_CORR_NUMBER</PARAMETER>
       <KIND>X</KIND>
       <STEXT>Korrekturnummer fehlt</STEXT>
       <INDEX> 017</INDEX>
      </RSFDO>
      <RSFDO>
       <PARAMETER>SAVING_CORRECTION_FAILED</PARAMETER>
       <KIND>X</KIND>
       <STEXT>Fehler beim Sichern der Korrektureinträge</STEXT>
       <INDEX> 018</INDEX>
      </RSFDO>
     </DOCUMENTATION>
    </item>
   </FUNCTIONS>
   <DYNPROS>
    <item>
     <HEADER>
      <PROGRAM>SAPLZBC430</PROGRAM>
      <SCREEN>0100</SCREEN>
      <LANGUAGE>D</LANGUAGE>
      <DESCRIPT>Viewpflege: Übersichtsbild         SBUSPARTS</DESCRIPT>
      <TYPE>N</TYPE>
      <NEXTSCREEN>0100</NEXTSCREEN>
      <LINES>061</LINES>
      <COLUMNS>083</COLUMNS>
      <NO_COMPR>X</NO_COMPR>
      <NO_EXECUTE>X</NO_EXECUTE>
      <KEEP_SCPOS>X</KEEP_SCPOS>
     </HEADER>
     <CONTAINERS>
      <RPY_DYCATT>
       <TYPE>SCREEN</TYPE>
       <NAME>SCREEN</NAME>
      </RPY_DYCATT>
      <RPY_DYCATT>
       <TYPE>TABLE_CTRL</TYPE>
       <NAME>TCTRL_SBUSPARTS</NAME>
       <ELEMENT_OF>SCREEN</ELEMENT_OF>
       <LINE>001</LINE>
       <COLUMN>001</COLUMN>
       <LENGTH>083</LENGTH>
       <HEIGHT>059</HEIGHT>
       <C_RESIZE_V>X</C_RESIZE_V>
       <C_RESIZE_H>X</C_RESIZE_H>
       <C_SCROLL_V>X</C_SCROLL_V>
       <C_SCROLL_H>X</C_SCROLL_H>
       <TC_TABTYPE>ENTRY</TC_TABTYPE>
       <TC_SEPAR_V>X</TC_SEPAR_V>
       <TC_SEPAR_H>X</TC_SEPAR_H>
       <TC_HEADER>X</TC_HEADER>
       <TC_CONFIG>X</TC_CONFIG>
       <TC_SEL_LNS>MULTIPLE</TC_SEL_LNS>
       <TC_SEL_CLS>NONE</TC_SEL_CLS>
       <TC_LSEL_CL>X</TC_LSEL_CL>
       <TC_FIXCOL>001</TC_FIXCOL>
      </RPY_DYCATT>
     </CONTAINERS>
     <FIELDS>
      <RPY_DYFATC>
       <CONT_TYPE>SCREEN</CONT_TYPE>
       <CONT_NAME>SCREEN</CONT_NAME>
       <TYPE>PUSH_TMPL</TYPE>
       <NAME>VIM_POSI_PUSH</NAME>
       <TEXT>____________________</TEXT>
       <LINE>061</LINE>
       <COLUMN>033</COLUMN>
       <LENGTH>020</LENGTH>
       <VISLENGTH>020</VISLENGTH>
       <HEIGHT>001</HEIGHT>
       <PUSH_FCODE>POSI</PUSH_FCODE>
       <FORMAT>CHAR</FORMAT>
       <UP_LOWER>X</UP_LOWER>
       <OUTPUT_FLD>X</OUTPUT_FLD>
       <REQU_ENTRY>N</REQU_ENTRY>
      </RPY_DYFATC>
      <RPY_DYFATC>
       <CONT_TYPE>SCREEN</CONT_TYPE>
       <CONT_NAME>SCREEN</CONT_NAME>
       <TYPE>TEMPLATE</TYPE>
       <NAME>VIM_POSITION_INFO</NAME>
       <TEXT>______________________________</TEXT>
       <LINE>061</LINE>
       <COLUMN>054</COLUMN>
       <LENGTH>030</LENGTH>
       <VISLENGTH>030</VISLENGTH>
       <HEIGHT>001</HEIGHT>
       <FORMAT>CHAR</FORMAT>
       <UP_LOWER>X</UP_LOWER>
       <OUTPUT_FLD>X</OUTPUT_FLD>
       <REQU_ENTRY>N</REQU_ENTRY>
       <_--32_DIMENS>X</_--32_DIMENS>
      </RPY_DYFATC>
      <RPY_DYFATC>
       <CONT_TYPE>SCREEN</CONT_TYPE>
       <CONT_NAME>SCREEN</CONT_NAME>
       <TYPE>OKCODE</TYPE>
       <NAME>OK_CODE</NAME>
       <TEXT>____________________</TEXT>
       <LENGTH>020</LENGTH>
       <VISLENGTH>020</VISLENGTH>
       <HEIGHT>001</HEIGHT>
       <FORMAT>CHAR</FORMAT>
       <INPUT_FLD>X</INPUT_FLD>
      </RPY_DYFATC>
      <RPY_DYFATC>
       <CONT_TYPE>TABLE_CTRL</CONT_TYPE>
       <CONT_NAME>TCTRL_SBUSPARTS</CONT_NAME>
       <TYPE>TEXT</TYPE>
       <NAME>*SBUSPARTS-BUSPARTNUM</NAME>
       <TEXT>Fluggp.</TEXT>
       <LINE>001</LINE>
       <COLUMN>001</COLUMN>
       <LENGTH>007</LENGTH>
       <VISLENGTH>008</VISLENGTH>
       <HEIGHT>001</HEIGHT>
       <FORMAT>CHAR</FORMAT>
       <FROM_DICT>X</FROM_DICT>
       <MODIFIC>4</MODIFIC>
       <REQU_ENTRY>N</REQU_ENTRY>
       <BRIGHT>X</BRIGHT>
       <TC_HEADING>X</TC_HEADING>
       <DICT_I_FKD>X</DICT_I_FKD>
      </RPY_DYFATC>
      <RPY_DYFATC>
       <CONT_TYPE>TABLE_CTRL</CONT_TYPE>
       <CONT_NAME>TCTRL_SBUSPARTS</CONT_NAME>
       <TYPE>TEXT</TYPE>
       <NAME>*SBUSPARTS-CONTACT</NAME>
       <TEXT>Ansprechpartner_____</TEXT>
       <LINE>001</LINE>
       <COLUMN>002</COLUMN>
       <LENGTH>020</LENGTH>
       <VISLENGTH>025</VISLENGTH>
       <HEIGHT>001</HEIGHT>
       <FORMAT>CHAR</FORMAT>
       <FROM_DICT>X</FROM_DICT>
       <MODIFIC>3</MODIFIC>
       <UP_LOWER>X</UP_LOWER>
       <REQU_ENTRY>N</REQU_ENTRY>
       <BRIGHT>X</BRIGHT>
       <TC_HEADING>X</TC_HEADING>
       <DICT_I_FKD>X</DICT_I_FKD>
      </RPY_DYFATC>
      <RPY_DYFATC>
       <CONT_TYPE>TABLE_CTRL</CONT_TYPE>
       <CONT_NAME>TCTRL_SBUSPARTS</CONT_NAME>
       <TYPE>TEXT</TYPE>
       <NAME>*SBUSPARTS-CONTPHONO</NAME>
       <TEXT>Telefonnummer</TEXT>
       <LINE>001</LINE>
       <COLUMN>003</COLUMN>
       <LENGTH>013</LENGTH>
       <VISLENGTH>030</VISLENGTH>
       <HEIGHT>001</HEIGHT>
       <FORMAT>CHAR</FORMAT>
       <FROM_DICT>X</FROM_DICT>
       <MODIFIC>3</MODIFIC>
       <REQU_ENTRY>N</REQU_ENTRY>
       <BRIGHT>X</BRIGHT>
       <TC_HEADING>X</TC_HEADING>
       <DICT_I_FKD>X</DICT_I_FKD>
      </RPY_DYFATC>
      <RPY_DYFATC>
       <CONT_TYPE>TABLE_CTRL</CONT_TYPE>
       <CONT_NAME>TCTRL_SBUSPARTS</CONT_NAME>
       <TYPE>TEXT</TYPE>
       <NAME>*SBUSPARTS-BUSPATYP</NAME>
       <TEXT>Geschpkenz</TEXT>
       <LINE>001</LINE>
       <COLUMN>004</COLUMN>
       <LENGTH>010</LENGTH>
       <VISLENGTH>010</VISLENGTH>
       <HEIGHT>001</HEIGHT>
       <FORMAT>CHAR</FORMAT>
       <FROM_DICT>X</FROM_DICT>
       <MODIFIC>1</MODIFIC>
       <REQU_ENTRY>N</REQU_ENTRY>
       <BRIGHT>X</BRIGHT>
       <TC_HEADING>X</TC_HEADING>
       <DICT_I_FKD>X</DICT_I_FKD>
       <DICT_I_VAL>X</DICT_I_VAL>
      </RPY_DYFATC>
      <RPY_DYFATC>
       <CONT_TYPE>TABLE_CTRL</CONT_TYPE>
       <CONT_NAME>TCTRL_SBUSPARTS</CONT_NAME>
       <TYPE>TEXT</TYPE>
       <NAME>*SBUSPARTS-NAME</NAME>
       <TEXT>Name_des_Reisebüros______</TEXT>
       <LINE>001</LINE>
       <COLUMN>005</COLUMN>
       <LENGTH>025</LENGTH>
       <VISLENGTH>025</VISLENGTH>
       <HEIGHT>001</HEIGHT>
       <FORMAT>CHAR</FORMAT>
       <FROM_DICT>X</FROM_DICT>
       <MODIFIC>4</MODIFIC>
       <UP_LOWER>X</UP_LOWER>
       <REQU_ENTRY>N</REQU_ENTRY>
       <BRIGHT>X</BRIGHT>
       <TC_HEADING>X</TC_HEADING>
       <DICT_I_FKD>X</DICT_I_FKD>
      </RPY_DYFATC>
      <RPY_DYFATC>
       <CONT_TYPE>TABLE_CTRL</CONT_TYPE>
       <CONT_NAME>TCTRL_SBUSPARTS</CONT_NAME>
       <TYPE>TEXT</TYPE>
       <NAME>*SBUSPARTS-STREET</NAME>
       <TEXT>Strasse_______________________</TEXT>
       <LINE>001</LINE>
       <COLUMN>006</COLUMN>
       <LENGTH>030</LENGTH>
       <VISLENGTH>030</VISLENGTH>
       <HEIGHT>001</HEIGHT>
       <FORMAT>CHAR</FORMAT>
       <FROM_DICT>X</FROM_DICT>
       <MODIFIC>4</MODIFIC>
       <UP_LOWER>X</UP_LOWER>
       <REQU_ENTRY>N</REQU_ENTRY>
       <BRIGHT>X</BRIGHT>
       <TC_HEADING>X</TC_HEADING>
       <DICT_I_FKD>X</DICT_I_FKD>
      </RPY_DYFATC>
      <RPY_DYFATC>
       <CONT_TYPE>TABLE_CTRL</CONT_TYPE>
       <CONT_NAME>TCTRL_SBUSPARTS</CONT_NAME>
       <TYPE>TEXT</TYPE>
       <NAME>*SBUSPARTS-POSTBOX</NAME>
       <TEXT>Postfach</TEXT>
       <LINE>001</LINE>
       <COLUMN>007</COLUMN>
       <LENGTH>008</LENGTH>
       <VISLENGTH>010</VISLENGTH>
       <HEIGHT>001</HEIGHT>
       <FORMAT>CHAR</FORMAT>
       <FROM_DICT>X</FROM_DICT>
       <MODIFIC>3</MODIFIC>
       <REQU_ENTRY>N</REQU_ENTRY>
       <BRIGHT>X</BRIGHT>
       <TC_HEADING>X</TC_HEADING>
       <DICT_I_FKD>X</DICT_I_FKD>
      </RPY_DYFATC>
      <RPY_DYFATC>
       <CONT_TYPE>TABLE_CTRL</CONT_TYPE>
       <CONT_NAME>TCTRL_SBUSPARTS</CONT_NAME>
       <TYPE>TEXT</TYPE>
       <NAME>*SBUSPARTS-POSTCODE</NAME>
       <TEXT>Pstlz_____</TEXT>
       <LINE>001</LINE>
       <COLUMN>008</COLUMN>
       <LENGTH>010</LENGTH>
       <VISLENGTH>010</VISLENGTH>
       <HEIGHT>001</HEIGHT>
       <FORMAT>CHAR</FORMAT>
       <FROM_DICT>X</FROM_DICT>
       <MODIFIC>1</MODIFIC>
       <REQU_ENTRY>N</REQU_ENTRY>
       <BRIGHT>X</BRIGHT>
       <TC_HEADING>X</TC_HEADING>
       <DICT_I_FKD>X</DICT_I_FKD>
      </RPY_DYFATC>
      <RPY_DYFATC>
       <CONT_TYPE>TABLE_CTRL</CONT_TYPE>
       <CONT_NAME>TCTRL_SBUSPARTS</CONT_NAME>
       <TYPE>TEXT</TYPE>
       <NAME>*SBUSPARTS-CITY</NAME>
       <TEXT>Ort______________________</TEXT>
       <LINE>001</LINE>
       <COLUMN>009</COLUMN>
       <LENGTH>025</LENGTH>
       <VISLENGTH>025</VISLENGTH>
       <HEIGHT>001</HEIGHT>
       <FORMAT>CHAR</FORMAT>
       <FROM_DICT>X</FROM_DICT>
       <MODIFIC>4</MODIFIC>
       <UP_LOWER>X</UP_LOWER>
       <REQU_ENTRY>N</REQU_ENTRY>
       <BRIGHT>X</BRIGHT>
       <TC_HEADING>X</TC_HEADING>
       <DICT_I_FKD>X</DICT_I_FKD>
      </RPY_DYFATC>
      <RPY_DYFATC>
       <CONT_TYPE>TABLE_CTRL</CONT_TYPE>
       <CONT_NAME>TCTRL_SBUSPARTS</CONT_NAME>
       <TYPE>TEXT</TYPE>
       <NAME>*SBUSPARTS-COUNTRY</NAME>
       <TEXT>Land_</TEXT>
       <LINE>001</LINE>
       <COLUMN>010</COLUMN>
       <LENGTH>005</LENGTH>
       <VISLENGTH>005</VISLENGTH>
       <HEIGHT>001</HEIGHT>
       <FORMAT>CHAR</FORMAT>
       <FROM_DICT>X</FROM_DICT>
       <MODIFIC>4</MODIFIC>
       <REQU_ENTRY>N</REQU_ENTRY>
       <BRIGHT>X</BRIGHT>
       <TC_HEADING>X</TC_HEADING>
       <DICT_I_FKD>X</DICT_I_FKD>
      </RPY_DYFATC>
      <RPY_DYFATC>
       <CONT_TYPE>TABLE_CTRL</CONT_TYPE>
       <CONT_NAME>TCTRL_SBUSPARTS</CONT_NAME>
       <TYPE>TEXT</TYPE>
       <NAME>*SBUSPARTS-REGION</NAME>
       <TEXT>Reg_______</TEXT>
       <LINE>001</LINE>
       <COLUMN>011</COLUMN>
       <LENGTH>010</LENGTH>
       <VISLENGTH>010</VISLENGTH>
       <HEIGHT>001</HEIGHT>
       <FORMAT>CHAR</FORMAT>
       <FROM_DICT>X</FROM_DICT>
       <MODIFIC>1</MODIFIC>
       <REQU_ENTRY>N</REQU_ENTRY>
       <BRIGHT>X</BRIGHT>
       <TC_HEADING>X</TC_HEADING>
       <DICT_I_FKD>X</DICT_I_FKD>
      </RPY_DYFATC>
      <RPY_DYFATC>
       <CONT_TYPE>TABLE_CTRL</CONT_TYPE>
       <CONT_NAME>TCTRL_SBUSPARTS</CONT_NAME>
       <TYPE>TEXT</TYPE>
       <NAME>*SBUSPARTS-TELEPHONE</NAME>
       <TEXT>Telefonnummer</TEXT>
       <LINE>001</LINE>
       <COLUMN>012</COLUMN>
       <LENGTH>013</LENGTH>
       <VISLENGTH>030</VISLENGTH>
       <HEIGHT>001</HEIGHT>
       <FORMAT>CHAR</FORMAT>
       <FROM_DICT>X</FROM_DICT>
       <MODIFIC>4</MODIFIC>
       <REQU_ENTRY>N</REQU_ENTRY>
       <BRIGHT>X</BRIGHT>
       <TC_HEADING>X</TC_HEADING>
       <DICT_I_FKD>X</DICT_I_FKD>
      </RPY_DYFATC>
      <RPY_DYFATC>
       <CONT_TYPE>TABLE_CTRL</CONT_TYPE>
       <CONT_NAME>TCTRL_SBUSPARTS</CONT_NAME>
       <TYPE>TEXT</TYPE>
       <NAME>*SBUSPARTS-URL</NAME>
       <TEXT>URL_des_Reisebüros__</TEXT>
       <LINE>001</LINE>
       <COLUMN>013</COLUMN>
       <LENGTH>020</LENGTH>
       <VISLENGTH>050</VISLENGTH>
       <HEIGHT>001</HEIGHT>
       <FORMAT>CHAR</FORMAT>
       <FROM_DICT>X</FROM_DICT>
       <MODIFIC>3</MODIFIC>
       <REQU_ENTRY>N</REQU_ENTRY>
       <BRIGHT>X</BRIGHT>
       <TC_HEADING>X</TC_HEADING>
       <DICT_I_FKD>X</DICT_I_FKD>
      </RPY_DYFATC>
      <RPY_DYFATC>
       <CONT_TYPE>TABLE_CTRL</CONT_TYPE>
       <CONT_NAME>TCTRL_SBUSPARTS</CONT_NAME>
       <TYPE>TEXT</TYPE>
       <NAME>*SBUSPARTS-LANGU</NAME>
       <TEXT>Sprache___</TEXT>
       <LINE>001</LINE>
       <COLUMN>014</COLUMN>
       <LENGTH>010</LENGTH>
       <VISLENGTH>010</VISLENGTH>
       <HEIGHT>001</HEIGHT>
       <FORMAT>CHAR</FORMAT>
       <FROM_DICT>X</FROM_DICT>
       <MODIFIC>1</MODIFIC>
       <UP_LOWER>X</UP_LOWER>
       <REQU_ENTRY>N</REQU_ENTRY>
       <BRIGHT>X</BRIGHT>
       <TC_HEADING>X</TC_HEADING>
       <DICT_I_FKY>X</DICT_I_FKY>
       <DICT_I_FKD>X</DICT_I_FKD>
      </RPY_DYFATC>
      <RPY_DYFATC>
       <CONT_TYPE>TABLE_CTRL</CONT_TYPE>
       <CONT_NAME>TCTRL_SBUSPARTS</CONT_NAME>
       <TYPE>CHECK</TYPE>
       <NAME>VIM_MARKED</NAME>
       <LINE>001</LINE>
       <LENGTH>001</LENGTH>
       <VISLENGTH>001</VISLENGTH>
       <HEIGHT>001</HEIGHT>
       <FORMAT>CHAR</FORMAT>
       <INPUT_FLD>X</INPUT_FLD>
       <OUTPUT_FLD>X</OUTPUT_FLD>
       <TC_SELCOL>X</TC_SELCOL>
      </RPY_DYFATC>
      <RPY_DYFATC>
       <CONT_TYPE>TABLE_CTRL</CONT_TYPE>
       <CONT_NAME>TCTRL_SBUSPARTS</CONT_NAME>
       <TYPE>TEMPLATE</TYPE>
       <NAME>SBUSPARTS-BUSPARTNUM</NAME>
       <TEXT>________</TEXT>
       <LINE>001</LINE>
       <COLUMN>001</COLUMN>
       <LENGTH>008</LENGTH>
       <VISLENGTH>008</VISLENGTH>
       <HEIGHT>001</HEIGHT>
       <GROUP1>KEY</GROUP1>
       <FORMAT>NUMC</FORMAT>
       <FROM_DICT>X</FROM_DICT>
       <FOREIGNKEY>X</FOREIGNKEY>
       <OUTPUT_FLD>X</OUTPUT_FLD>
       <REQU_ENTRY>N</REQU_ENTRY>
      </RPY_DYFATC>
      <RPY_DYFATC>
       <CONT_TYPE>TABLE_CTRL</CONT_TYPE>
       <CONT_NAME>TCTRL_SBUSPARTS</CONT_NAME>
       <TYPE>TEMPLATE</TYPE>
       <NAME>SBUSPARTS-CONTACT</NAME>
       <TEXT>_________________________</TEXT>
       <LINE>001</LINE>
       <COLUMN>002</COLUMN>
       <LENGTH>025</LENGTH>
       <VISLENGTH>025</VISLENGTH>
       <HEIGHT>001</HEIGHT>
       <FORMAT>CHAR</FORMAT>
       <FROM_DICT>X</FROM_DICT>
       <UP_LOWER>X</UP_LOWER>
       <FOREIGNKEY>X</FOREIGNKEY>
       <INPUT_FLD>X</INPUT_FLD>
       <OUTPUT_FLD>X</OUTPUT_FLD>
      </RPY_DYFATC>
      <RPY_DYFATC>
       <CONT_TYPE>TABLE_CTRL</CONT_TYPE>
       <CONT_NAME>TCTRL_SBUSPARTS</CONT_NAME>
       <TYPE>TEMPLATE</TYPE>
       <NAME>SBUSPARTS-CONTPHONO</NAME>
       <TEXT>______________________________</TEXT>
       <LINE>001</LINE>
       <COLUMN>003</COLUMN>
       <LENGTH>030</LENGTH>
       <VISLENGTH>030</VISLENGTH>
       <HEIGHT>001</HEIGHT>
       <FORMAT>CHAR</FORMAT>
       <FROM_DICT>X</FROM_DICT>
       <FOREIGNKEY>X</FOREIGNKEY>
       <INPUT_FLD>X</INPUT_FLD>
       <OUTPUT_FLD>X</OUTPUT_FLD>
      </RPY_DYFATC>
      <RPY_DYFATC>
       <CONT_TYPE>TABLE_CTRL</CONT_TYPE>
       <CONT_NAME>TCTRL_SBUSPARTS</CONT_NAME>
       <TYPE>TEMPLATE</TYPE>
       <NAME>SBUSPARTS-BUSPATYP</NAME>
       <TEXT>__</TEXT>
       <LINE>001</LINE>
       <COLUMN>004</COLUMN>
       <LENGTH>002</LENGTH>
       <VISLENGTH>010</VISLENGTH>
       <HEIGHT>001</HEIGHT>
       <FORMAT>CHAR</FORMAT>
       <FROM_DICT>X</FROM_DICT>
       <FOREIGNKEY>X</FOREIGNKEY>
       <INPUT_FLD>X</INPUT_FLD>
       <OUTPUT_FLD>X</OUTPUT_FLD>
       <DICT_I_VAL>X</DICT_I_VAL>
      </RPY_DYFATC>
      <RPY_DYFATC>
       <CONT_TYPE>TABLE_CTRL</CONT_TYPE>
       <CONT_NAME>TCTRL_SBUSPARTS</CONT_NAME>
       <TYPE>TEMPLATE</TYPE>
       <NAME>SBUSPARTS-NAME</NAME>
       <TEXT>_________________________</TEXT>
       <LINE>001</LINE>
       <COLUMN>005</COLUMN>
       <LENGTH>025</LENGTH>
       <VISLENGTH>025</VISLENGTH>
       <HEIGHT>001</HEIGHT>
       <FORMAT>CHAR</FORMAT>
       <FROM_DICT>X</FROM_DICT>
       <UP_LOWER>X</UP_LOWER>
       <FOREIGNKEY>X</FOREIGNKEY>
       <INPUT_FLD>X</INPUT_FLD>
       <OUTPUT_FLD>X</OUTPUT_FLD>
      </RPY_DYFATC>
      <RPY_DYFATC>
       <CONT_TYPE>TABLE_CTRL</CONT_TYPE>
       <CONT_NAME>TCTRL_SBUSPARTS</CONT_NAME>
       <TYPE>TEMPLATE</TYPE>
       <NAME>SBUSPARTS-STREET</NAME>
       <TEXT>______________________________</TEXT>
       <LINE>001</LINE>
       <COLUMN>006</COLUMN>
       <LENGTH>030</LENGTH>
       <VISLENGTH>030</VISLENGTH>
       <HEIGHT>001</HEIGHT>
       <FORMAT>CHAR</FORMAT>
       <FROM_DICT>X</FROM_DICT>
       <UP_LOWER>X</UP_LOWER>
       <FOREIGNKEY>X</FOREIGNKEY>
       <INPUT_FLD>X</INPUT_FLD>
       <OUTPUT_FLD>X</OUTPUT_FLD>
      </RPY_DYFATC>
      <RPY_DYFATC>
       <CONT_TYPE>TABLE_CTRL</CONT_TYPE>
       <CONT_NAME>TCTRL_SBUSPARTS</CONT_NAME>
       <TYPE>TEMPLATE</TYPE>
       <NAME>SBUSPARTS-POSTBOX</NAME>
       <TEXT>__________</TEXT>
       <LINE>001</LINE>
       <COLUMN>007</COLUMN>
       <LENGTH>010</LENGTH>
       <VISLENGTH>010</VISLENGTH>
       <HEIGHT>001</HEIGHT>
       <FORMAT>CHAR</FORMAT>
       <FROM_DICT>X</FROM_DICT>
       <FOREIGNKEY>X</FOREIGNKEY>
       <INPUT_FLD>X</INPUT_FLD>
       <OUTPUT_FLD>X</OUTPUT_FLD>
      </RPY_DYFATC>
      <RPY_DYFATC>
       <CONT_TYPE>TABLE_CTRL</CONT_TYPE>
       <CONT_NAME>TCTRL_SBUSPARTS</CONT_NAME>
       <TYPE>TEMPLATE</TYPE>
       <NAME>SBUSPARTS-POSTCODE</NAME>
       <TEXT>__________</TEXT>
       <LINE>001</LINE>
       <COLUMN>008</COLUMN>
       <LENGTH>010</LENGTH>
       <VISLENGTH>010</VISLENGTH>
       <HEIGHT>001</HEIGHT>
       <FORMAT>CHAR</FORMAT>
       <FROM_DICT>X</FROM_DICT>
       <FOREIGNKEY>X</FOREIGNKEY>
       <INPUT_FLD>X</INPUT_FLD>
       <OUTPUT_FLD>X</OUTPUT_FLD>
      </RPY_DYFATC>
      <RPY_DYFATC>
       <CONT_TYPE>TABLE_CTRL</CONT_TYPE>
       <CONT_NAME>TCTRL_SBUSPARTS</CONT_NAME>
       <TYPE>TEMPLATE</TYPE>
       <NAME>SBUSPARTS-CITY</NAME>
       <TEXT>_________________________</TEXT>
       <LINE>001</LINE>
       <COLUMN>009</COLUMN>
       <LENGTH>025</LENGTH>
       <VISLENGTH>025</VISLENGTH>
       <HEIGHT>001</HEIGHT>
       <FORMAT>CHAR</FORMAT>
       <FROM_DICT>X</FROM_DICT>
       <UP_LOWER>X</UP_LOWER>
       <FOREIGNKEY>X</FOREIGNKEY>
       <INPUT_FLD>X</INPUT_FLD>
       <OUTPUT_FLD>X</OUTPUT_FLD>
      </RPY_DYFATC>
      <RPY_DYFATC>
       <CONT_TYPE>TABLE_CTRL</CONT_TYPE>
       <CONT_NAME>TCTRL_SBUSPARTS</CONT_NAME>
       <TYPE>TEMPLATE</TYPE>
       <NAME>SBUSPARTS-COUNTRY</NAME>
       <TEXT>___</TEXT>
       <LINE>001</LINE>
       <COLUMN>010</COLUMN>
       <LENGTH>003</LENGTH>
       <VISLENGTH>005</VISLENGTH>
       <HEIGHT>001</HEIGHT>
       <FORMAT>CHAR</FORMAT>
       <FROM_DICT>X</FROM_DICT>
       <FOREIGNKEY>X</FOREIGNKEY>
       <INPUT_FLD>X</INPUT_FLD>
       <OUTPUT_FLD>X</OUTPUT_FLD>
      </RPY_DYFATC>
      <RPY_DYFATC>
       <CONT_TYPE>TABLE_CTRL</CONT_TYPE>
       <CONT_NAME>TCTRL_SBUSPARTS</CONT_NAME>
       <TYPE>TEMPLATE</TYPE>
       <NAME>SBUSPARTS-REGION</NAME>
       <TEXT>___</TEXT>
       <LINE>001</LINE>
       <COLUMN>011</COLUMN>
       <LENGTH>003</LENGTH>
       <VISLENGTH>010</VISLENGTH>
       <HEIGHT>001</HEIGHT>
       <FORMAT>CHAR</FORMAT>
       <FROM_DICT>X</FROM_DICT>
       <FOREIGNKEY>X</FOREIGNKEY>
       <INPUT_FLD>X</INPUT_FLD>
       <OUTPUT_FLD>X</OUTPUT_FLD>
      </RPY_DYFATC>
      <RPY_DYFATC>
       <CONT_TYPE>TABLE_CTRL</CONT_TYPE>
       <CONT_NAME>TCTRL_SBUSPARTS</CONT_NAME>
       <TYPE>TEMPLATE</TYPE>
       <NAME>SBUSPARTS-TELEPHONE</NAME>
       <TEXT>______________________________</TEXT>
       <LINE>001</LINE>
       <COLUMN>012</COLUMN>
       <LENGTH>030</LENGTH>
       <VISLENGTH>030</VISLENGTH>
       <HEIGHT>001</HEIGHT>
       <FORMAT>CHAR</FORMAT>
       <FROM_DICT>X</FROM_DICT>
       <FOREIGNKEY>X</FOREIGNKEY>
       <INPUT_FLD>X</INPUT_FLD>
       <OUTPUT_FLD>X</OUTPUT_FLD>
      </RPY_DYFATC>
      <RPY_DYFATC>
       <CONT_TYPE>TABLE_CTRL</CONT_TYPE>
       <CONT_NAME>TCTRL_SBUSPARTS</CONT_NAME>
       <TYPE>TEMPLATE</TYPE>
       <NAME>SBUSPARTS-URL</NAME>
       <TEXT>____________________________________________________________________________________________________________________________________</TEXT>
       <ROLLING>X</ROLLING>
       <LINE>001</LINE>
       <COLUMN>013</COLUMN>
       <LENGTH>255</LENGTH>
       <VISLENGTH>050</VISLENGTH>
       <HEIGHT>001</HEIGHT>
       <FORMAT>CHAR</FORMAT>
       <FROM_DICT>X</FROM_DICT>
       <UP_LOWER>X</UP_LOWER>
       <FOREIGNKEY>X</FOREIGNKEY>
       <INPUT_FLD>X</INPUT_FLD>
       <OUTPUT_FLD>X</OUTPUT_FLD>
      </RPY_DYFATC>
      <RPY_DYFATC>
       <CONT_TYPE>TABLE_CTRL</CONT_TYPE>
       <CONT_NAME>TCTRL_SBUSPARTS</CONT_NAME>
       <TYPE>TEMPLATE</TYPE>
       <NAME>SBUSPARTS-LANGU</NAME>
       <TEXT>__</TEXT>
       <LINE>001</LINE>
       <COLUMN>014</COLUMN>
       <LENGTH>002</LENGTH>
       <VISLENGTH>010</VISLENGTH>
       <HEIGHT>001</HEIGHT>
       <FORMAT>LANG</FORMAT>
       <FROM_DICT>X</FROM_DICT>
       <CONV_EXIT>ISOLA</CONV_EXIT>
       <PARAM_ID>SPR</PARAM_ID>
       <UP_LOWER>X</UP_LOWER>
       <FOREIGNKEY>X</FOREIGNKEY>
       <INPUT_FLD>X</INPUT_FLD>
       <OUTPUT_FLD>X</OUTPUT_FLD>
       <DICT_I_FKY>X</DICT_I_FKY>
      </RPY_DYFATC>
     </FIELDS>
     <FLOW_LOGIC>
      <RPY_DYFLOW>
       <LINE>PROCESS BEFORE OUTPUT.</LINE>
      </RPY_DYFLOW>
      <RPY_DYFLOW>
       <LINE>MODULE LISTE_INITIALISIEREN.</LINE>
      </RPY_DYFLOW>
      <RPY_DYFLOW>
       <LINE>LOOP AT EXTRACT WITH CONTROL</LINE>
      </RPY_DYFLOW>
      <RPY_DYFLOW>
       <LINE>TCTRL_SBUSPARTS                      CURSOR NEXTLINE.</LINE>
      </RPY_DYFLOW>
      <RPY_DYFLOW>
       <LINE>MODULE LISTE_SHOW_LISTE.</LINE>
      </RPY_DYFLOW>
      <RPY_DYFLOW>
       <LINE>ENDLOOP.</LINE>
      </RPY_DYFLOW>
      <RPY_DYFLOW>
       <LINE>*</LINE>
      </RPY_DYFLOW>
      <RPY_DYFLOW>
       <LINE>PROCESS AFTER INPUT.</LINE>
      </RPY_DYFLOW>
      <RPY_DYFLOW>
       <LINE>MODULE LISTE_EXIT_COMMAND AT EXIT-COMMAND.</LINE>
      </RPY_DYFLOW>
      <RPY_DYFLOW>
       <LINE>MODULE LISTE_BEFORE_LOOP.</LINE>
      </RPY_DYFLOW>
      <RPY_DYFLOW>
       <LINE>LOOP AT EXTRACT.</LINE>
      </RPY_DYFLOW>
      <RPY_DYFLOW>
       <LINE>MODULE LISTE_INIT_WORKAREA.</LINE>
      </RPY_DYFLOW>
      <RPY_DYFLOW>
       <LINE>CHAIN.</LINE>
      </RPY_DYFLOW>
      <RPY_DYFLOW>
       <LINE>FIELD SBUSPARTS-LANGU.</LINE>
      </RPY_DYFLOW>
      <RPY_DYFLOW>
       <LINE>FIELD SBUSPARTS-URL.</LINE>
      </RPY_DYFLOW>
      <RPY_DYFLOW>
       <LINE>FIELD SBUSPARTS-TELEPHONE.</LINE>
      </RPY_DYFLOW>
      <RPY_DYFLOW>
       <LINE>FIELD SBUSPARTS-REGION.</LINE>
      </RPY_DYFLOW>
      <RPY_DYFLOW>
       <LINE>FIELD SBUSPARTS-COUNTRY.</LINE>
      </RPY_DYFLOW>
      <RPY_DYFLOW>
       <LINE>FIELD SBUSPARTS-CITY.</LINE>
      </RPY_DYFLOW>
      <RPY_DYFLOW>
       <LINE>FIELD SBUSPARTS-POSTCODE.</LINE>
      </RPY_DYFLOW>
      <RPY_DYFLOW>
       <LINE>FIELD SBUSPARTS-POSTBOX.</LINE>
      </RPY_DYFLOW>
      <RPY_DYFLOW>
       <LINE>FIELD SBUSPARTS-STREET.</LINE>
      </RPY_DYFLOW>
      <RPY_DYFLOW>
       <LINE>FIELD SBUSPARTS-NAME.</LINE>
      </RPY_DYFLOW>
      <RPY_DYFLOW>
       <LINE>FIELD SBUSPARTS-BUSPATYP.</LINE>
      </RPY_DYFLOW>
      <RPY_DYFLOW>
       <LINE>FIELD SBUSPARTS-CONTPHONO.</LINE>
      </RPY_DYFLOW>
      <RPY_DYFLOW>
       <LINE>FIELD SBUSPARTS-CONTACT.</LINE>
      </RPY_DYFLOW>
      <RPY_DYFLOW>
       <LINE>FIELD SBUSPARTS-BUSPARTNUM.</LINE>
      </RPY_DYFLOW>
      <RPY_DYFLOW>
       <LINE>MODULE SET_UPDATE_FLAG ON CHAIN-REQUEST.</LINE>
      </RPY_DYFLOW>
      <RPY_DYFLOW>
       <LINE>ENDCHAIN.</LINE>
      </RPY_DYFLOW>
      <RPY_DYFLOW>
       <LINE>FIELD VIM_MARKED MODULE LISTE_MARK_CHECKBOX.</LINE>
      </RPY_DYFLOW>
      <RPY_DYFLOW>
       <LINE>CHAIN.</LINE>
      </RPY_DYFLOW>
      <RPY_DYFLOW>
       <LINE>FIELD SBUSPARTS-BUSPARTNUM.</LINE>
      </RPY_DYFLOW>
      <RPY_DYFLOW>
       <LINE>MODULE LISTE_UPDATE_LISTE.</LINE>
      </RPY_DYFLOW>
      <RPY_DYFLOW>
       <LINE>ENDCHAIN.</LINE>
      </RPY_DYFLOW>
      <RPY_DYFLOW>
       <LINE>ENDLOOP.</LINE>
      </RPY_DYFLOW>
      <RPY_DYFLOW>
       <LINE>MODULE LISTE_AFTER_LOOP.</LINE>
      </RPY_DYFLOW>
     </FLOW_LOGIC>
     <SPACES>
      <item>0</item>
      <item>1</item>
      <item>1</item>
      <item>1</item>
      <item>3</item>
      <item>1</item>
      <item>0</item>
      <item>0</item>
      <item>1</item>
      <item>1</item>
      <item>1</item>
      <item>3</item>
      <item>3</item>
      <item>4</item>
      <item>4</item>
      <item>4</item>
      <item>4</item>
      <item>4</item>
      <item>4</item>
      <item>4</item>
      <item>4</item>
      <item>4</item>
      <item>4</item>
      <item>4</item>
      <item>4</item>
      <item>4</item>
      <item>4</item>
      <item>4</item>
      <item>3</item>
      <item>3</item>
      <item>3</item>
      <item>4</item>
      <item>4</item>
      <item>3</item>
      <item>1</item>
      <item>1</item>
     </SPACES>
    </item>
   </DYNPROS>
  </asx:values>
 </asx:abap>
</abapGit>
