﻿<?xml version="1.0" encoding="utf-8"?>
<abapGit version="v1.0.0" serializer="LCL_OBJECT_TABL" serializer_version="v1.0.0">
 <asx:abap xmlns:asx="http://www.sap.com/abapxml" version="1.0">
  <asx:values>
   <DD02V>
    <TABNAME>ZBC430_SUCCESS</TABNAME>
    <DDLANGUAGE>D</DDLANGUAGE>
    <TABCLASS>TRANSP</TABCLASS>
    <DDTEXT>Fortschritt der Übungen</DDTEXT>
    <MAINFLAG>X</MAINFLAG>
    <CONTFLAG>L</CONTFLAG>
   </DD02V>
   <DD09L>
    <TABNAME>ZBC430_SUCCESS</TABNAME>
    <AS4LOCAL>A</AS4LOCAL>
    <TABKAT>0</TABKAT>
    <TABART>APPL1</TABART>
    <BUFALLOW>N</BUFALLOW>
    <ROWORCOLST>C</ROWORCOLST>
   </DD09L>
   <DD03P_TABLE>
    <DD03P>
     <TABNAME>ZBC430_SUCCESS</TABNAME>
     <FIELDNAME>COURSE_USER</FIELDNAME>
     <DDLANGUAGE>D</DDLANGUAGE>
     <POSITION>0001</POSITION>
     <KEYFLAG>X</KEYFLAG>
     <ADMINFIELD>0</ADMINFIELD>
     <INTTYPE>C</INTTYPE>
     <INTLEN>000024</INTLEN>
     <NOTNULL>X</NOTNULL>
     <DATATYPE>CHAR</DATATYPE>
     <LENG>000012</LENG>
     <MASK>  CHAR</MASK>
     <DDTEXT>Username des Kursteilnehmers</DDTEXT>
    </DD03P>
    <DD03P>
     <TABNAME>ZBC430_SUCCESS</TABNAME>
     <FIELDNAME>CHAPTER2</FIELDNAME>
     <DDLANGUAGE>D</DDLANGUAGE>
     <POSITION>0002</POSITION>
     <ADMINFIELD>0</ADMINFIELD>
     <INTTYPE>C</INTTYPE>
     <INTLEN>000002</INTLEN>
     <DATATYPE>CHAR</DATATYPE>
     <LENG>000001</LENG>
     <MASK>  CHAR</MASK>
     <DDTEXT>Übung Kapitel 2 gelöst?</DDTEXT>
    </DD03P>
    <DD03P>
     <TABNAME>ZBC430_SUCCESS</TABNAME>
     <FIELDNAME>CHAPTER3</FIELDNAME>
     <DDLANGUAGE>D</DDLANGUAGE>
     <POSITION>0003</POSITION>
     <ADMINFIELD>0</ADMINFIELD>
     <INTTYPE>C</INTTYPE>
     <INTLEN>000002</INTLEN>
     <DATATYPE>CHAR</DATATYPE>
     <LENG>000001</LENG>
     <MASK>  CHAR</MASK>
     <DDTEXT>Übung Kapitel 3 gelöst?</DDTEXT>
    </DD03P>
    <DD03P>
     <TABNAME>ZBC430_SUCCESS</TABNAME>
     <FIELDNAME>CHAPTER4</FIELDNAME>
     <DDLANGUAGE>D</DDLANGUAGE>
     <POSITION>0004</POSITION>
     <ADMINFIELD>0</ADMINFIELD>
     <INTTYPE>C</INTTYPE>
     <INTLEN>000002</INTLEN>
     <DATATYPE>CHAR</DATATYPE>
     <LENG>000001</LENG>
     <MASK>  CHAR</MASK>
     <DDTEXT>Übung Kapitel 4 gelöst?</DDTEXT>
    </DD03P>
    <DD03P>
     <TABNAME>ZBC430_SUCCESS</TABNAME>
     <FIELDNAME>CHAPTER5</FIELDNAME>
     <DDLANGUAGE>D</DDLANGUAGE>
     <POSITION>0005</POSITION>
     <ADMINFIELD>0</ADMINFIELD>
     <INTTYPE>C</INTTYPE>
     <INTLEN>000002</INTLEN>
     <DATATYPE>CHAR</DATATYPE>
     <LENG>000001</LENG>
     <MASK>  CHAR</MASK>
     <DDTEXT>Übung Kapitel 5 gelöst?</DDTEXT>
    </DD03P>
    <DD03P>
     <TABNAME>ZBC430_SUCCESS</TABNAME>
     <FIELDNAME>CHAPTER6</FIELDNAME>
     <DDLANGUAGE>D</DDLANGUAGE>
     <POSITION>0006</POSITION>
     <ADMINFIELD>0</ADMINFIELD>
     <INTTYPE>C</INTTYPE>
     <INTLEN>000002</INTLEN>
     <DATATYPE>CHAR</DATATYPE>
     <LENG>000001</LENG>
     <MASK>  CHAR</MASK>
     <DDTEXT>Übung Kapitel 6 gelöst?</DDTEXT>
    </DD03P>
    <DD03P>
     <TABNAME>ZBC430_SUCCESS</TABNAME>
     <FIELDNAME>CHAPTER7</FIELDNAME>
     <DDLANGUAGE>D</DDLANGUAGE>
     <POSITION>0007</POSITION>
     <ADMINFIELD>0</ADMINFIELD>
     <INTTYPE>C</INTTYPE>
     <INTLEN>000002</INTLEN>
     <DATATYPE>CHAR</DATATYPE>
     <LENG>000001</LENG>
     <MASK>  CHAR</MASK>
     <DDTEXT>Übung Kapitel 7 gelöst?</DDTEXT>
    </DD03P>
    <DD03P>
     <TABNAME>ZBC430_SUCCESS</TABNAME>
     <FIELDNAME>CHAPTER8</FIELDNAME>
     <DDLANGUAGE>D</DDLANGUAGE>
     <POSITION>0008</POSITION>
     <ADMINFIELD>0</ADMINFIELD>
     <INTTYPE>C</INTTYPE>
     <INTLEN>000002</INTLEN>
     <DATATYPE>CHAR</DATATYPE>
     <LENG>000001</LENG>
     <MASK>  CHAR</MASK>
     <DDTEXT>Übung Kapitel 8 gelöst?</DDTEXT>
    </DD03P>
    <DD03P>
     <TABNAME>ZBC430_SUCCESS</TABNAME>
     <FIELDNAME>EMPLOY_FILLED</FIELDNAME>
     <DDLANGUAGE>D</DDLANGUAGE>
     <POSITION>0009</POSITION>
     <ADMINFIELD>0</ADMINFIELD>
     <INTTYPE>C</INTTYPE>
     <INTLEN>000002</INTLEN>
     <DATATYPE>CHAR</DATATYPE>
     <LENG>000001</LENG>
     <MASK>  CHAR</MASK>
     <DDTEXT>Tabelle ZEMPLOYxx schon gefüllt?</DDTEXT>
    </DD03P>
    <DD03P>
     <TABNAME>ZBC430_SUCCESS</TABNAME>
     <FIELDNAME>DEPMENT_FILLED</FIELDNAME>
     <DDLANGUAGE>D</DDLANGUAGE>
     <POSITION>0010</POSITION>
     <ADMINFIELD>0</ADMINFIELD>
     <INTTYPE>C</INTTYPE>
     <INTLEN>000002</INTLEN>
     <DATATYPE>CHAR</DATATYPE>
     <LENG>000001</LENG>
     <MASK>  CHAR</MASK>
     <DDTEXT>Tabelle ZDEPMENTxx schon gefüllt?</DDTEXT>
    </DD03P>
    <DD03P>
     <TABNAME>ZBC430_SUCCESS</TABNAME>
     <FIELDNAME>DEPMENTT_FILLED</FIELDNAME>
     <DDLANGUAGE>D</DDLANGUAGE>
     <POSITION>0011</POSITION>
     <ADMINFIELD>0</ADMINFIELD>
     <INTTYPE>C</INTTYPE>
     <INTLEN>000002</INTLEN>
     <DATATYPE>CHAR</DATATYPE>
     <LENG>000001</LENG>
     <MASK>  CHAR</MASK>
     <DDTEXT>Tabelle ZDEPMENTTxx schon gefüllt?</DDTEXT>
    </DD03P>
    <DD03P>
     <TABNAME>ZBC430_SUCCESS</TABNAME>
     <FIELDNAME>SFLCREW_FILLED</FIELDNAME>
     <DDLANGUAGE>D</DDLANGUAGE>
     <POSITION>0012</POSITION>
     <ADMINFIELD>0</ADMINFIELD>
     <INTTYPE>C</INTTYPE>
     <INTLEN>000002</INTLEN>
     <DATATYPE>CHAR</DATATYPE>
     <LENG>000001</LENG>
     <MASK>  CHAR</MASK>
     <DDTEXT>Tabelle ZFLCREWxx schon gefüllt?</DDTEXT>
    </DD03P>
   </DD03P_TABLE>
  </asx:values>
 </asx:abap>
</abapGit>
