﻿<?xml version="1.0" encoding="utf-8"?>
<abapGit version="v1.0.0" serializer="LCL_OBJECT_PROG" serializer_version="v1.0.0">
 <asx:abap xmlns:asx="http://www.sap.com/abapxml" version="1.0">
  <asx:values>
   <PROGDIR>
    <NAME>ZBC430_CHECK_REL46C</NAME>
    <STATE>A</STATE>
    <VARCL>X</VARCL>
    <SUBC>1</SUBC>
    <APPL>S</APPL>
    <RLOAD>D</RLOAD>
    <FIXPT>X</FIXPT>
    <UCCHECK>X</UCCHECK>
   </PROGDIR>
   <DYNPROS>
    <item>
     <HEADER>
      <PROGRAM>ZBC430_CHECK_REL46C</PROGRAM>
      <SCREEN>1100</SCREEN>
      <LANGUAGE>D</LANGUAGE>
      <DESCRIPT>Dynpro für Prüfreport zum Kurs BC430</DESCRIPT>
      <TYPE>N</TYPE>
      <NEXTSCREEN>1100</NEXTSCREEN>
      <LINES>027</LINES>
      <COLUMNS>085</COLUMNS>
     </HEADER>
     <CONTAINERS>
      <RPY_DYCATT>
       <TYPE>SCREEN</TYPE>
       <NAME>SCREEN</NAME>
      </RPY_DYCATT>
      <RPY_DYCATT>
       <TYPE>CUST_CTRL</TYPE>
       <NAME>PICTURE1</NAME>
       <ELEMENT_OF>SCREEN</ELEMENT_OF>
       <LINE>001</LINE>
       <COLUMN>001</COLUMN>
       <LENGTH>019</LENGTH>
       <HEIGHT>006</HEIGHT>
       <C_LINE_MIN>001</C_LINE_MIN>
       <C_COLN_MIN>001</C_COLN_MIN>
      </RPY_DYCATT>
      <RPY_DYCATT>
       <TYPE>RADIOGROUP</TYPE>
       <NAME>%A_KAP2</NAME>
       <ELEMENT_OF>SCREEN</ELEMENT_OF>
       <LINE>009</LINE>
       <COLUMN>002</COLUMN>
       <LENGTH>011</LENGTH>
       <HEIGHT>005</HEIGHT>
      </RPY_DYCATT>
      <RPY_DYCATT>
       <TYPE>CUST_CTRL</TYPE>
       <NAME>PICTURE2</NAME>
       <ELEMENT_OF>SCREEN</ELEMENT_OF>
       <LINE>018</LINE>
       <COLUMN>026</COLUMN>
       <LENGTH>036</LENGTH>
       <HEIGHT>009</HEIGHT>
       <C_LINE_MIN>001</C_LINE_MIN>
       <C_COLN_MIN>001</C_COLN_MIN>
      </RPY_DYCATT>
     </CONTAINERS>
     <FIELDS>
      <RPY_DYFATC>
       <CONT_TYPE>SCREEN</CONT_TYPE>
       <CONT_NAME>SCREEN</CONT_NAME>
       <TYPE>TEXT</TYPE>
       <NAME>%#AUTOTEXT013</NAME>
       <TEXT>Markieren_Sie_die_aktuelle_Übung_und_wählen_Sie_&apos;Ausführen&apos;.</TEXT>
       <LINE>001</LINE>
       <COLUMN>026</COLUMN>
       <LENGTH>060</LENGTH>
       <VISLENGTH>060</VISLENGTH>
       <HEIGHT>001</HEIGHT>
       <FORMAT>CHAR</FORMAT>
       <REQU_ENTRY>N</REQU_ENTRY>
      </RPY_DYFATC>
      <RPY_DYFATC>
       <CONT_TYPE>SCREEN</CONT_TYPE>
       <CONT_NAME>SCREEN</CONT_NAME>
       <TYPE>TEXT</TYPE>
       <NAME>%#AUTOTEXT014</NAME>
       <TEXT>Das_Feedback_des_Reports_erscheint_dann_als_Liste.</TEXT>
       <LINE>002</LINE>
       <COLUMN>026</COLUMN>
       <LENGTH>050</LENGTH>
       <VISLENGTH>050</VISLENGTH>
       <HEIGHT>001</HEIGHT>
       <FORMAT>CHAR</FORMAT>
       <REQU_ENTRY>N</REQU_ENTRY>
      </RPY_DYFATC>
      <RPY_DYFATC>
       <CONT_TYPE>SCREEN</CONT_TYPE>
       <CONT_NAME>SCREEN</CONT_NAME>
       <TYPE>TEXT</TYPE>
       <NAME>%#AUTOTEXT015</NAME>
       <TEXT>Rufen_Sie_bitte_den_Referenten,_falls_Ihnen_die_Meldungen</TEXT>
       <LINE>003</LINE>
       <COLUMN>026</COLUMN>
       <LENGTH>057</LENGTH>
       <VISLENGTH>057</VISLENGTH>
       <HEIGHT>001</HEIGHT>
       <FORMAT>CHAR</FORMAT>
       <REQU_ENTRY>N</REQU_ENTRY>
      </RPY_DYFATC>
      <RPY_DYFATC>
       <CONT_TYPE>SCREEN</CONT_TYPE>
       <CONT_NAME>SCREEN</CONT_NAME>
       <TYPE>TEXT</TYPE>
       <NAME>%#AUTOTEXT016</NAME>
       <TEXT>des_Reports_nicht_weiterhelfen!</TEXT>
       <LINE>004</LINE>
       <COLUMN>026</COLUMN>
       <LENGTH>031</LENGTH>
       <VISLENGTH>031</VISLENGTH>
       <HEIGHT>001</HEIGHT>
       <FORMAT>CHAR</FORMAT>
       <REQU_ENTRY>N</REQU_ENTRY>
      </RPY_DYFATC>
      <RPY_DYFATC>
       <CONT_TYPE>SCREEN</CONT_TYPE>
       <CONT_NAME>SCREEN</CONT_NAME>
       <TYPE>FRAME</TYPE>
       <NAME>%#AUTOTEXT009</NAME>
       <TEXT>Geprüfte_Objekte________________________________________</TEXT>
       <LINE>006</LINE>
       <COLUMN>025</COLUMN>
       <LENGTH>057</LENGTH>
       <VISLENGTH>057</VISLENGTH>
       <HEIGHT>011</HEIGHT>
       <FORMAT>CHAR</FORMAT>
       <REQU_ENTRY>N</REQU_ENTRY>
      </RPY_DYFATC>
      <RPY_DYFATC>
       <CONT_TYPE>SCREEN</CONT_TYPE>
       <CONT_NAME>SCREEN</CONT_NAME>
       <TYPE>TEXT</TYPE>
       <NAME>%#AUTOTEXT001</NAME>
       <TEXT>Mitarbeitertabelle</TEXT>
       <LINE>007</LINE>
       <COLUMN>026</COLUMN>
       <LENGTH>018</LENGTH>
       <VISLENGTH>018</VISLENGTH>
       <HEIGHT>001</HEIGHT>
       <FORMAT>CHAR</FORMAT>
       <REQU_ENTRY>N</REQU_ENTRY>
       <LABELLEFT>X</LABELLEFT>
      </RPY_DYFATC>
      <RPY_DYFATC>
       <CONT_TYPE>SCREEN</CONT_TYPE>
       <CONT_NAME>SCREEN</CONT_NAME>
       <TYPE>TEMPLATE</TYPE>
       <NAME>NAME_EMPLOY</NAME>
       <TEXT>______________________________</TEXT>
       <LINE>007</LINE>
       <COLUMN>050</COLUMN>
       <LENGTH>030</LENGTH>
       <VISLENGTH>030</VISLENGTH>
       <HEIGHT>001</HEIGHT>
       <FORMAT>CHAR</FORMAT>
       <INPUT_FLD>X</INPUT_FLD>
       <OUTPUT_FLD>X</OUTPUT_FLD>
      </RPY_DYFATC>
      <RPY_DYFATC>
       <CONT_TYPE>SCREEN</CONT_TYPE>
       <CONT_NAME>SCREEN</CONT_NAME>
       <TYPE>FRAME</TYPE>
       <NAME>%#AUTOTEXT012</NAME>
       <TEXT>Prüfe_Übung_zu____</TEXT>
       <LINE>008</LINE>
       <COLUMN>001</COLUMN>
       <LENGTH>019</LENGTH>
       <VISLENGTH>019</VISLENGTH>
       <HEIGHT>009</HEIGHT>
       <FORMAT>CHAR</FORMAT>
       <REQU_ENTRY>N</REQU_ENTRY>
      </RPY_DYFATC>
      <RPY_DYFATC>
       <CONT_TYPE>SCREEN</CONT_TYPE>
       <CONT_NAME>SCREEN</CONT_NAME>
       <TYPE>TEXT</TYPE>
       <NAME>%#AUTOTEXT006</NAME>
       <TEXT>Namensindex</TEXT>
       <LINE>008</LINE>
       <COLUMN>028</COLUMN>
       <LENGTH>011</LENGTH>
       <VISLENGTH>011</VISLENGTH>
       <HEIGHT>001</HEIGHT>
       <FORMAT>CHAR</FORMAT>
       <REQU_ENTRY>N</REQU_ENTRY>
      </RPY_DYFATC>
      <RPY_DYFATC>
       <CONT_TYPE>SCREEN</CONT_TYPE>
       <CONT_NAME>SCREEN</CONT_NAME>
       <TYPE>TEMPLATE</TYPE>
       <NAME>INDX_EMPNAME</NAME>
       <TEXT>___</TEXT>
       <LINE>008</LINE>
       <COLUMN>053</COLUMN>
       <LENGTH>003</LENGTH>
       <VISLENGTH>003</VISLENGTH>
       <HEIGHT>001</HEIGHT>
       <FORMAT>CHAR</FORMAT>
       <INPUT_FLD>X</INPUT_FLD>
       <OUTPUT_FLD>X</OUTPUT_FLD>
      </RPY_DYFATC>
      <RPY_DYFATC>
       <CONT_TYPE>SCREEN</CONT_TYPE>
       <CONT_NAME>SCREEN</CONT_NAME>
       <TYPE>TEXT</TYPE>
       <NAME>%#AUTOTEXT007</NAME>
       <TEXT>Bereichsindex</TEXT>
       <LINE>009</LINE>
       <COLUMN>028</COLUMN>
       <LENGTH>013</LENGTH>
       <VISLENGTH>013</VISLENGTH>
       <HEIGHT>001</HEIGHT>
       <FORMAT>CHAR</FORMAT>
       <REQU_ENTRY>N</REQU_ENTRY>
      </RPY_DYFATC>
      <RPY_DYFATC>
       <CONT_TYPE>SCREEN</CONT_TYPE>
       <CONT_NAME>SCREEN</CONT_NAME>
       <TYPE>TEMPLATE</TYPE>
       <NAME>INDX_EMPAREA</NAME>
       <TEXT>___</TEXT>
       <LINE>009</LINE>
       <COLUMN>053</COLUMN>
       <LENGTH>003</LENGTH>
       <VISLENGTH>003</VISLENGTH>
       <HEIGHT>001</HEIGHT>
       <FORMAT>CHAR</FORMAT>
       <INPUT_FLD>X</INPUT_FLD>
       <OUTPUT_FLD>X</OUTPUT_FLD>
      </RPY_DYFATC>
      <RPY_DYFATC>
       <CONT_TYPE>SCREEN</CONT_TYPE>
       <CONT_NAME>SCREEN</CONT_NAME>
       <TYPE>TEXT</TYPE>
       <NAME>%#AUTOTEXT002</NAME>
       <TEXT>Abteilungstabelle</TEXT>
       <LINE>010</LINE>
       <COLUMN>026</COLUMN>
       <LENGTH>017</LENGTH>
       <VISLENGTH>017</VISLENGTH>
       <HEIGHT>001</HEIGHT>
       <FORMAT>CHAR</FORMAT>
       <REQU_ENTRY>N</REQU_ENTRY>
       <LABELLEFT>X</LABELLEFT>
      </RPY_DYFATC>
      <RPY_DYFATC>
       <CONT_TYPE>SCREEN</CONT_TYPE>
       <CONT_NAME>SCREEN</CONT_NAME>
       <TYPE>TEMPLATE</TYPE>
       <NAME>NAME_DEPMENT</NAME>
       <TEXT>______________________________</TEXT>
       <LINE>010</LINE>
       <COLUMN>050</COLUMN>
       <LENGTH>030</LENGTH>
       <VISLENGTH>030</VISLENGTH>
       <HEIGHT>001</HEIGHT>
       <FORMAT>CHAR</FORMAT>
       <INPUT_FLD>X</INPUT_FLD>
       <OUTPUT_FLD>X</OUTPUT_FLD>
      </RPY_DYFATC>
      <RPY_DYFATC>
       <CONT_TYPE>SCREEN</CONT_TYPE>
       <CONT_NAME>SCREEN</CONT_NAME>
       <TYPE>TEXT</TYPE>
       <NAME>%#AUTOTEXT005</NAME>
       <TEXT>Texttabelle_zu_Abt.</TEXT>
       <LINE>011</LINE>
       <COLUMN>026</COLUMN>
       <LENGTH>019</LENGTH>
       <VISLENGTH>019</VISLENGTH>
       <HEIGHT>001</HEIGHT>
       <FORMAT>CHAR</FORMAT>
       <REQU_ENTRY>N</REQU_ENTRY>
       <LABELLEFT>X</LABELLEFT>
      </RPY_DYFATC>
      <RPY_DYFATC>
       <CONT_TYPE>SCREEN</CONT_TYPE>
       <CONT_NAME>SCREEN</CONT_NAME>
       <TYPE>TEMPLATE</TYPE>
       <NAME>NAME_DEPMENTT</NAME>
       <TEXT>______________________________</TEXT>
       <LINE>011</LINE>
       <COLUMN>050</COLUMN>
       <LENGTH>030</LENGTH>
       <VISLENGTH>030</VISLENGTH>
       <HEIGHT>001</HEIGHT>
       <FORMAT>CHAR</FORMAT>
       <INPUT_FLD>X</INPUT_FLD>
       <OUTPUT_FLD>X</OUTPUT_FLD>
      </RPY_DYFATC>
      <RPY_DYFATC>
       <CONT_TYPE>SCREEN</CONT_TYPE>
       <CONT_NAME>SCREEN</CONT_NAME>
       <TYPE>TEXT</TYPE>
       <NAME>%#AUTOTEXT010</NAME>
       <TEXT>Include_Änderungsinfo</TEXT>
       <LINE>012</LINE>
       <COLUMN>026</COLUMN>
       <LENGTH>021</LENGTH>
       <VISLENGTH>021</VISLENGTH>
       <HEIGHT>001</HEIGHT>
       <FORMAT>CHAR</FORMAT>
       <REQU_ENTRY>N</REQU_ENTRY>
      </RPY_DYFATC>
      <RPY_DYFATC>
       <CONT_TYPE>SCREEN</CONT_TYPE>
       <CONT_NAME>SCREEN</CONT_NAME>
       <TYPE>TEMPLATE</TYPE>
       <NAME>NAME_CHANGE</NAME>
       <TEXT>______________________________</TEXT>
       <LINE>012</LINE>
       <COLUMN>050</COLUMN>
       <LENGTH>030</LENGTH>
       <VISLENGTH>030</VISLENGTH>
       <HEIGHT>001</HEIGHT>
       <FORMAT>CHAR</FORMAT>
       <INPUT_FLD>X</INPUT_FLD>
       <OUTPUT_FLD>X</OUTPUT_FLD>
      </RPY_DYFATC>
      <RPY_DYFATC>
       <CONT_TYPE>SCREEN</CONT_TYPE>
       <CONT_NAME>SCREEN</CONT_NAME>
       <TYPE>TEXT</TYPE>
       <NAME>%#AUTOTEXT004</NAME>
       <TEXT>Besatzungstabelle</TEXT>
       <LINE>013</LINE>
       <COLUMN>026</COLUMN>
       <LENGTH>017</LENGTH>
       <VISLENGTH>017</VISLENGTH>
       <HEIGHT>001</HEIGHT>
       <FORMAT>CHAR</FORMAT>
       <REQU_ENTRY>N</REQU_ENTRY>
       <LABELLEFT>X</LABELLEFT>
      </RPY_DYFATC>
      <RPY_DYFATC>
       <CONT_TYPE>SCREEN</CONT_TYPE>
       <CONT_NAME>SCREEN</CONT_NAME>
       <TYPE>TEMPLATE</TYPE>
       <NAME>NAME_CREW</NAME>
       <TEXT>______________________________</TEXT>
       <LINE>013</LINE>
       <COLUMN>050</COLUMN>
       <LENGTH>030</LENGTH>
       <VISLENGTH>030</VISLENGTH>
       <HEIGHT>001</HEIGHT>
       <FORMAT>CHAR</FORMAT>
       <INPUT_FLD>X</INPUT_FLD>
       <OUTPUT_FLD>X</OUTPUT_FLD>
      </RPY_DYFATC>
      <RPY_DYFATC>
       <CONT_TYPE>SCREEN</CONT_TYPE>
       <CONT_NAME>SCREEN</CONT_NAME>
       <TYPE>TEXT</TYPE>
       <NAME>%#AUTOTEXT008</NAME>
       <TEXT>Domäne_für_Bereich</TEXT>
       <LINE>014</LINE>
       <COLUMN>026</COLUMN>
       <LENGTH>018</LENGTH>
       <VISLENGTH>018</VISLENGTH>
       <HEIGHT>001</HEIGHT>
       <FORMAT>CHAR</FORMAT>
       <REQU_ENTRY>N</REQU_ENTRY>
      </RPY_DYFATC>
      <RPY_DYFATC>
       <CONT_TYPE>SCREEN</CONT_TYPE>
       <CONT_NAME>SCREEN</CONT_NAME>
       <TYPE>TEMPLATE</TYPE>
       <NAME>DOMA_AREA</NAME>
       <TEXT>______________________________</TEXT>
       <LINE>014</LINE>
       <COLUMN>050</COLUMN>
       <LENGTH>030</LENGTH>
       <VISLENGTH>030</VISLENGTH>
       <HEIGHT>001</HEIGHT>
       <FORMAT>CHAR</FORMAT>
       <INPUT_FLD>X</INPUT_FLD>
       <OUTPUT_FLD>X</OUTPUT_FLD>
      </RPY_DYFATC>
      <RPY_DYFATC>
       <CONT_TYPE>SCREEN</CONT_TYPE>
       <CONT_NAME>SCREEN</CONT_NAME>
       <TYPE>PUSH</TYPE>
       <NAME>AUSF</NAME>
       <TEXT>_______</TEXT>
       <ICON_NAME>ICON_OKAY</ICON_NAME>
       <ICON_QINFO>Ausführen</ICON_QINFO>
       <ICON_QSPEC>X</ICON_QSPEC>
       <WITH_ICON>X</WITH_ICON>
       <LINE>015</LINE>
       <COLUMN>002</COLUMN>
       <LENGTH>023</LENGTH>
       <VISLENGTH>003</VISLENGTH>
       <HEIGHT>001</HEIGHT>
       <PUSH_FCODE>AUSF</PUSH_FCODE>
       <FORMAT>CHAR</FORMAT>
       <REQU_ENTRY>N</REQU_ENTRY>
      </RPY_DYFATC>
      <RPY_DYFATC>
       <CONT_TYPE>SCREEN</CONT_TYPE>
       <CONT_NAME>SCREEN</CONT_NAME>
       <TYPE>PUSH</TYPE>
       <NAME>ABBR</NAME>
       <TEXT>_________</TEXT>
       <ICON_NAME>ICON_CANCEL</ICON_NAME>
       <WITH_ICON>X</WITH_ICON>
       <LINE>015</LINE>
       <COLUMN>006</COLUMN>
       <LENGTH>014</LENGTH>
       <VISLENGTH>003</VISLENGTH>
       <HEIGHT>001</HEIGHT>
       <PUSH_FCODE>ABBR</PUSH_FCODE>
       <PUSH_FTYPE>E</PUSH_FTYPE>
       <FORMAT>CHAR</FORMAT>
       <REQU_ENTRY>N</REQU_ENTRY>
      </RPY_DYFATC>
      <RPY_DYFATC>
       <CONT_TYPE>SCREEN</CONT_TYPE>
       <CONT_NAME>SCREEN</CONT_NAME>
       <TYPE>TEXT</TYPE>
       <NAME>%#AUTOTEXT011</NAME>
       <TEXT>Append_Flughafeninfo</TEXT>
       <LINE>015</LINE>
       <COLUMN>026</COLUMN>
       <LENGTH>020</LENGTH>
       <VISLENGTH>020</VISLENGTH>
       <HEIGHT>001</HEIGHT>
       <FORMAT>CHAR</FORMAT>
       <REQU_ENTRY>N</REQU_ENTRY>
      </RPY_DYFATC>
      <RPY_DYFATC>
       <CONT_TYPE>SCREEN</CONT_TYPE>
       <CONT_NAME>SCREEN</CONT_NAME>
       <TYPE>TEMPLATE</TYPE>
       <NAME>NAME_AIRP_APP</NAME>
       <TEXT>______________________________</TEXT>
       <LINE>015</LINE>
       <COLUMN>050</COLUMN>
       <LENGTH>030</LENGTH>
       <VISLENGTH>030</VISLENGTH>
       <HEIGHT>001</HEIGHT>
       <FORMAT>CHAR</FORMAT>
       <INPUT_FLD>X</INPUT_FLD>
       <OUTPUT_FLD>X</OUTPUT_FLD>
      </RPY_DYFATC>
      <RPY_DYFATC>
       <CONT_TYPE>SCREEN</CONT_TYPE>
       <CONT_NAME>SCREEN</CONT_NAME>
       <TYPE>OKCODE</TYPE>
       <NAME>TCODE</NAME>
       <TEXT>____________________</TEXT>
       <LENGTH>020</LENGTH>
       <VISLENGTH>020</VISLENGTH>
       <HEIGHT>001</HEIGHT>
       <FORMAT>CHAR</FORMAT>
       <INPUT_FLD>X</INPUT_FLD>
      </RPY_DYFATC>
      <RPY_DYFATC>
       <CONT_TYPE>RADIOGROUP</CONT_TYPE>
       <CONT_NAME>%A_KAP2</CONT_NAME>
       <TYPE>RADIO</TYPE>
       <NAME>KAP2</NAME>
       <TEXT>Kapitel_2</TEXT>
       <LINE>009</LINE>
       <COLUMN>002</COLUMN>
       <LENGTH>011</LENGTH>
       <VISLENGTH>011</VISLENGTH>
       <HEIGHT>001</HEIGHT>
       <PUSH_FCODE>CHAP</PUSH_FCODE>
       <FORMAT>CHAR</FORMAT>
       <INPUT_FLD>X</INPUT_FLD>
       <OUTPUT_FLD>X</OUTPUT_FLD>
      </RPY_DYFATC>
      <RPY_DYFATC>
       <CONT_TYPE>RADIOGROUP</CONT_TYPE>
       <CONT_NAME>%A_KAP2</CONT_NAME>
       <TYPE>RADIO</TYPE>
       <NAME>KAP3</NAME>
       <TEXT>Kapitel_3</TEXT>
       <LINE>010</LINE>
       <COLUMN>002</COLUMN>
       <LENGTH>011</LENGTH>
       <VISLENGTH>011</VISLENGTH>
       <HEIGHT>001</HEIGHT>
       <PUSH_FCODE>CHAP</PUSH_FCODE>
       <FORMAT>CHAR</FORMAT>
       <INPUT_FLD>X</INPUT_FLD>
       <OUTPUT_FLD>X</OUTPUT_FLD>
      </RPY_DYFATC>
      <RPY_DYFATC>
       <CONT_TYPE>RADIOGROUP</CONT_TYPE>
       <CONT_NAME>%A_KAP2</CONT_NAME>
       <TYPE>RADIO</TYPE>
       <NAME>KAP4</NAME>
       <TEXT>Kapitel_4</TEXT>
       <LINE>011</LINE>
       <COLUMN>002</COLUMN>
       <LENGTH>011</LENGTH>
       <VISLENGTH>011</VISLENGTH>
       <HEIGHT>001</HEIGHT>
       <PUSH_FCODE>CHAP</PUSH_FCODE>
       <FORMAT>CHAR</FORMAT>
       <INPUT_FLD>X</INPUT_FLD>
       <OUTPUT_FLD>X</OUTPUT_FLD>
      </RPY_DYFATC>
      <RPY_DYFATC>
       <CONT_TYPE>RADIOGROUP</CONT_TYPE>
       <CONT_NAME>%A_KAP2</CONT_NAME>
       <TYPE>RADIO</TYPE>
       <NAME>KAP5</NAME>
       <TEXT>Kapitel_5</TEXT>
       <LINE>012</LINE>
       <COLUMN>002</COLUMN>
       <LENGTH>011</LENGTH>
       <VISLENGTH>011</VISLENGTH>
       <HEIGHT>001</HEIGHT>
       <PUSH_FCODE>CHAP</PUSH_FCODE>
       <FORMAT>CHAR</FORMAT>
       <INPUT_FLD>X</INPUT_FLD>
       <OUTPUT_FLD>X</OUTPUT_FLD>
      </RPY_DYFATC>
      <RPY_DYFATC>
       <CONT_TYPE>RADIOGROUP</CONT_TYPE>
       <CONT_NAME>%A_KAP2</CONT_NAME>
       <TYPE>RADIO</TYPE>
       <NAME>KAP6</NAME>
       <TEXT>Kapitel_6</TEXT>
       <LINE>013</LINE>
       <COLUMN>002</COLUMN>
       <LENGTH>011</LENGTH>
       <VISLENGTH>011</VISLENGTH>
       <HEIGHT>001</HEIGHT>
       <PUSH_FCODE>CHAP</PUSH_FCODE>
       <FORMAT>CHAR</FORMAT>
       <INPUT_FLD>X</INPUT_FLD>
       <OUTPUT_FLD>X</OUTPUT_FLD>
      </RPY_DYFATC>
     </FIELDS>
     <FLOW_LOGIC>
      <RPY_DYFLOW>
       <LINE>PROCESS BEFORE OUTPUT.</LINE>
      </RPY_DYFLOW>
      <RPY_DYFLOW>
       <LINE>MODULE STATUS_1100.</LINE>
      </RPY_DYFLOW>
      <RPY_DYFLOW/>
      <RPY_DYFLOW>
       <LINE>PROCESS AFTER INPUT.</LINE>
      </RPY_DYFLOW>
      <RPY_DYFLOW>
       <LINE>MODULE CANCEL AT EXIT-COMMAND.</LINE>
      </RPY_DYFLOW>
      <RPY_DYFLOW>
       <LINE>MODULE USER_COMMAND_1100.</LINE>
      </RPY_DYFLOW>
      <RPY_DYFLOW/>
     </FLOW_LOGIC>
     <SPACES>
      <item>0</item>
      <item>2</item>
      <item>0</item>
      <item>0</item>
      <item>2</item>
      <item>2</item>
      <item>0</item>
     </SPACES>
    </item>
   </DYNPROS>
   <CUA>
    <ADM>
     <ACTCODE>000001</ACTCODE>
     <MENCODE>000002</MENCODE>
     <PFKCODE>000001</PFKCODE>
    </ADM>
    <STA>
     <RSMPE_STAT>
      <CODE>CHECK</CODE>
      <MODAL>D</MODAL>
      <ACTCODE>000001</ACTCODE>
      <PFKCODE>000001</PFKCODE>
      <BUTCODE>0001</BUTCODE>
      <INT_NOTE>Status zu BC430_CHECK</INT_NOTE>
     </RSMPE_STAT>
    </STA>
    <FUN>
     <RSMPE_FUNT>
      <CODE>ABBR</CODE>
      <TEXTNO>001</TEXTNO>
      <TYPE>E</TYPE>
      <TEXT_TYPE>S</TEXT_TYPE>
      <TEXT_NAME>ICON_CANCEL</TEXT_NAME>
      <ICON_ID>@0W@</ICON_ID>
      <FUN_TEXT>Abbrechen</FUN_TEXT>
     </RSMPE_FUNT>
     <RSMPE_FUNT>
      <CODE>AUSF</CODE>
      <TEXTNO>001</TEXTNO>
      <TEXT_TYPE>S</TEXT_TYPE>
      <FUN_TEXT>Ausführen</FUN_TEXT>
     </RSMPE_FUNT>
     <RSMPE_FUNT>
      <CODE>BACK</CODE>
      <TEXTNO>001</TEXTNO>
      <TYPE>E</TYPE>
      <TEXT_TYPE>S</TEXT_TYPE>
      <FUN_TEXT>Zurück</FUN_TEXT>
     </RSMPE_FUNT>
     <RSMPE_FUNT>
      <CODE>ENTR</CODE>
      <TEXTNO>001</TEXTNO>
      <TEXT_TYPE>S</TEXT_TYPE>
      <FUN_TEXT>ENTER</FUN_TEXT>
     </RSMPE_FUNT>
    </FUN>
    <MTX>
     <RSMPE_MNLT>
      <CODE>000001</CODE>
      <TEXT_TYPE>S</TEXT_TYPE>
      <TEXT>BACK</TEXT>
      <PATH>B</PATH>
     </RSMPE_MNLT>
     <RSMPE_MNLT>
      <CODE>000002</CODE>
      <TEXT_TYPE>S</TEXT_TYPE>
      <TEXT>ABBR</TEXT>
      <PATH>A</PATH>
     </RSMPE_MNLT>
    </MTX>
    <ACT>
     <RSMPE_ACT>
      <CODE>000001</CODE>
      <NO>01</NO>
      <MENUCODE>000001</MENUCODE>
     </RSMPE_ACT>
     <RSMPE_ACT>
      <CODE>000001</CODE>
      <NO>02</NO>
      <MENUCODE>000002</MENUCODE>
     </RSMPE_ACT>
    </ACT>
    <PFK>
     <RSMPE_PFK>
      <CODE>000001</CODE>
      <PFNO>00</PFNO>
      <FUNCODE>AUSF</FUNCODE>
      <FUNNO>001</FUNNO>
     </RSMPE_PFK>
     <RSMPE_PFK>
      <CODE>000001</CODE>
      <PFNO>03</PFNO>
      <FUNCODE>BACK</FUNCODE>
      <FUNNO>001</FUNNO>
     </RSMPE_PFK>
     <RSMPE_PFK>
      <CODE>000001</CODE>
      <PFNO>12</PFNO>
      <FUNCODE>ABBR</FUNCODE>
      <FUNNO>001</FUNNO>
     </RSMPE_PFK>
    </PFK>
    <SET>
     <RSMPE_STAF>
      <STATUS>CHECK</STATUS>
      <FUNCTION>ABBR</FUNCTION>
     </RSMPE_STAF>
     <RSMPE_STAF>
      <STATUS>CHECK</STATUS>
      <FUNCTION>AUSF</FUNCTION>
     </RSMPE_STAF>
     <RSMPE_STAF>
      <STATUS>CHECK</STATUS>
      <FUNCTION>BACK</FUNCTION>
     </RSMPE_STAF>
     <RSMPE_STAF>
      <STATUS>CHECK</STATUS>
      <FUNCTION>ENTR</FUNCTION>
     </RSMPE_STAF>
    </SET>
    <DOC>
     <RSMPE_ATRT>
      <OBJ_TYPE>A</OBJ_TYPE>
      <OBJ_CODE>000001</OBJ_CODE>
      <MODAL>D</MODAL>
      <INT_NOTE>Status zu BC430_CHECK</INT_NOTE>
     </RSMPE_ATRT>
     <RSMPE_ATRT>
      <OBJ_TYPE>P</OBJ_TYPE>
      <OBJ_CODE>000001</OBJ_CODE>
      <MODAL>D</MODAL>
      <INT_NOTE>Status zu BC430_CHECK</INT_NOTE>
     </RSMPE_ATRT>
     <RSMPE_ATRT>
      <OBJ_TYPE>B</OBJ_TYPE>
      <OBJ_CODE>000001</OBJ_CODE>
      <SUB_CODE>0001</SUB_CODE>
      <MODAL>D</MODAL>
      <INT_NOTE>Status zu BC430_CHECK</INT_NOTE>
     </RSMPE_ATRT>
    </DOC>
    <TIT>
     <RSMPE_TITT>
      <CODE>CHECK_TITLE</CODE>
      <TEXT>Prüfen der Übungen</TEXT>
     </RSMPE_TITT>
    </TIT>
   </CUA>
   <TPOOL>
    <item>
     <ID>I</ID>
     <KEY>001</KEY>
     <ENTRY>Übung</ENTRY>
     <LENGTH>15</LENGTH>
    </item>
    <item>
     <ID>I</ID>
     <KEY>010</KEY>
     <ENTRY>Übungsumgebung nicht korrekt eingerichtet!</ENTRY>
     <LENGTH>50</LENGTH>
    </item>
    <item>
     <ID>I</ID>
     <KEY>011</KEY>
     <ENTRY>Verständigen Sie bitte den Referenten!</ENTRY>
     <LENGTH>50</LENGTH>
    </item>
    <item>
     <ID>I</ID>
     <KEY>012</KEY>
     <ENTRY>Ursache: Problem in DD-Schnittstellen!!</ENTRY>
     <LENGTH>50</LENGTH>
    </item>
    <item>
     <ID>I</ID>
     <KEY>013</KEY>
     <ENTRY>Ursache: Vorlagen nicht aktiv!!</ENTRY>
     <LENGTH>50</LENGTH>
    </item>
    <item>
     <ID>I</ID>
     <KEY>014</KEY>
     <ENTRY>Ursache:  Kann nicht ermittelt werden!!</ENTRY>
     <LENGTH>50</LENGTH>
    </item>
    <item>
     <ID>I</ID>
     <KEY>050</KEY>
     <ENTRY>Prüfen der Tabelle</ENTRY>
     <LENGTH>30</LENGTH>
    </item>
    <item>
     <ID>I</ID>
     <KEY>051</KEY>
     <ENTRY>Index:</ENTRY>
     <LENGTH>15</LENGTH>
    </item>
    <item>
     <ID>I</ID>
     <KEY>052</KEY>
     <ENTRY>Prüfen der techn. Einstellungen zu</ENTRY>
     <LENGTH>50</LENGTH>
    </item>
    <item>
     <ID>I</ID>
     <KEY>053</KEY>
     <ENTRY>Prüfen der Domäne</ENTRY>
     <LENGTH>30</LENGTH>
    </item>
    <item>
     <ID>I</ID>
     <KEY>054</KEY>
     <ENTRY>Fremdschlüsselprüfung gegen</ENTRY>
     <LENGTH>50</LENGTH>
    </item>
    <item>
     <ID>I</ID>
     <KEY>055</KEY>
     <ENTRY>Prüfen der FS-Beziehungen der Tabelle</ENTRY>
     <LENGTH>50</LENGTH>
    </item>
    <item>
     <ID>I</ID>
     <KEY>056</KEY>
     <ENTRY>Prüfe Include zu Tabelle</ENTRY>
     <LENGTH>50</LENGTH>
    </item>
    <item>
     <ID>I</ID>
     <KEY>057</KEY>
     <ENTRY>Prüfe Append zu Tabelle</ENTRY>
     <LENGTH>50</LENGTH>
    </item>
    <item>
     <ID>I</ID>
     <KEY>058</KEY>
     <ENTRY>Feld:</ENTRY>
     <LENGTH>10</LENGTH>
    </item>
    <item>
     <ID>I</ID>
     <KEY>059</KEY>
     <ENTRY>Prüfen des Include</ENTRY>
     <LENGTH>30</LENGTH>
    </item>
    <item>
     <ID>I</ID>
     <KEY>060</KEY>
     <ENTRY>Prüfen der Append-Struktur</ENTRY>
     <LENGTH>50</LENGTH>
    </item>
    <item>
     <ID>I</ID>
     <KEY>100</KEY>
     <ENTRY>Sie haben vergessen die Tabelle zu aktivieren!</ENTRY>
     <LENGTH>50</LENGTH>
    </item>
    <item>
     <ID>I</ID>
     <KEY>101</KEY>
     <ENTRY>Die Tabelle ist nicht vorhanden!</ENTRY>
     <LENGTH>50</LENGTH>
    </item>
    <item>
     <ID>I</ID>
     <KEY>102</KEY>
     <ENTRY>Die Tabellenstruktur ist nicht korrekt!</ENTRY>
     <LENGTH>50</LENGTH>
    </item>
    <item>
     <ID>I</ID>
     <KEY>103</KEY>
     <ENTRY>Tabelle ist korrekt definiert!</ENTRY>
     <LENGTH>50</LENGTH>
    </item>
    <item>
     <ID>I</ID>
     <KEY>104</KEY>
     <ENTRY>Die Tabelle wird mit Beispieldaten gefüllt.</ENTRY>
     <LENGTH>50</LENGTH>
    </item>
    <item>
     <ID>I</ID>
     <KEY>105</KEY>
     <ENTRY>Die Tabelle ist falsch definiert!</ENTRY>
     <LENGTH>50</LENGTH>
    </item>
    <item>
     <ID>I</ID>
     <KEY>106</KEY>
     <ENTRY>Schlüsselkennzeichen falsch!</ENTRY>
     <LENGTH>50</LENGTH>
    </item>
    <item>
     <ID>I</ID>
     <KEY>107</KEY>
     <ENTRY>Kein Feld mit erwartetem Typ und Keyflag gefunden!</ENTRY>
     <LENGTH>60</LENGTH>
    </item>
    <item>
     <ID>I</ID>
     <KEY>108</KEY>
     <ENTRY>Sie haben vergessen den Index zu aktivieren!</ENTRY>
     <LENGTH>50</LENGTH>
    </item>
    <item>
     <ID>I</ID>
     <KEY>109</KEY>
     <ENTRY>Der Index ist nicht vorhanden!</ENTRY>
     <LENGTH>50</LENGTH>
    </item>
    <item>
     <ID>I</ID>
     <KEY>110</KEY>
     <ENTRY>Der Index ist korrekt definiert!</ENTRY>
     <LENGTH>50</LENGTH>
    </item>
    <item>
     <ID>I</ID>
     <KEY>111</KEY>
     <ENTRY>Der Index ist nicht korrekt definiert!</ENTRY>
     <LENGTH>50</LENGTH>
    </item>
    <item>
     <ID>I</ID>
     <KEY>112</KEY>
     <ENTRY>Der Index hat nicht genügend Felder!</ENTRY>
     <LENGTH>50</LENGTH>
    </item>
    <item>
     <ID>I</ID>
     <KEY>113</KEY>
     <ENTRY>Der Index hat zu viele Felder!</ENTRY>
     <LENGTH>50</LENGTH>
    </item>
    <item>
     <ID>I</ID>
     <KEY>114</KEY>
     <ENTRY>Der Index enthält die falschen Felder!</ENTRY>
     <LENGTH>50</LENGTH>
    </item>
    <item>
     <ID>I</ID>
     <KEY>115</KEY>
     <ENTRY>Die Feldreihenfolge ist fehlerhaft!</ENTRY>
     <LENGTH>50</LENGTH>
    </item>
    <item>
     <ID>I</ID>
     <KEY>116</KEY>
     <ENTRY>Liste der DB-Systeme nicht korrekt!</ENTRY>
     <LENGTH>50</LENGTH>
    </item>
    <item>
     <ID>I</ID>
     <KEY>117</KEY>
     <ENTRY>Option zum Anlegen auf DB nicht korrekt!</ENTRY>
     <LENGTH>50</LENGTH>
    </item>
    <item>
     <ID>I</ID>
     <KEY>118</KEY>
     <ENTRY>UNIQUE-Flag nicht korrekt!</ENTRY>
     <LENGTH>50</LENGTH>
    </item>
    <item>
     <ID>I</ID>
     <KEY>119</KEY>
     <ENTRY>Die techn. Einstellungen sind nicht aktiv!</ENTRY>
     <LENGTH>50</LENGTH>
    </item>
    <item>
     <ID>I</ID>
     <KEY>120</KEY>
     <ENTRY>Die techn. Einstellungen sind korrekt!</ENTRY>
     <LENGTH>50</LENGTH>
    </item>
    <item>
     <ID>I</ID>
     <KEY>121</KEY>
     <ENTRY>Die techn. Einstellungen sind nicht korrekt!</ENTRY>
     <LENGTH>50</LENGTH>
    </item>
    <item>
     <ID>I</ID>
     <KEY>122</KEY>
     <ENTRY>Größenkategorie falsch. Erwartet:</ENTRY>
     <LENGTH>50</LENGTH>
    </item>
    <item>
     <ID>I</ID>
     <KEY>123</KEY>
     <ENTRY>Datenart falsch. Erwartet:</ENTRY>
     <LENGTH>50</LENGTH>
    </item>
    <item>
     <ID>I</ID>
     <KEY>124</KEY>
     <ENTRY>Protokollierung falsch eingestellt!</ENTRY>
     <LENGTH>50</LENGTH>
    </item>
    <item>
     <ID>I</ID>
     <KEY>125</KEY>
     <ENTRY>Pufferungserlaubnis falsch eingestellt!</ENTRY>
     <LENGTH>50</LENGTH>
    </item>
    <item>
     <ID>I</ID>
     <KEY>126</KEY>
     <ENTRY>Pufferungsart falsch eingestellt!</ENTRY>
     <LENGTH>50</LENGTH>
    </item>
    <item>
     <ID>I</ID>
     <KEY>127</KEY>
     <ENTRY>Falscher generischer Schlüssel!</ENTRY>
     <LENGTH>50</LENGTH>
    </item>
    <item>
     <ID>I</ID>
     <KEY>128</KEY>
     <ENTRY>Die angegebene Domäne ist nicht vorhanden!</ENTRY>
     <LENGTH>50</LENGTH>
    </item>
    <item>
     <ID>I</ID>
     <KEY>129</KEY>
     <ENTRY>Sie haben vergessen die Domäne zu aktivieren!</ENTRY>
     <LENGTH>50</LENGTH>
    </item>
    <item>
     <ID>I</ID>
     <KEY>130</KEY>
     <ENTRY>Die Domäne ist korrekt definiert!</ENTRY>
     <LENGTH>50</LENGTH>
    </item>
    <item>
     <ID>I</ID>
     <KEY>131</KEY>
     <ENTRY>Die Domäne ist nicht korrekt definiert!</ENTRY>
     <LENGTH>50</LENGTH>
    </item>
    <item>
     <ID>I</ID>
     <KEY>132</KEY>
     <ENTRY>Der Datentyp ist nicht korrekt!</ENTRY>
     <LENGTH>50</LENGTH>
    </item>
    <item>
     <ID>I</ID>
     <KEY>133</KEY>
     <ENTRY>Die Länge ist nicht korrekt!</ENTRY>
     <LENGTH>50</LENGTH>
    </item>
    <item>
     <ID>I</ID>
     <KEY>134</KEY>
     <ENTRY>Anzahl Dezimalstellen ist nicht korrekt!</ENTRY>
     <LENGTH>50</LENGTH>
    </item>
    <item>
     <ID>I</ID>
     <KEY>135</KEY>
     <ENTRY>Die Festwerte sind nicht korrekt!</ENTRY>
     <LENGTH>50</LENGTH>
    </item>
    <item>
     <ID>I</ID>
     <KEY>136</KEY>
     <ENTRY>Fremdschlüssel ist korrekt definiert!</ENTRY>
     <LENGTH>50</LENGTH>
    </item>
    <item>
     <ID>I</ID>
     <KEY>137</KEY>
     <ENTRY>Fremdschlüssel ist fehlerhaft!</ENTRY>
     <LENGTH>50</LENGTH>
    </item>
    <item>
     <ID>I</ID>
     <KEY>138</KEY>
     <ENTRY>Fremdschlüssel ist nicht vorhanden!</ENTRY>
     <LENGTH>50</LENGTH>
    </item>
    <item>
     <ID>I</ID>
     <KEY>139</KEY>
     <ENTRY>Feldzuordnung ist nicht korrekt!</ENTRY>
     <LENGTH>50</LENGTH>
    </item>
    <item>
     <ID>I</ID>
     <KEY>140</KEY>
     <ENTRY>Fremdschl. muß Textfremdschl. sein!</ENTRY>
     <LENGTH>50</LENGTH>
    </item>
    <item>
     <ID>I</ID>
     <KEY>141</KEY>
     <ENTRY>Fremdsch. darf kein Textfremdschl. sein!</ENTRY>
     <LENGTH>50</LENGTH>
    </item>
    <item>
     <ID>I</ID>
     <KEY>142</KEY>
     <ENTRY>Die Struktur existiert nicht!</ENTRY>
     <LENGTH>50</LENGTH>
    </item>
    <item>
     <ID>I</ID>
     <KEY>143</KEY>
     <ENTRY>Sie haben vergessen die Struktur zu aktivieren!</ENTRY>
     <LENGTH>50</LENGTH>
    </item>
    <item>
     <ID>I</ID>
     <KEY>144</KEY>
     <ENTRY>Folgende Tabelle ist nicht aktiv:</ENTRY>
     <LENGTH>50</LENGTH>
    </item>
    <item>
     <ID>I</ID>
     <KEY>145</KEY>
     <ENTRY>Include ist korrekt definiert!</ENTRY>
     <LENGTH>50</LENGTH>
    </item>
    <item>
     <ID>I</ID>
     <KEY>146</KEY>
     <ENTRY>Include ist fehlerhaft!</ENTRY>
     <LENGTH>50</LENGTH>
    </item>
    <item>
     <ID>I</ID>
     <KEY>147</KEY>
     <ENTRY>Feldstruktur fehlerhaft!</ENTRY>
     <LENGTH>50</LENGTH>
    </item>
    <item>
     <ID>I</ID>
     <KEY>148</KEY>
     <ENTRY>Objekt ist keine Struktur!</ENTRY>
     <LENGTH>50</LENGTH>
    </item>
    <item>
     <ID>I</ID>
     <KEY>149</KEY>
     <ENTRY>Objekt ist keine Append-Struktur!</ENTRY>
     <LENGTH>50</LENGTH>
    </item>
    <item>
     <ID>I</ID>
     <KEY>150</KEY>
     <ENTRY>Ist nicht inkludiert/appendiert!</ENTRY>
     <LENGTH>50</LENGTH>
    </item>
    <item>
     <ID>I</ID>
     <KEY>151</KEY>
     <ENTRY>Append ist korrekt definiert!</ENTRY>
     <LENGTH>50</LENGTH>
    </item>
    <item>
     <ID>I</ID>
     <KEY>152</KEY>
     <ENTRY>Append ist fehlerhaft!</ENTRY>
     <LENGTH>50</LENGTH>
    </item>
    <item>
     <ID>I</ID>
     <KEY>153</KEY>
     <ENTRY>Beispieldaten waren bereits aufgebaut.</ENTRY>
     <LENGTH>50</LENGTH>
    </item>
    <item>
     <ID>I</ID>
     <KEY>154</KEY>
     <ENTRY>In Ihrer Tabelle hat das Feld einen falschen Typ oder</ENTRY>
     <LENGTH>60</LENGTH>
    </item>
    <item>
     <ID>I</ID>
     <KEY>155</KEY>
     <ENTRY>Sie haben vergessen das Feld in Ihre Tabelle aufzunehmen!</ENTRY>
     <LENGTH>60</LENGTH>
    </item>
    <item>
     <ID>I</ID>
     <KEY>156</KEY>
     <ENTRY>Die Tabelle hat zu wenige Schlüsselfelder!</ENTRY>
     <LENGTH>60</LENGTH>
    </item>
    <item>
     <ID>I</ID>
     <KEY>157</KEY>
     <ENTRY>Die Tabelle hat zu viele Schlüsselfelder!</ENTRY>
     <LENGTH>60</LENGTH>
    </item>
    <item>
     <ID>I</ID>
     <KEY>301</KEY>
     <ENTRY>Prüfe Index</ENTRY>
     <LENGTH>30</LENGTH>
    </item>
    <item>
     <ID>I</ID>
     <KEY>302</KEY>
     <ENTRY>zu Tabelle</ENTRY>
     <LENGTH>20</LENGTH>
    </item>
    <item>
     <ID>I</ID>
     <KEY>303</KEY>
     <ENTRY>Prüfe Include</ENTRY>
     <LENGTH>30</LENGTH>
    </item>
    <item>
     <ID>I</ID>
     <KEY>304</KEY>
     <ENTRY>Prüfe Append</ENTRY>
     <LENGTH>30</LENGTH>
    </item>
    <item>
     <ID>I</ID>
     <KEY>305</KEY>
     <ENTRY>Die Struktur</ENTRY>
     <LENGTH>20</LENGTH>
    </item>
    <item>
     <ID>I</ID>
     <KEY>306</KEY>
     <ENTRY>ist nicht inkludiert in</ENTRY>
     <LENGTH>40</LENGTH>
    </item>
    <item>
     <ID>I</ID>
     <KEY>307</KEY>
     <ENTRY>ist nicht appendiert an</ENTRY>
     <LENGTH>40</LENGTH>
    </item>
    <item>
     <ID>I</ID>
     <KEY>401</KEY>
     <ENTRY>Mandant</ENTRY>
     <LENGTH>20</LENGTH>
    </item>
    <item>
     <ID>I</ID>
     <KEY>402</KEY>
     <ENTRY>Fluggesellschaft</ENTRY>
     <LENGTH>20</LENGTH>
    </item>
    <item>
     <ID>I</ID>
     <KEY>403</KEY>
     <ENTRY>Personalnummer</ENTRY>
     <LENGTH>20</LENGTH>
    </item>
    <item>
     <ID>I</ID>
     <KEY>404</KEY>
     <ENTRY>Vorname</ENTRY>
     <LENGTH>20</LENGTH>
    </item>
    <item>
     <ID>I</ID>
     <KEY>405</KEY>
     <ENTRY>Nachname</ENTRY>
     <LENGTH>20</LENGTH>
    </item>
    <item>
     <ID>I</ID>
     <KEY>406</KEY>
     <ENTRY>Abteilungskürzel</ENTRY>
     <LENGTH>20</LENGTH>
    </item>
    <item>
     <ID>I</ID>
     <KEY>407</KEY>
     <ENTRY>Bereich</ENTRY>
     <LENGTH>20</LENGTH>
    </item>
    <item>
     <ID>I</ID>
     <KEY>408</KEY>
     <ENTRY>Gehalt</ENTRY>
     <LENGTH>20</LENGTH>
    </item>
    <item>
     <ID>I</ID>
     <KEY>409</KEY>
     <ENTRY>Währung</ENTRY>
     <LENGTH>20</LENGTH>
    </item>
    <item>
     <ID>I</ID>
     <KEY>410</KEY>
     <ENTRY>Telefonnummer</ENTRY>
     <LENGTH>20</LENGTH>
    </item>
    <item>
     <ID>I</ID>
     <KEY>411</KEY>
     <ENTRY>Faxnummer</ENTRY>
     <LENGTH>20</LENGTH>
    </item>
    <item>
     <ID>I</ID>
     <KEY>412</KEY>
     <ENTRY>Reisebüro</ENTRY>
     <LENGTH>20</LENGTH>
    </item>
    <item>
     <ID>I</ID>
     <KEY>413</KEY>
     <ENTRY>Sprache</ENTRY>
     <LENGTH>20</LENGTH>
    </item>
    <item>
     <ID>I</ID>
     <KEY>414</KEY>
     <ENTRY>Text</ENTRY>
     <LENGTH>20</LENGTH>
    </item>
    <item>
     <ID>I</ID>
     <KEY>415</KEY>
     <ENTRY>Abteilungsleiter</ENTRY>
     <LENGTH>20</LENGTH>
    </item>
    <item>
     <ID>I</ID>
     <KEY>416</KEY>
     <ENTRY>Letzter Änderer</ENTRY>
     <LENGTH>20</LENGTH>
    </item>
    <item>
     <ID>I</ID>
     <KEY>417</KEY>
     <ENTRY>Änderungsdatum</ENTRY>
     <LENGTH>20</LENGTH>
    </item>
    <item>
     <ID>I</ID>
     <KEY>418</KEY>
     <ENTRY>Änderungszeit</ENTRY>
     <LENGTH>20</LENGTH>
    </item>
    <item>
     <ID>I</ID>
     <KEY>419</KEY>
     <ENTRY>Verbindungsnummer</ENTRY>
     <LENGTH>20</LENGTH>
    </item>
    <item>
     <ID>I</ID>
     <KEY>420</KEY>
     <ENTRY>Flugdatum</ENTRY>
     <LENGTH>20</LENGTH>
    </item>
    <item>
     <ID>I</ID>
     <KEY>421</KEY>
     <ENTRY>Rolle</ENTRY>
     <LENGTH>20</LENGTH>
    </item>
    <item>
     <ID>I</ID>
     <KEY>422</KEY>
     <ENTRY>Flughafenname</ENTRY>
     <LENGTH>20</LENGTH>
    </item>
    <item>
     <ID>I</ID>
     <KEY>423</KEY>
     <ENTRY>Büronummer</ENTRY>
     <LENGTH>20</LENGTH>
    </item>
    <item>
     <ID>R</ID>
     <ENTRY>Prüfen der Übungen zum Kurs BC430 (ABAP Dictionary)</ENTRY>
     <LENGTH>51</LENGTH>
    </item>
    <item>
     <ID>T</ID>
     <ENTRY>Ergebnis der Überprüfung der Übungen</ENTRY>
     <LENGTH>36</LENGTH>
    </item>
   </TPOOL>
   <I18N_TPOOL>
    <item>
     <LANGUAGE>E</LANGUAGE>
     <TEXTPOOL>
      <item>
       <ID>I</ID>
       <KEY>001</KEY>
       <ENTRY>Exercise</ENTRY>
       <LENGTH>15</LENGTH>
      </item>
      <item>
       <ID>I</ID>
       <KEY>010</KEY>
       <ENTRY>Environment for exercises not set up correctly</ENTRY>
       <LENGTH>50</LENGTH>
      </item>
      <item>
       <ID>I</ID>
       <KEY>011</KEY>
       <ENTRY>Turn to your trainer</ENTRY>
       <LENGTH>50</LENGTH>
      </item>
      <item>
       <ID>I</ID>
       <KEY>012</KEY>
       <ENTRY>Reason: Promlem in DDIC interface</ENTRY>
       <LENGTH>50</LENGTH>
      </item>
      <item>
       <ID>I</ID>
       <KEY>013</KEY>
       <ENTRY>Reason: Templates not active</ENTRY>
       <LENGTH>50</LENGTH>
      </item>
      <item>
       <ID>I</ID>
       <KEY>014</KEY>
       <ENTRY>Reason: Cannot be determined</ENTRY>
       <LENGTH>50</LENGTH>
      </item>
      <item>
       <ID>I</ID>
       <KEY>050</KEY>
       <ENTRY>Checking of table</ENTRY>
       <LENGTH>30</LENGTH>
      </item>
      <item>
       <ID>I</ID>
       <KEY>051</KEY>
       <ENTRY>Index:</ENTRY>
       <LENGTH>15</LENGTH>
      </item>
      <item>
       <ID>I</ID>
       <KEY>052</KEY>
       <ENTRY>Checking of technical settings for</ENTRY>
       <LENGTH>50</LENGTH>
      </item>
      <item>
       <ID>I</ID>
       <KEY>053</KEY>
       <ENTRY>Checking of domain</ENTRY>
       <LENGTH>30</LENGTH>
      </item>
      <item>
       <ID>I</ID>
       <KEY>054</KEY>
       <ENTRY>Forreign key relationship with</ENTRY>
       <LENGTH>50</LENGTH>
      </item>
      <item>
       <ID>I</ID>
       <KEY>055</KEY>
       <ENTRY>Checking of forreign key relationshisp of table</ENTRY>
       <LENGTH>50</LENGTH>
      </item>
      <item>
       <ID>I</ID>
       <KEY>056</KEY>
       <ENTRY>Checking include of table</ENTRY>
       <LENGTH>50</LENGTH>
      </item>
      <item>
       <ID>I</ID>
       <KEY>057</KEY>
       <ENTRY>Checking append for table</ENTRY>
       <LENGTH>50</LENGTH>
      </item>
      <item>
       <ID>I</ID>
       <KEY>058</KEY>
       <ENTRY>Field:</ENTRY>
       <LENGTH>10</LENGTH>
      </item>
      <item>
       <ID>I</ID>
       <KEY>059</KEY>
       <ENTRY>Checking of include</ENTRY>
       <LENGTH>30</LENGTH>
      </item>
      <item>
       <ID>I</ID>
       <KEY>060</KEY>
       <ENTRY>Checking of append structure</ENTRY>
       <LENGTH>50</LENGTH>
      </item>
      <item>
       <ID>I</ID>
       <KEY>100</KEY>
       <ENTRY>You forgot to activate the table.</ENTRY>
       <LENGTH>50</LENGTH>
      </item>
      <item>
       <ID>I</ID>
       <KEY>101</KEY>
       <ENTRY>The table does not exist.</ENTRY>
       <LENGTH>50</LENGTH>
      </item>
      <item>
       <ID>I</ID>
       <KEY>102</KEY>
       <ENTRY>The table structure is not correct.</ENTRY>
       <LENGTH>50</LENGTH>
      </item>
      <item>
       <ID>I</ID>
       <KEY>103</KEY>
       <ENTRY>Table not defined consistently.</ENTRY>
       <LENGTH>50</LENGTH>
      </item>
      <item>
       <ID>I</ID>
       <KEY>104</KEY>
       <ENTRY>The table is been filled with dummy data.</ENTRY>
       <LENGTH>50</LENGTH>
      </item>
      <item>
       <ID>I</ID>
       <KEY>105</KEY>
       <ENTRY>The table is defined inconsistently.</ENTRY>
       <LENGTH>50</LENGTH>
      </item>
      <item>
       <ID>I</ID>
       <KEY>106</KEY>
       <ENTRY>Keyng inconsistent.</ENTRY>
       <LENGTH>50</LENGTH>
      </item>
      <item>
       <ID>I</ID>
       <KEY>107</KEY>
       <ENTRY>No field found with expected type and key flag.</ENTRY>
       <LENGTH>60</LENGTH>
      </item>
      <item>
       <ID>I</ID>
       <KEY>108</KEY>
       <ENTRY>You forgot to activate the index.</ENTRY>
       <LENGTH>50</LENGTH>
      </item>
      <item>
       <ID>I</ID>
       <KEY>109</KEY>
       <ENTRY>Index does not exist.</ENTRY>
       <LENGTH>50</LENGTH>
      </item>
      <item>
       <ID>I</ID>
       <KEY>110</KEY>
       <ENTRY>Index defined consistently.</ENTRY>
       <LENGTH>50</LENGTH>
      </item>
      <item>
       <ID>I</ID>
       <KEY>111</KEY>
       <ENTRY>Index defined inconsistently.</ENTRY>
       <LENGTH>50</LENGTH>
      </item>
      <item>
       <ID>I</ID>
       <KEY>112</KEY>
       <ENTRY>Index contains too less fields.</ENTRY>
       <LENGTH>50</LENGTH>
      </item>
      <item>
       <ID>I</ID>
       <KEY>113</KEY>
       <ENTRY>Index contains too many fields.</ENTRY>
       <LENGTH>50</LENGTH>
      </item>
      <item>
       <ID>I</ID>
       <KEY>114</KEY>
       <ENTRY>Index contains wrong fields.</ENTRY>
       <LENGTH>50</LENGTH>
      </item>
      <item>
       <ID>I</ID>
       <KEY>115</KEY>
       <ENTRY>The order of the fields is wrong.</ENTRY>
       <LENGTH>50</LENGTH>
      </item>
      <item>
       <ID>I</ID>
       <KEY>116</KEY>
       <ENTRY>List of DB systemswrong.</ENTRY>
       <LENGTH>50</LENGTH>
      </item>
      <item>
       <ID>I</ID>
       <KEY>117</KEY>
       <ENTRY>Option for creation on DB wrong.</ENTRY>
       <LENGTH>50</LENGTH>
      </item>
      <item>
       <ID>I</ID>
       <KEY>118</KEY>
       <ENTRY>UNIQUE flag setting wrong.</ENTRY>
       <LENGTH>50</LENGTH>
      </item>
      <item>
       <ID>I</ID>
       <KEY>119</KEY>
       <ENTRY>The technical settings are not active.</ENTRY>
       <LENGTH>50</LENGTH>
      </item>
      <item>
       <ID>I</ID>
       <KEY>120</KEY>
       <ENTRY>The technical settings are consistent.</ENTRY>
       <LENGTH>50</LENGTH>
      </item>
      <item>
       <ID>I</ID>
       <KEY>121</KEY>
       <ENTRY>The technical settings are inconsistent.</ENTRY>
       <LENGTH>50</LENGTH>
      </item>
      <item>
       <ID>I</ID>
       <KEY>122</KEY>
       <ENTRY>Size category wrong. Expected:</ENTRY>
       <LENGTH>50</LENGTH>
      </item>
      <item>
       <ID>I</ID>
       <KEY>123</KEY>
       <ENTRY>Data class wrong. Expsected:</ENTRY>
       <LENGTH>50</LENGTH>
      </item>
      <item>
       <ID>I</ID>
       <KEY>124</KEY>
       <ENTRY>Log settings wrong.</ENTRY>
       <LENGTH>50</LENGTH>
      </item>
      <item>
       <ID>I</ID>
       <KEY>125</KEY>
       <ENTRY>Buffering settings wrong.</ENTRY>
       <LENGTH>50</LENGTH>
      </item>
      <item>
       <ID>I</ID>
       <KEY>126</KEY>
       <ENTRY>Buffering type settings wrong.</ENTRY>
       <LENGTH>50</LENGTH>
      </item>
      <item>
       <ID>I</ID>
       <KEY>127</KEY>
       <ENTRY>Generated key wrong.</ENTRY>
       <LENGTH>50</LENGTH>
      </item>
      <item>
       <ID>I</ID>
       <KEY>128</KEY>
       <ENTRY>The referred domain does not exist.</ENTRY>
       <LENGTH>50</LENGTH>
      </item>
      <item>
       <ID>I</ID>
       <KEY>129</KEY>
       <ENTRY>You forgot to activate the domain.</ENTRY>
       <LENGTH>50</LENGTH>
      </item>
      <item>
       <ID>I</ID>
       <KEY>130</KEY>
       <ENTRY>Domain defined consistently.</ENTRY>
       <LENGTH>50</LENGTH>
      </item>
      <item>
       <ID>I</ID>
       <KEY>131</KEY>
       <ENTRY>Domain defined inconsistently.</ENTRY>
       <LENGTH>50</LENGTH>
      </item>
      <item>
       <ID>I</ID>
       <KEY>132</KEY>
       <ENTRY>Data type defined inconsistently.</ENTRY>
       <LENGTH>50</LENGTH>
      </item>
      <item>
       <ID>I</ID>
       <KEY>133</KEY>
       <ENTRY>Length defined inconsistently.</ENTRY>
       <LENGTH>50</LENGTH>
      </item>
      <item>
       <ID>I</ID>
       <KEY>134</KEY>
       <ENTRY>Number of decimals defined inconsistently.</ENTRY>
       <LENGTH>50</LENGTH>
      </item>
      <item>
       <ID>I</ID>
       <KEY>135</KEY>
       <ENTRY>Fix values defined inconsistently.</ENTRY>
       <LENGTH>50</LENGTH>
      </item>
      <item>
       <ID>I</ID>
       <KEY>136</KEY>
       <ENTRY>Forreign key defined consistently.</ENTRY>
       <LENGTH>50</LENGTH>
      </item>
      <item>
       <ID>I</ID>
       <KEY>137</KEY>
       <ENTRY>Forreign key defined inconsistently.</ENTRY>
       <LENGTH>50</LENGTH>
      </item>
      <item>
       <ID>I</ID>
       <KEY>138</KEY>
       <ENTRY>Forreign key does not exist.</ENTRY>
       <LENGTH>50</LENGTH>
      </item>
      <item>
       <ID>I</ID>
       <KEY>139</KEY>
       <ENTRY>Field setting defined inconsistently.</ENTRY>
       <LENGTH>50</LENGTH>
      </item>
      <item>
       <ID>I</ID>
       <KEY>140</KEY>
       <ENTRY>Forreign key has to be text forreign key.</ENTRY>
       <LENGTH>50</LENGTH>
      </item>
      <item>
       <ID>I</ID>
       <KEY>141</KEY>
       <ENTRY>Forreign key may not be a text forreign key.</ENTRY>
       <LENGTH>50</LENGTH>
      </item>
      <item>
       <ID>I</ID>
       <KEY>142</KEY>
       <ENTRY>Structure does not exist.</ENTRY>
       <LENGTH>50</LENGTH>
      </item>
      <item>
       <ID>I</ID>
       <KEY>143</KEY>
       <ENTRY>You forgot tp activate the structure.</ENTRY>
       <LENGTH>50</LENGTH>
      </item>
      <item>
       <ID>I</ID>
       <KEY>144</KEY>
       <ENTRY>The following table is not active:</ENTRY>
       <LENGTH>50</LENGTH>
      </item>
      <item>
       <ID>I</ID>
       <KEY>145</KEY>
       <ENTRY>Include defined consistently.</ENTRY>
       <LENGTH>50</LENGTH>
      </item>
      <item>
       <ID>I</ID>
       <KEY>146</KEY>
       <ENTRY>Include  defined inconsistently.</ENTRY>
       <LENGTH>50</LENGTH>
      </item>
      <item>
       <ID>I</ID>
       <KEY>147</KEY>
       <ENTRY>Structure defined inconsistently.</ENTRY>
       <LENGTH>50</LENGTH>
      </item>
      <item>
       <ID>I</ID>
       <KEY>148</KEY>
       <ENTRY>Object is a structure.</ENTRY>
       <LENGTH>50</LENGTH>
      </item>
      <item>
       <ID>I</ID>
       <KEY>149</KEY>
       <ENTRY>Object is an appedn structure.</ENTRY>
       <LENGTH>50</LENGTH>
      </item>
      <item>
       <ID>I</ID>
       <KEY>150</KEY>
       <ENTRY>Is not included / appended.</ENTRY>
       <LENGTH>50</LENGTH>
      </item>
      <item>
       <ID>I</ID>
       <KEY>151</KEY>
       <ENTRY>Append is defined consistently.</ENTRY>
       <LENGTH>50</LENGTH>
      </item>
      <item>
       <ID>I</ID>
       <KEY>152</KEY>
       <ENTRY>Append is definedin consistently.</ENTRY>
       <LENGTH>50</LENGTH>
      </item>
      <item>
       <ID>I</ID>
       <KEY>153</KEY>
       <ENTRY>Dummy data have allready been created.</ENTRY>
       <LENGTH>50</LENGTH>
      </item>
      <item>
       <ID>I</ID>
       <KEY>154</KEY>
       <ENTRY>In your table, the field is typed incorrectly or</ENTRY>
       <LENGTH>60</LENGTH>
      </item>
      <item>
       <ID>I</ID>
       <KEY>155</KEY>
       <ENTRY>You forgot to add the field to the table.</ENTRY>
       <LENGTH>60</LENGTH>
      </item>
      <item>
       <ID>I</ID>
       <KEY>156</KEY>
       <ENTRY>The table has too less key fields.</ENTRY>
       <LENGTH>60</LENGTH>
      </item>
      <item>
       <ID>I</ID>
       <KEY>157</KEY>
       <ENTRY>The table has too many key fields.</ENTRY>
       <LENGTH>60</LENGTH>
      </item>
      <item>
       <ID>I</ID>
       <KEY>301</KEY>
       <ENTRY>Checking index</ENTRY>
       <LENGTH>30</LENGTH>
      </item>
      <item>
       <ID>I</ID>
       <KEY>302</KEY>
       <ENTRY>for table</ENTRY>
       <LENGTH>20</LENGTH>
      </item>
      <item>
       <ID>I</ID>
       <KEY>303</KEY>
       <ENTRY>Checking include</ENTRY>
       <LENGTH>30</LENGTH>
      </item>
      <item>
       <ID>I</ID>
       <KEY>304</KEY>
       <ENTRY>Checking append</ENTRY>
       <LENGTH>30</LENGTH>
      </item>
      <item>
       <ID>I</ID>
       <KEY>305</KEY>
       <ENTRY>The structure</ENTRY>
       <LENGTH>20</LENGTH>
      </item>
      <item>
       <ID>I</ID>
       <KEY>306</KEY>
       <ENTRY>is not included in</ENTRY>
       <LENGTH>40</LENGTH>
      </item>
      <item>
       <ID>I</ID>
       <KEY>307</KEY>
       <ENTRY>is not appended to</ENTRY>
       <LENGTH>40</LENGTH>
      </item>
      <item>
       <ID>I</ID>
       <KEY>401</KEY>
       <ENTRY>Client</ENTRY>
       <LENGTH>20</LENGTH>
      </item>
      <item>
       <ID>I</ID>
       <KEY>402</KEY>
       <ENTRY>Airline Carrier</ENTRY>
       <LENGTH>20</LENGTH>
      </item>
      <item>
       <ID>I</ID>
       <KEY>403</KEY>
       <ENTRY>Personnel number</ENTRY>
       <LENGTH>20</LENGTH>
      </item>
      <item>
       <ID>I</ID>
       <KEY>404</KEY>
       <ENTRY>First Name</ENTRY>
       <LENGTH>20</LENGTH>
      </item>
      <item>
       <ID>I</ID>
       <KEY>405</KEY>
       <ENTRY>Last Name</ENTRY>
       <LENGTH>20</LENGTH>
      </item>
      <item>
       <ID>I</ID>
       <KEY>406</KEY>
       <ENTRY>Department ID</ENTRY>
       <LENGTH>20</LENGTH>
      </item>
      <item>
       <ID>I</ID>
       <KEY>407</KEY>
       <ENTRY>Area</ENTRY>
       <LENGTH>20</LENGTH>
      </item>
      <item>
       <ID>I</ID>
       <KEY>408</KEY>
       <ENTRY>Salary</ENTRY>
       <LENGTH>20</LENGTH>
      </item>
      <item>
       <ID>I</ID>
       <KEY>409</KEY>
       <ENTRY>Currency</ENTRY>
       <LENGTH>20</LENGTH>
      </item>
      <item>
       <ID>I</ID>
       <KEY>410</KEY>
       <ENTRY>Telephone Number</ENTRY>
       <LENGTH>20</LENGTH>
      </item>
      <item>
       <ID>I</ID>
       <KEY>411</KEY>
       <ENTRY>Fax Number</ENTRY>
       <LENGTH>20</LENGTH>
      </item>
      <item>
       <ID>I</ID>
       <KEY>412</KEY>
       <ENTRY>Travel agency</ENTRY>
       <LENGTH>20</LENGTH>
      </item>
      <item>
       <ID>I</ID>
       <KEY>413</KEY>
       <ENTRY>Language</ENTRY>
       <LENGTH>20</LENGTH>
      </item>
      <item>
       <ID>I</ID>
       <KEY>414</KEY>
       <ENTRY>Text</ENTRY>
       <LENGTH>20</LENGTH>
      </item>
      <item>
       <ID>I</ID>
       <KEY>415</KEY>
       <ENTRY>Department head</ENTRY>
       <LENGTH>20</LENGTH>
      </item>
      <item>
       <ID>I</ID>
       <KEY>416</KEY>
       <ENTRY>Last Changed By</ENTRY>
       <LENGTH>20</LENGTH>
      </item>
      <item>
       <ID>I</ID>
       <KEY>417</KEY>
       <ENTRY>Changed On</ENTRY>
       <LENGTH>20</LENGTH>
      </item>
      <item>
       <ID>I</ID>
       <KEY>418</KEY>
       <ENTRY>Change Time</ENTRY>
       <LENGTH>20</LENGTH>
      </item>
      <item>
       <ID>I</ID>
       <KEY>419</KEY>
       <ENTRY>Connection Number</ENTRY>
       <LENGTH>20</LENGTH>
      </item>
      <item>
       <ID>I</ID>
       <KEY>420</KEY>
       <ENTRY>Flight Date</ENTRY>
       <LENGTH>20</LENGTH>
      </item>
      <item>
       <ID>I</ID>
       <KEY>421</KEY>
       <ENTRY>Role</ENTRY>
       <LENGTH>20</LENGTH>
      </item>
      <item>
       <ID>I</ID>
       <KEY>422</KEY>
       <ENTRY>Airport name</ENTRY>
       <LENGTH>20</LENGTH>
      </item>
      <item>
       <ID>I</ID>
       <KEY>423</KEY>
       <ENTRY>Office number</ENTRY>
       <LENGTH>20</LENGTH>
      </item>
      <item>
       <ID>R</ID>
       <ENTRY>Check exercises for training BC430 (ABAP Dictionary)</ENTRY>
       <LENGTH>70</LENGTH>
      </item>
      <item>
       <ID>T</ID>
       <ENTRY>Result of Exercise check</ENTRY>
       <LENGTH>36</LENGTH>
      </item>
     </TEXTPOOL>
    </item>
   </I18N_TPOOL>
  </asx:values>
 </asx:abap>
</abapGit>
