﻿<?xml version="1.0" encoding="utf-8"?>
<abapGit version="v1.0.0" serializer="LCL_OBJECT_TABL" serializer_version="v1.0.0">
 <asx:abap xmlns:asx="http://www.sap.com/abapxml" version="1.0">
  <asx:values>
   <DD02V>
    <TABNAME>ZBC430_PROT</TABNAME>
    <DDLANGUAGE>D</DDLANGUAGE>
    <TABCLASS>TRANSP</TABCLASS>
    <DDTEXT>Archiv für die Protokolle des BC430_CHECK</DDTEXT>
    <MAINFLAG>X</MAINFLAG>
    <CONTFLAG>L</CONTFLAG>
   </DD02V>
   <DD09L>
    <TABNAME>ZBC430_PROT</TABNAME>
    <AS4LOCAL>A</AS4LOCAL>
    <TABKAT>0</TABKAT>
    <TABART>APPL1</TABART>
    <BUFALLOW>N</BUFALLOW>
    <ROWORCOLST>C</ROWORCOLST>
   </DD09L>
   <DD03P_TABLE>
    <DD03P>
     <TABNAME>ZBC430_PROT</TABNAME>
     <FIELDNAME>COURSE_USER</FIELDNAME>
     <DDLANGUAGE>D</DDLANGUAGE>
     <POSITION>0001</POSITION>
     <KEYFLAG>X</KEYFLAG>
     <ADMINFIELD>0</ADMINFIELD>
     <INTTYPE>C</INTTYPE>
     <INTLEN>000024</INTLEN>
     <NOTNULL>X</NOTNULL>
     <DATATYPE>CHAR</DATATYPE>
     <LENG>000012</LENG>
     <MASK>  CHAR</MASK>
     <DDTEXT>Username des Kursteilnehmers</DDTEXT>
    </DD03P>
    <DD03P>
     <TABNAME>ZBC430_PROT</TABNAME>
     <FIELDNAME>CHAPTER</FIELDNAME>
     <DDLANGUAGE>D</DDLANGUAGE>
     <POSITION>0002</POSITION>
     <KEYFLAG>X</KEYFLAG>
     <ADMINFIELD>0</ADMINFIELD>
     <INTTYPE>N</INTTYPE>
     <INTLEN>000002</INTLEN>
     <NOTNULL>X</NOTNULL>
     <DATATYPE>NUMC</DATATYPE>
     <LENG>000001</LENG>
     <MASK>  NUMC</MASK>
     <DDTEXT>Kapitel zu dem das Protokoll gehört</DDTEXT>
    </DD03P>
    <DD03P>
     <TABNAME>ZBC430_PROT</TABNAME>
     <FIELDNAME>PROT_DATE</FIELDNAME>
     <DDLANGUAGE>D</DDLANGUAGE>
     <POSITION>0003</POSITION>
     <KEYFLAG>X</KEYFLAG>
     <ADMINFIELD>0</ADMINFIELD>
     <INTTYPE>D</INTTYPE>
     <INTLEN>000016</INTLEN>
     <NOTNULL>X</NOTNULL>
     <DATATYPE>DATS</DATATYPE>
     <LENG>000008</LENG>
     <MASK>  DATS</MASK>
     <DDTEXT>Datum der Protokollarchivierung</DDTEXT>
     <SHLPORIGIN>T</SHLPORIGIN>
    </DD03P>
    <DD03P>
     <TABNAME>ZBC430_PROT</TABNAME>
     <FIELDNAME>PROT_TIME</FIELDNAME>
     <DDLANGUAGE>D</DDLANGUAGE>
     <POSITION>0004</POSITION>
     <KEYFLAG>X</KEYFLAG>
     <ADMINFIELD>0</ADMINFIELD>
     <INTTYPE>T</INTTYPE>
     <INTLEN>000012</INTLEN>
     <NOTNULL>X</NOTNULL>
     <DATATYPE>TIMS</DATATYPE>
     <LENG>000006</LENG>
     <MASK>  TIMS</MASK>
     <DDTEXT>Zeitpunkt der Protokollarchivierung</DDTEXT>
     <SHLPORIGIN>T</SHLPORIGIN>
    </DD03P>
    <DD03P>
     <TABNAME>ZBC430_PROT</TABNAME>
     <FIELDNAME>LINE</FIELDNAME>
     <DDLANGUAGE>D</DDLANGUAGE>
     <POSITION>0005</POSITION>
     <KEYFLAG>X</KEYFLAG>
     <ADMINFIELD>0</ADMINFIELD>
     <INTTYPE>N</INTTYPE>
     <INTLEN>000006</INTLEN>
     <NOTNULL>X</NOTNULL>
     <DATATYPE>NUMC</DATATYPE>
     <LENG>000003</LENG>
     <MASK>  NUMC</MASK>
     <DDTEXT>Zeilennummer</DDTEXT>
    </DD03P>
    <DD03P>
     <TABNAME>ZBC430_PROT</TABNAME>
     <FIELDNAME>COLOR</FIELDNAME>
     <DDLANGUAGE>D</DDLANGUAGE>
     <POSITION>0006</POSITION>
     <ADMINFIELD>0</ADMINFIELD>
     <INTTYPE>C</INTTYPE>
     <INTLEN>000002</INTLEN>
     <DATATYPE>CHAR</DATATYPE>
     <LENG>000001</LENG>
     <MASK>  CHAR</MASK>
     <DDTEXT>Bedeutung der Meldung</DDTEXT>
    </DD03P>
    <DD03P>
     <TABNAME>ZBC430_PROT</TABNAME>
     <FIELDNAME>TEXT</FIELDNAME>
     <DDLANGUAGE>D</DDLANGUAGE>
     <POSITION>0007</POSITION>
     <ADMINFIELD>0</ADMINFIELD>
     <INTTYPE>C</INTTYPE>
     <INTLEN>000200</INTLEN>
     <DATATYPE>CHAR</DATATYPE>
     <LENG>000100</LENG>
     <MASK>  CHAR</MASK>
     <DDTEXT>Text der Meldung</DDTEXT>
    </DD03P>
   </DD03P_TABLE>
  </asx:values>
 </asx:abap>
</abapGit>
