﻿<?xml version="1.0" encoding="utf-8"?>
<abapGit version="v1.0.0" serializer="LCL_OBJECT_PROG" serializer_version="v1.0.0">
 <asx:abap xmlns:asx="http://www.sap.com/abapxml" version="1.0">
  <asx:values>
   <PROGDIR>
    <NAME>ZBC430_DATA_COPY</NAME>
    <STATE>A</STATE>
    <VARCL>X</VARCL>
    <SUBC>1</SUBC>
    <APPL>S</APPL>
    <RSTAT>P</RSTAT>
    <RLOAD>D</RLOAD>
    <FIXPT>X</FIXPT>
    <UCCHECK>X</UCCHECK>
   </PROGDIR>
   <TPOOL>
    <item>
     <ID>I</ID>
     <KEY>001</KEY>
     <ENTRY>Kopieren der Daten der Quelltabelle in die Zieltabelle.</ENTRY>
     <LENGTH>55</LENGTH>
    </item>
    <item>
     <ID>I</ID>
     <KEY>002</KEY>
     <ENTRY>Angeben der Tabellen</ENTRY>
     <LENGTH>20</LENGTH>
    </item>
    <item>
     <ID>I</ID>
     <KEY>003</KEY>
     <ENTRY>Die Zieltabelle Z  muß kompatibel zur Quelltabelle Q sein!</ENTRY>
     <LENGTH>90</LENGTH>
    </item>
    <item>
     <ID>I</ID>
     <KEY>004</KEY>
     <ENTRY>Nährere Infos finden sich in der Reportdoku.</ENTRY>
     <LENGTH>90</LENGTH>
    </item>
    <item>
     <ID>R</ID>
     <ENTRY>Kopieren von Tabelleninhalten für Trainerdemo BC430</ENTRY>
     <LENGTH>51</LENGTH>
    </item>
    <item>
     <ID>S</ID>
     <KEY>QUELLTAB</KEY>
     <ENTRY>Quelltabelle</ENTRY>
     <LENGTH>20</LENGTH>
    </item>
    <item>
     <ID>S</ID>
     <KEY>ZIELTAB</KEY>
     <ENTRY>Zieltabelle</ENTRY>
     <LENGTH>19</LENGTH>
    </item>
   </TPOOL>
   <I18N_TPOOL>
    <item>
     <LANGUAGE>E</LANGUAGE>
     <TEXTPOOL>
      <item>
       <ID>S</ID>
       <KEY>ZIELTAB</KEY>
       <ENTRY>Target table</ENTRY>
       <LENGTH>20</LENGTH>
      </item>
      <item>
       <ID>S</ID>
       <KEY>QUELLTAB</KEY>
       <ENTRY>Source table</ENTRY>
       <LENGTH>20</LENGTH>
      </item>
      <item>
       <ID>R</ID>
       <ENTRY>Copy table contents for trainer demo BC430</ENTRY>
       <LENGTH>51</LENGTH>
      </item>
      <item>
       <ID>I</ID>
       <KEY>004</KEY>
       <ENTRY>You can find more information in the report documentation</ENTRY>
       <LENGTH>90</LENGTH>
      </item>
      <item>
       <ID>I</ID>
       <KEY>003</KEY>
       <ENTRY>Target table Z must be compatible with source table Q</ENTRY>
       <LENGTH>90</LENGTH>
      </item>
      <item>
       <ID>I</ID>
       <KEY>002</KEY>
       <ENTRY>Define the tables</ENTRY>
       <LENGTH>20</LENGTH>
      </item>
      <item>
       <ID>I</ID>
       <KEY>001</KEY>
       <ENTRY>Copy the source table data to the target table</ENTRY>
       <LENGTH>55</LENGTH>
      </item>
     </TEXTPOOL>
    </item>
   </I18N_TPOOL>
  </asx:values>
 </asx:abap>
</abapGit>
