﻿<?xml version="1.0" encoding="utf-8"?>
<abapGit version="v1.0.0" serializer="LCL_OBJECT_DTEL" serializer_version="v1.0.0">
 <asx:abap xmlns:asx="http://www.sap.com/abapxml" version="1.0">
  <asx:values>
   <DD04V>
    <ROLLNAME>ZROLE_CONV</ROLLNAME>
    <DDLANGUAGE>D</DDLANGUAGE>
    <HEADLEN>15</HEADLEN>
    <SCRLEN1>10</SCRLEN1>
    <SCRLEN2>15</SCRLEN2>
    <SCRLEN3>22</SCRLEN3>
    <DDTEXT>Rolle nach der Umsetzung</DDTEXT>
    <REPTEXT>Rolle</REPTEXT>
    <SCRTEXT_S>Rolle</SCRTEXT_S>
    <SCRTEXT_M>Rolle Mitarb.</SCRTEXT_M>
    <SCRTEXT_L>Rolle des Mitarbeiters</SCRTEXT_L>
    <DTELMASTER>D</DTELMASTER>
    <DATATYPE>CHAR</DATATYPE>
    <LENG>000015</LENG>
    <OUTPUTLEN>000015</OUTPUTLEN>
   </DD04V>
   <I18N_LANGS>
    <LANGU>E</LANGU>
   </I18N_LANGS>
   <DD04_TEXTS>
    <item>
     <DDLANGUAGE>E</DDLANGUAGE>
     <DDTEXT>Role after conversion</DDTEXT>
     <REPTEXT>Role</REPTEXT>
     <SCRTEXT_S>Role</SCRTEXT_S>
     <SCRTEXT_M>Employee role</SCRTEXT_M>
     <SCRTEXT_L>Role of employee</SCRTEXT_L>
    </item>
   </DD04_TEXTS>
  </asx:values>
 </asx:abap>
</abapGit>
