﻿<?xml version="1.0" encoding="utf-8"?>
<abapGit version="v1.0.0" serializer="LCL_OBJECT_DOMA" serializer_version="v1.0.0">
 <asx:abap xmlns:asx="http://www.sap.com/abapxml" version="1.0">
  <asx:values>
   <DD01V>
    <DOMNAME>ZS_AREA</DOMNAME>
    <DDLANGUAGE>D</DDLANGUAGE>
    <DATATYPE>CHAR</DATATYPE>
    <LENG>000001</LENG>
    <OUTPUTLEN>000005</OUTPUTLEN>
    <VALEXI>X</VALEXI>
    <DDTEXT>Bereich</DDTEXT>
   </DD01V>
   <DD07V_TAB>
    <DD07V>
     <DOMNAME>ZS_AREA</DOMNAME>
     <VALPOS>0001</VALPOS>
     <DDLANGUAGE>D</DDLANGUAGE>
     <DOMVALUE_L>A</DOMVALUE_L>
     <DDTEXT>Administrationspersonal</DDTEXT>
    </DD07V>
    <DD07V>
     <DOMNAME>ZS_AREA</DOMNAME>
     <VALPOS>0002</VALPOS>
     <DDLANGUAGE>D</DDLANGUAGE>
     <DOMVALUE_L>F</DOMVALUE_L>
     <DDTEXT>Flugpersonal</DDTEXT>
    </DD07V>
    <DD07V>
     <DOMNAME>ZS_AREA</DOMNAME>
     <VALPOS>0003</VALPOS>
     <DDLANGUAGE>D</DDLANGUAGE>
     <DOMVALUE_L>S</DOMVALUE_L>
     <DDTEXT>Servicepersonal</DDTEXT>
    </DD07V>
   </DD07V_TAB>
   <I18N_LANGS>
    <LANGU>E</LANGU>
   </I18N_LANGS>
   <DD01_TEXTS>
    <item>
     <DDLANGUAGE>E</DDLANGUAGE>
     <DDTEXT>Area</DDTEXT>
    </item>
   </DD01_TEXTS>
   <DD07_TEXTS>
    <item>
     <VALPOS>0001</VALPOS>
     <DDLANGUAGE>E</DDLANGUAGE>
     <DOMVALUE_L>A</DOMVALUE_L>
     <DDTEXT>Administration personnel</DDTEXT>
    </item>
    <item>
     <VALPOS>0002</VALPOS>
     <DDLANGUAGE>E</DDLANGUAGE>
     <DOMVALUE_L>F</DOMVALUE_L>
     <DDTEXT>Flight personnel</DDTEXT>
    </item>
    <item>
     <VALPOS>0003</VALPOS>
     <DDLANGUAGE>E</DDLANGUAGE>
     <DOMVALUE_L>S</DOMVALUE_L>
     <DDTEXT>Service personnel</DDTEXT>
    </item>
   </DD07_TEXTS>
  </asx:values>
 </asx:abap>
</abapGit>
