﻿<?xml version="1.0" encoding="utf-8"?>
<abapGit version="v1.0.0" serializer="LCL_OBJECT_DTEL" serializer_version="v1.0.0">
 <asx:abap xmlns:asx="http://www.sap.com/abapxml" version="1.0">
  <asx:values>
   <DD04V>
    <ROLLNAME>ZS_CHIEFNR</ROLLNAME>
    <DDLANGUAGE>D</DDLANGUAGE>
    <DOMNAME>ZSEMP_NUM</DOMNAME>
    <HEADLEN>10</HEADLEN>
    <SCRLEN1>10</SCRLEN1>
    <SCRLEN2>16</SCRLEN2>
    <SCRLEN3>36</SCRLEN3>
    <DDTEXT>Personalnummer des Abteilungsleiters</DDTEXT>
    <REPTEXT>Abt.Leiter</REPTEXT>
    <SCRTEXT_S>Leiter</SCRTEXT_S>
    <SCRTEXT_M>Abteilungsleiter</SCRTEXT_M>
    <SCRTEXT_L>Personalnummer des Abteilungsleiters</SCRTEXT_L>
    <DTELMASTER>D</DTELMASTER>
    <REFKIND>D</REFKIND>
   </DD04V>
   <I18N_LANGS>
    <LANGU>E</LANGU>
   </I18N_LANGS>
   <DD04_TEXTS>
    <item>
     <DDLANGUAGE>E</DDLANGUAGE>
     <DDTEXT>Personnel number of department head</DDTEXT>
     <REPTEXT>Dept. head</REPTEXT>
     <SCRTEXT_S>Head</SCRTEXT_S>
     <SCRTEXT_M>Department head</SCRTEXT_M>
     <SCRTEXT_L>Personnel number of department head</SCRTEXT_L>
    </item>
   </DD04_TEXTS>
  </asx:values>
 </asx:abap>
</abapGit>
