﻿<?xml version="1.0" encoding="utf-8"?>
<abapGit version="v1.0.0" serializer="LCL_OBJECT_DTEL" serializer_version="v1.0.0">
 <asx:abap xmlns:asx="http://www.sap.com/abapxml" version="1.0">
  <asx:values>
   <DD04V>
    <ROLLNAME>ZS_DEPARTM</ROLLNAME>
    <DDLANGUAGE>D</DDLANGUAGE>
    <DOMNAME>ZS_DEPARTM</DOMNAME>
    <HEADLEN>04</HEADLEN>
    <SCRLEN1>04</SCRLEN1>
    <SCRLEN2>10</SCRLEN2>
    <SCRLEN3>16</SCRLEN3>
    <DDTEXT>Abteilungskürzel</DDTEXT>
    <REPTEXT>Abt.</REPTEXT>
    <SCRTEXT_S>Abt.</SCRTEXT_S>
    <SCRTEXT_M>Abt.kürzel</SCRTEXT_M>
    <SCRTEXT_L>Abteilungskürzel</SCRTEXT_L>
    <DTELMASTER>D</DTELMASTER>
    <REFKIND>D</REFKIND>
   </DD04V>
   <I18N_LANGS>
    <LANGU>E</LANGU>
   </I18N_LANGS>
   <DD04_TEXTS>
    <item>
     <DDLANGUAGE>E</DDLANGUAGE>
     <DDTEXT>Department code</DDTEXT>
     <REPTEXT>Dept</REPTEXT>
     <SCRTEXT_S>Dept</SCRTEXT_S>
     <SCRTEXT_M>Dept. code</SCRTEXT_M>
     <SCRTEXT_L>Department code</SCRTEXT_L>
    </item>
   </DD04_TEXTS>
  </asx:values>
 </asx:abap>
</abapGit>
