﻿<?xml version="1.0" encoding="utf-8"?>
<abapGit version="v1.0.0" serializer="LCL_OBJECT_DTEL" serializer_version="v1.0.0">
 <asx:abap xmlns:asx="http://www.sap.com/abapxml" version="1.0">
  <asx:values>
   <DD04V>
    <ROLLNAME>ZS_LNAME</ROLLNAME>
    <DDLANGUAGE>D</DDLANGUAGE>
    <DOMNAME>ZS_NNAME</DOMNAME>
    <HEADLEN>40</HEADLEN>
    <SCRLEN1>10</SCRLEN1>
    <SCRLEN2>17</SCRLEN2>
    <SCRLEN3>20</SCRLEN3>
    <DDTEXT>Nachname eines Mitarbeiters</DDTEXT>
    <REPTEXT>Nachname</REPTEXT>
    <SCRTEXT_S>Nachname</SCRTEXT_S>
    <SCRTEXT_M>Nachname</SCRTEXT_M>
    <SCRTEXT_L>Nachname</SCRTEXT_L>
    <DTELMASTER>D</DTELMASTER>
    <REFKIND>D</REFKIND>
   </DD04V>
   <I18N_LANGS>
    <LANGU>E</LANGU>
   </I18N_LANGS>
   <DD04_TEXTS>
    <item>
     <DDLANGUAGE>E</DDLANGUAGE>
     <DDTEXT>Last name of employee</DDTEXT>
     <REPTEXT>Last name</REPTEXT>
     <SCRTEXT_S>Last name</SCRTEXT_S>
     <SCRTEXT_M>Last name</SCRTEXT_M>
     <SCRTEXT_L>Last name</SCRTEXT_L>
    </item>
   </DD04_TEXTS>
  </asx:values>
 </asx:abap>
</abapGit>
