﻿<?xml version="1.0" encoding="utf-8"?>
<abapGit version="v1.0.0" serializer="LCL_OBJECT_DOMA" serializer_version="v1.0.0">
 <asx:abap xmlns:asx="http://www.sap.com/abapxml" version="1.0">
  <asx:values>
   <DD01V>
    <DOMNAME>ZS_NUMBER10</DOMNAME>
    <DDLANGUAGE>D</DDLANGUAGE>
    <DATATYPE>DEC</DATATYPE>
    <LENG>000008</LENG>
    <OUTPUTLEN>000011</OUTPUTLEN>
    <DECIMALS>000002</DECIMALS>
    <SIGNFLAG>X</SIGNFLAG>
    <DDTEXT>BC430 Übungsvorlage</DDTEXT>
   </DD01V>
   <I18N_LANGS>
    <LANGU>E</LANGU>
   </I18N_LANGS>
   <DD01_TEXTS>
    <item>
     <DDLANGUAGE>E</DDLANGUAGE>
     <DDTEXT>DEC type - 2 dec places, 8 chars (BC430 Template)</DDTEXT>
    </item>
   </DD01_TEXTS>
  </asx:values>
 </asx:abap>
</abapGit>
