﻿<?xml version="1.0" encoding="utf-8"?>
<abapGit version="v1.0.0" serializer="LCL_OBJECT_DTEL" serializer_version="v1.0.0">
 <asx:abap xmlns:asx="http://www.sap.com/abapxml" version="1.0">
  <asx:values>
   <DD04V>
    <ROLLNAME>ZS_TELNUMB</ROLLNAME>
    <DDLANGUAGE>D</DDLANGUAGE>
    <DOMNAME>S_PHONE</DOMNAME>
    <HEADLEN>30</HEADLEN>
    <SCRLEN1>10</SCRLEN1>
    <SCRLEN2>15</SCRLEN2>
    <SCRLEN3>25</SCRLEN3>
    <DDTEXT>Telefonnummer des Abteilungssekretariats</DDTEXT>
    <REPTEXT>Tel.Nr.</REPTEXT>
    <SCRTEXT_S>Tel.Nr.</SCRTEXT_S>
    <SCRTEXT_M>Telefon Nr.</SCRTEXT_M>
    <SCRTEXT_L>Telefonnummer Sekretariat</SCRTEXT_L>
    <DTELMASTER>D</DTELMASTER>
    <REFKIND>D</REFKIND>
   </DD04V>
   <I18N_LANGS>
    <LANGU>E</LANGU>
   </I18N_LANGS>
   <DD04_TEXTS>
    <item>
     <DDLANGUAGE>E</DDLANGUAGE>
     <DDTEXT>Telephone number of the department secretary&apos;s office</DDTEXT>
     <REPTEXT>Tel.no.</REPTEXT>
     <SCRTEXT_S>Tel.no.</SCRTEXT_S>
     <SCRTEXT_M>Telephone no.</SCRTEXT_M>
     <SCRTEXT_L>Tel. no. secretary office</SCRTEXT_L>
    </item>
   </DD04_TEXTS>
  </asx:values>
 </asx:abap>
</abapGit>
