﻿<?xml version="1.0" encoding="utf-8"?>
<abapGit version="v1.0.0" serializer="LCL_OBJECT_VIEW" serializer_version="v1.0.0">
 <asx:abap xmlns:asx="http://www.sap.com/abapxml" version="1.0">
  <asx:values>
   <DD25V>
    <VIEWNAME>ZSBOOKINGS</VIEWNAME>
    <AS4LOCAL>A</AS4LOCAL>
    <DDLANGUAGE>D</DDLANGUAGE>
    <AGGTYPE>V</AGGTYPE>
    <ROOTTAB>SBOOK</ROOTTAB>
    <DDTEXT>Sicht auf die Buchungsdaten</DDTEXT>
    <VIEWCLASS>D</VIEWCLASS>
    <VIEWGRANT>R</VIEWGRANT>
   </DD25V>
   <DD26V_TABLE>
    <DD26V>
     <VIEWNAME>ZSBOOKINGS</VIEWNAME>
     <TABNAME>SBOOK</TABNAME>
     <TABPOS>0001</TABPOS>
     <FORTABNAME>SBOOK</FORTABNAME>
    </DD26V>
    <DD26V>
     <VIEWNAME>ZSBOOKINGS</VIEWNAME>
     <TABNAME>SCUSTOM</TABNAME>
     <TABPOS>0002</TABPOS>
    </DD26V>
   </DD26V_TABLE>
   <DD27P_TABLE>
    <DD27P>
     <VIEWNAME>ZSBOOKINGS</VIEWNAME>
     <OBJPOS>0001</OBJPOS>
     <DDLANGUAGE>D</DDLANGUAGE>
     <VIEWFIELD>MANDT</VIEWFIELD>
     <TABNAME>SBOOK</TABNAME>
     <FIELDNAME>MANDT</FIELDNAME>
     <KEYFLAG>X</KEYFLAG>
     <ROLLNAME>S_MANDT</ROLLNAME>
     <ROLLNAMEVI>S_MANDT</ROLLNAMEVI>
     <CHECKTABLE>T000</CHECKTABLE>
     <SHLPORIGIN>P</SHLPORIGIN>
    </DD27P>
    <DD27P>
     <VIEWNAME>ZSBOOKINGS</VIEWNAME>
     <OBJPOS>0002</OBJPOS>
     <DDLANGUAGE>D</DDLANGUAGE>
     <VIEWFIELD>CARRID</VIEWFIELD>
     <TABNAME>SBOOK</TABNAME>
     <FIELDNAME>CARRID</FIELDNAME>
     <KEYFLAG>X</KEYFLAG>
     <ROLLNAME>S_CARR_ID</ROLLNAME>
     <ROLLNAMEVI>S_CARR_ID</ROLLNAMEVI>
     <CHECKTABLE>SCARR</CHECKTABLE>
     <SHLPORIGIN>P</SHLPORIGIN>
     <SHLPNAME>S_CARRIER_ID</SHLPNAME>
     <SHLPFIELD>CARRID</SHLPFIELD>
    </DD27P>
    <DD27P>
     <VIEWNAME>ZSBOOKINGS</VIEWNAME>
     <OBJPOS>0003</OBJPOS>
     <DDLANGUAGE>D</DDLANGUAGE>
     <VIEWFIELD>CONNID</VIEWFIELD>
     <TABNAME>SBOOK</TABNAME>
     <FIELDNAME>CONNID</FIELDNAME>
     <KEYFLAG>X</KEYFLAG>
     <ROLLNAME>S_CONN_ID</ROLLNAME>
     <ROLLNAMEVI>S_CONN_ID</ROLLNAMEVI>
     <CHECKTABLE>SPFLI</CHECKTABLE>
     <SHLPORIGIN>P</SHLPORIGIN>
    </DD27P>
    <DD27P>
     <VIEWNAME>ZSBOOKINGS</VIEWNAME>
     <OBJPOS>0004</OBJPOS>
     <DDLANGUAGE>D</DDLANGUAGE>
     <VIEWFIELD>FLDATE</VIEWFIELD>
     <TABNAME>SBOOK</TABNAME>
     <FIELDNAME>FLDATE</FIELDNAME>
     <KEYFLAG>X</KEYFLAG>
     <ROLLNAME>S_DATE</ROLLNAME>
     <ROLLNAMEVI>S_DATE</ROLLNAMEVI>
     <CHECKTABLE>SFLIGHT</CHECKTABLE>
     <SHLPORIGIN>P</SHLPORIGIN>
    </DD27P>
    <DD27P>
     <VIEWNAME>ZSBOOKINGS</VIEWNAME>
     <OBJPOS>0005</OBJPOS>
     <DDLANGUAGE>D</DDLANGUAGE>
     <VIEWFIELD>BOOKID</VIEWFIELD>
     <TABNAME>SBOOK</TABNAME>
     <FIELDNAME>BOOKID</FIELDNAME>
     <KEYFLAG>X</KEYFLAG>
     <ROLLNAME>S_BOOK_ID</ROLLNAME>
     <ROLLNAMEVI>S_BOOK_ID</ROLLNAMEVI>
     <SHLPORIGIN>X</SHLPORIGIN>
    </DD27P>
    <DD27P>
     <VIEWNAME>ZSBOOKINGS</VIEWNAME>
     <OBJPOS>0006</OBJPOS>
     <DDLANGUAGE>D</DDLANGUAGE>
     <VIEWFIELD>CUSTOMID</VIEWFIELD>
     <TABNAME>SBOOK</TABNAME>
     <FIELDNAME>CUSTOMID</FIELDNAME>
     <ROLLNAME>S_CUSTOMER</ROLLNAME>
     <ROLLNAMEVI>S_CUSTOMER</ROLLNAMEVI>
     <CHECKTABLE>SCUSTOM</CHECKTABLE>
     <SHLPORIGIN>P</SHLPORIGIN>
    </DD27P>
    <DD27P>
     <VIEWNAME>ZSBOOKINGS</VIEWNAME>
     <OBJPOS>0007</OBJPOS>
     <DDLANGUAGE>D</DDLANGUAGE>
     <VIEWFIELD>CLASS</VIEWFIELD>
     <TABNAME>SBOOK</TABNAME>
     <FIELDNAME>CLASS</FIELDNAME>
     <ROLLNAME>S_CLASS</ROLLNAME>
     <ROLLNAMEVI>S_CLASS</ROLLNAMEVI>
     <SHLPORIGIN>F</SHLPORIGIN>
     <VALEXI>X</VALEXI>
    </DD27P>
    <DD27P>
     <VIEWNAME>ZSBOOKINGS</VIEWNAME>
     <OBJPOS>0008</OBJPOS>
     <DDLANGUAGE>D</DDLANGUAGE>
     <VIEWFIELD>NAME</VIEWFIELD>
     <TABNAME>SCUSTOM</TABNAME>
     <FIELDNAME>NAME</FIELDNAME>
     <ROLLNAME>S_CUSTNAME</ROLLNAME>
     <ROLLNAMEVI>S_CUSTNAME</ROLLNAMEVI>
    </DD27P>
    <DD27P>
     <VIEWNAME>ZSBOOKINGS</VIEWNAME>
     <OBJPOS>0009</OBJPOS>
     <DDLANGUAGE>D</DDLANGUAGE>
     <VIEWFIELD>STREET</VIEWFIELD>
     <TABNAME>SCUSTOM</TABNAME>
     <FIELDNAME>STREET</FIELDNAME>
     <ROLLNAME>S_STREET</ROLLNAME>
     <ROLLNAMEVI>S_STREET</ROLLNAMEVI>
    </DD27P>
    <DD27P>
     <VIEWNAME>ZSBOOKINGS</VIEWNAME>
     <OBJPOS>0010</OBJPOS>
     <DDLANGUAGE>D</DDLANGUAGE>
     <VIEWFIELD>CITY</VIEWFIELD>
     <TABNAME>SCUSTOM</TABNAME>
     <FIELDNAME>CITY</FIELDNAME>
     <ROLLNAME>CITY</ROLLNAME>
     <ROLLNAMEVI>CITY</ROLLNAMEVI>
     <LOGFLAG>X</LOGFLAG>
    </DD27P>
    <DD27P>
     <VIEWNAME>ZSBOOKINGS</VIEWNAME>
     <OBJPOS>0011</OBJPOS>
     <DDLANGUAGE>D</DDLANGUAGE>
     <VIEWFIELD>COUNTRY</VIEWFIELD>
     <TABNAME>SCUSTOM</TABNAME>
     <FIELDNAME>COUNTRY</FIELDNAME>
     <ROLLNAME>S_COUNTRY</ROLLNAME>
     <ROLLNAMEVI>S_COUNTRY</ROLLNAMEVI>
    </DD27P>
    <DD27P>
     <VIEWNAME>ZSBOOKINGS</VIEWNAME>
     <OBJPOS>0012</OBJPOS>
     <DDLANGUAGE>D</DDLANGUAGE>
     <VIEWFIELD>CUSTTYPE</VIEWFIELD>
     <TABNAME>SCUSTOM</TABNAME>
     <FIELDNAME>CUSTTYPE</FIELDNAME>
     <ROLLNAME>S_CUSTTYPE</ROLLNAME>
     <ROLLNAMEVI>S_CUSTTYPE</ROLLNAMEVI>
     <SHLPORIGIN>F</SHLPORIGIN>
     <VALEXI>X</VALEXI>
    </DD27P>
   </DD27P_TABLE>
   <DD28J_TABLE>
    <DD28J>
     <VIEWNAME>ZSBOOKINGS</VIEWNAME>
     <LTAB>SCUSTOM</LTAB>
     <LFIELD>MANDT</LFIELD>
     <OPERATOR>EQ</OPERATOR>
     <RTAB>SBOOK</RTAB>
     <RFIELD>MANDT</RFIELD>
     <SOURCE>S</SOURCE>
    </DD28J>
    <DD28J>
     <VIEWNAME>ZSBOOKINGS</VIEWNAME>
     <LTAB>SCUSTOM</LTAB>
     <LFIELD>ID</LFIELD>
     <OPERATOR>EQ</OPERATOR>
     <RTAB>SBOOK</RTAB>
     <RFIELD>CUSTOMID</RFIELD>
     <SOURCE>S</SOURCE>
    </DD28J>
   </DD28J_TABLE>
  </asx:values>
 </asx:abap>
</abapGit>
