﻿<?xml version="1.0" encoding="utf-8"?>
<abapGit version="v1.0.0" serializer="LCL_OBJECT_DTEL" serializer_version="v1.0.0">
 <asx:abap xmlns:asx="http://www.sap.com/abapxml" version="1.0">
  <asx:values>
   <DD04V>
    <ROLLNAME>ZSCARGO_ID</ROLLNAME>
    <DDLANGUAGE>D</DDLANGUAGE>
    <DOMNAME>ZSCARGO_ID</DOMNAME>
    <HEADLEN>07</HEADLEN>
    <SCRLEN1>10</SCRLEN1>
    <SCRLEN2>15</SCRLEN2>
    <SCRLEN3>26</SCRLEN3>
    <DDTEXT>Kennung des Frachtauftrags</DDTEXT>
    <REPTEXT>Kennung</REPTEXT>
    <SCRTEXT_S>Id</SCRTEXT_S>
    <SCRTEXT_M>Kennung</SCRTEXT_M>
    <SCRTEXT_L>Kennung des Frachtauftrags</SCRTEXT_L>
    <DTELMASTER>D</DTELMASTER>
    <REFKIND>D</REFKIND>
   </DD04V>
   <I18N_LANGS>
    <LANGU>E</LANGU>
   </I18N_LANGS>
   <DD04_TEXTS>
    <item>
     <DDLANGUAGE>E</DDLANGUAGE>
     <DDTEXT>ID for freight order</DDTEXT>
     <REPTEXT>ID</REPTEXT>
     <SCRTEXT_S>ID</SCRTEXT_S>
     <SCRTEXT_M>ID</SCRTEXT_M>
     <SCRTEXT_L>ID for freight order</SCRTEXT_L>
    </item>
   </DD04_TEXTS>
  </asx:values>
 </asx:abap>
</abapGit>
