﻿<?xml version="1.0" encoding="utf-8"?>
<abapGit version="v1.0.0" serializer="LCL_OBJECT_TABL" serializer_version="v1.0.0">
 <asx:abap xmlns:asx="http://www.sap.com/abapxml" version="1.0">
  <asx:values>
   <DD02V>
    <TABNAME>ZSCARGO_WEIGHT</TABNAME>
    <DDLANGUAGE>D</DDLANGUAGE>
    <TABCLASS>INTTAB</TABCLASS>
    <DDTEXT>Gewicht eines Frachtauftrags (Demo für BC430)</DDTEXT>
   </DD02V>
   <DD03P_TABLE>
    <DD03P>
     <TABNAME>ZSCARGO_WEIGHT</TABNAME>
     <FIELDNAME>WEIGHT</FIELDNAME>
     <POSITION>0001</POSITION>
     <ROLLNAME>S_WEIGHT</ROLLNAME>
     <ADMINFIELD>0</ADMINFIELD>
     <REFTABLE>ZSCARGO_WEIGHT</REFTABLE>
     <REFFIELD>UNIT</REFFIELD>
     <COMPTYPE>E</COMPTYPE>
    </DD03P>
    <DD03P>
     <TABNAME>ZSCARGO_WEIGHT</TABNAME>
     <FIELDNAME>UNIT</FIELDNAME>
     <POSITION>0002</POSITION>
     <ROLLNAME>S_WEIGHTUNIT</ROLLNAME>
     <ADMINFIELD>0</ADMINFIELD>
     <COMPTYPE>E</COMPTYPE>
    </DD03P>
   </DD03P_TABLE>
  </asx:values>
 </asx:abap>
</abapGit>
