﻿<?xml version="1.0" encoding="utf-8"?>
<abapGit version="v1.0.0" serializer="LCL_OBJECT_DTEL" serializer_version="v1.0.0">
 <asx:abap xmlns:asx="http://www.sap.com/abapxml" version="1.0">
  <asx:values>
   <DD04V>
    <ROLLNAME>ZSDANGER_NO</ROLLNAME>
    <DDLANGUAGE>D</DDLANGUAGE>
    <DOMNAME>ZSDANGER_NO</DOMNAME>
    <HEADLEN>12</HEADLEN>
    <SCRLEN1>10</SCRLEN1>
    <SCRLEN2>15</SCRLEN2>
    <SCRLEN3>20</SCRLEN3>
    <DDTEXT>Gefahrstoffnummer</DDTEXT>
    <REPTEXT>Gef.nr.</REPTEXT>
    <SCRTEXT_S>Nr.</SCRTEXT_S>
    <SCRTEXT_M>Gefahrstoffnr.</SCRTEXT_M>
    <SCRTEXT_L>Gefahrstoffnummer</SCRTEXT_L>
    <DTELMASTER>D</DTELMASTER>
    <REFKIND>D</REFKIND>
   </DD04V>
   <I18N_LANGS>
    <LANGU>E</LANGU>
   </I18N_LANGS>
   <DD04_TEXTS>
    <item>
     <DDLANGUAGE>E</DDLANGUAGE>
     <DDTEXT>Hazardous material number</DDTEXT>
     <REPTEXT>Haz. mat. no</REPTEXT>
     <SCRTEXT_S>No.</SCRTEXT_S>
     <SCRTEXT_M>Haz. mat. no.</SCRTEXT_M>
     <SCRTEXT_L>Haz. material number</SCRTEXT_L>
    </item>
   </DD04_TEXTS>
  </asx:values>
 </asx:abap>
</abapGit>
