﻿<?xml version="1.0" encoding="utf-8"?>
<abapGit version="v1.0.0" serializer="LCL_OBJECT_DTEL" serializer_version="v1.0.0">
 <asx:abap xmlns:asx="http://www.sap.com/abapxml" version="1.0">
  <asx:values>
   <DD04V>
    <ROLLNAME>ZSDANGER_TEXT</ROLLNAME>
    <DDLANGUAGE>D</DDLANGUAGE>
    <DOMNAME>ZSDANGER_TEXT</DOMNAME>
    <HEADLEN>04</HEADLEN>
    <SCRLEN1>10</SCRLEN1>
    <SCRLEN2>15</SCRLEN2>
    <SCRLEN3>26</SCRLEN3>
    <DDTEXT>Erläuternder Text zur Gefahrstoffnummer</DDTEXT>
    <REPTEXT>Text</REPTEXT>
    <SCRTEXT_S>Text</SCRTEXT_S>
    <SCRTEXT_M>Gef.text</SCRTEXT_M>
    <SCRTEXT_L>Text zur Gefahrstoffnummer</SCRTEXT_L>
    <DTELMASTER>D</DTELMASTER>
    <REFKIND>D</REFKIND>
   </DD04V>
   <I18N_LANGS>
    <LANGU>E</LANGU>
   </I18N_LANGS>
   <DD04_TEXTS>
    <item>
     <DDLANGUAGE>E</DDLANGUAGE>
     <DDTEXT>Explanatory text for hazardous material number</DDTEXT>
     <REPTEXT>Text</REPTEXT>
     <SCRTEXT_S>Text</SCRTEXT_S>
     <SCRTEXT_M>HazMat text</SCRTEXT_M>
     <SCRTEXT_L>Text for haz. mat. number</SCRTEXT_L>
    </item>
   </DD04_TEXTS>
  </asx:values>
 </asx:abap>
</abapGit>
