﻿<?xml version="1.0" encoding="utf-8"?>
<abapGit version="v1.0.0" serializer="LCL_OBJECT_DTEL" serializer_version="v1.0.0">
 <asx:abap xmlns:asx="http://www.sap.com/abapxml" version="1.0">
  <asx:values>
   <DD04V>
    <ROLLNAME>ZSEMP_NUM</ROLLNAME>
    <DDLANGUAGE>D</DDLANGUAGE>
    <DOMNAME>ZSEMP_NUM</DOMNAME>
    <HEADLEN>06</HEADLEN>
    <SCRLEN1>10</SCRLEN1>
    <SCRLEN2>15</SCRLEN2>
    <SCRLEN3>20</SCRLEN3>
    <DDTEXT>Personalnummer eines Angestellten der Fluggesellschaft</DDTEXT>
    <REPTEXT>Number</REPTEXT>
    <SCRTEXT_S>Number</SCRTEXT_S>
    <SCRTEXT_M>Emp. Number</SCRTEXT_M>
    <SCRTEXT_L>Employee number</SCRTEXT_L>
    <DTELMASTER>D</DTELMASTER>
    <REFKIND>D</REFKIND>
   </DD04V>
   <I18N_LANGS>
    <LANGU>E</LANGU>
   </I18N_LANGS>
   <DD04_TEXTS>
    <item>
     <DDLANGUAGE>E</DDLANGUAGE>
     <DDTEXT>Airline employee personnel number</DDTEXT>
     <REPTEXT>Number</REPTEXT>
     <SCRTEXT_S>Number</SCRTEXT_S>
     <SCRTEXT_M>Emp. Number</SCRTEXT_M>
     <SCRTEXT_L>Employee number</SCRTEXT_L>
    </item>
   </DD04_TEXTS>
  </asx:values>
 </asx:abap>
</abapGit>
