﻿<?xml version="1.0" encoding="utf-8"?>
<abapGit version="v1.0.0" serializer="LCL_OBJECT_SHLP" serializer_version="v1.0.0">
 <asx:abap xmlns:asx="http://www.sap.com/abapxml" version="1.0">
  <asx:values>
   <DD30V>
    <SHLPNAME>ZSEMPLOY</SHLPNAME>
    <DDLANGUAGE>D</DDLANGUAGE>
    <DDTEXT>Suchhilfe zum Abteilungsleiter</DDTEXT>
    <ISSIMPLE>X</ISSIMPLE>
    <SELMETHOD>SEMPLOYES</SELMETHOD>
    <SELMTYPE>T</SELMTYPE>
    <DIALOGTYPE>C</DIALOGTYPE>
   </DD30V>
   <DD32P_TABLE>
    <DD32P>
     <SHLPNAME>ZSEMPLOY</SHLPNAME>
     <FIELDNAME>CARRIER</FIELDNAME>
     <FLPOSITION>0001</FLPOSITION>
     <ROLLNAME>S_CARR_ID</ROLLNAME>
     <SHLPINPUT>X</SHLPINPUT>
     <SHLPOUTPUT>X</SHLPOUTPUT>
     <SHLPLISPOS>01</SHLPLISPOS>
     <SCRLEN3>16</SCRLEN3>
    </DD32P>
    <DD32P>
     <SHLPNAME>ZSEMPLOY</SHLPNAME>
     <FIELDNAME>EMP_NUM</FIELDNAME>
     <FLPOSITION>0002</FLPOSITION>
     <ROLLNAME>SEMP_NUM</ROLLNAME>
     <SHLPOUTPUT>X</SHLPOUTPUT>
     <SHLPLISPOS>04</SHLPLISPOS>
     <SCRLEN3>20</SCRLEN3>
    </DD32P>
    <DD32P>
     <SHLPNAME>ZSEMPLOY</SHLPNAME>
     <FIELDNAME>FIRST_NAME</FIELDNAME>
     <FLPOSITION>0003</FLPOSITION>
     <ROLLNAME>S_FNAME</ROLLNAME>
     <SHLPOUTPUT>X</SHLPOUTPUT>
     <SHLPSELPOS>02</SHLPSELPOS>
     <SHLPLISPOS>02</SHLPLISPOS>
     <SCRLEN3>20</SCRLEN3>
    </DD32P>
    <DD32P>
     <SHLPNAME>ZSEMPLOY</SHLPNAME>
     <FIELDNAME>LAST_NAME</FIELDNAME>
     <FLPOSITION>0004</FLPOSITION>
     <ROLLNAME>S_LNAME</ROLLNAME>
     <SHLPOUTPUT>X</SHLPOUTPUT>
     <SHLPSELPOS>01</SHLPSELPOS>
     <SHLPLISPOS>03</SHLPLISPOS>
     <SCRLEN3>20</SCRLEN3>
    </DD32P>
    <DD32P>
     <SHLPNAME>ZSEMPLOY</SHLPNAME>
     <FIELDNAME>DEPARTMENT</FIELDNAME>
     <FLPOSITION>0005</FLPOSITION>
     <ROLLNAME>S_DEPARTM</ROLLNAME>
     <SHLPOUTPUT>X</SHLPOUTPUT>
     <SHLPLISPOS>05</SHLPLISPOS>
     <SCRLEN3>16</SCRLEN3>
    </DD32P>
   </DD32P_TABLE>
  </asx:values>
 </asx:abap>
</abapGit>
