﻿<?xml version="1.0" encoding="utf-8"?>
<abapGit version="v1.0.0" serializer="LCL_OBJECT_TABL" serializer_version="v1.0.0">
 <asx:abap xmlns:asx="http://www.sap.com/abapxml" version="1.0">
  <asx:values>
   <DD02V>
    <TABNAME>ZSEMPLOYES</TABNAME>
    <DDLANGUAGE>D</DDLANGUAGE>
    <TABCLASS>TRANSP</TABCLASS>
    <CLIDEP>X</CLIDEP>
    <LANGDEP>X</LANGDEP>
    <DDTEXT>Mitarbeitertabelle: Startversion</DDTEXT>
    <MASTERLANG>D</MASTERLANG>
    <MAINFLAG>X</MAINFLAG>
    <CONTFLAG>A</CONTFLAG>
   </DD02V>
   <DD09L>
    <TABNAME>ZSEMPLOYES</TABNAME>
    <AS4LOCAL>A</AS4LOCAL>
    <TABKAT>2</TABKAT>
    <TABART>APPL0</TABART>
    <PUFFERUNG>X</PUFFERUNG>
    <PROTOKOLL>X</PROTOKOLL>
    <BUFALLOW>X</BUFALLOW>
    <ROWORCOLST>C</ROWORCOLST>
   </DD09L>
   <DD03P_TABLE>
    <DD03P>
     <TABNAME>ZSEMPLOYES</TABNAME>
     <FIELDNAME>CLIENT</FIELDNAME>
     <POSITION>0001</POSITION>
     <KEYFLAG>X</KEYFLAG>
     <ROLLNAME>S_MANDT</ROLLNAME>
     <CHECKTABLE>T000</CHECKTABLE>
     <ADMINFIELD>0</ADMINFIELD>
     <NOTNULL>X</NOTNULL>
     <SHLPORIGIN>P</SHLPORIGIN>
     <COMPTYPE>E</COMPTYPE>
    </DD03P>
    <DD03P>
     <TABNAME>ZSEMPLOYES</TABNAME>
     <FIELDNAME>CARRIER</FIELDNAME>
     <POSITION>0002</POSITION>
     <KEYFLAG>X</KEYFLAG>
     <ROLLNAME>S_CARR_ID</ROLLNAME>
     <CHECKTABLE>SCARR</CHECKTABLE>
     <ADMINFIELD>0</ADMINFIELD>
     <NOTNULL>X</NOTNULL>
     <SHLPORIGIN>P</SHLPORIGIN>
     <SHLPNAME>S_CARRIER_ID</SHLPNAME>
     <SHLPFIELD>CARRID</SHLPFIELD>
     <COMPTYPE>E</COMPTYPE>
    </DD03P>
    <DD03P>
     <TABNAME>ZSEMPLOYES</TABNAME>
     <FIELDNAME>EMP_NUM</FIELDNAME>
     <POSITION>0003</POSITION>
     <KEYFLAG>X</KEYFLAG>
     <ROLLNAME>SEMP_NUM</ROLLNAME>
     <ADMINFIELD>0</ADMINFIELD>
     <NOTNULL>X</NOTNULL>
     <COMPTYPE>E</COMPTYPE>
    </DD03P>
    <DD03P>
     <TABNAME>ZSEMPLOYES</TABNAME>
     <FIELDNAME>FIRST_NAME</FIELDNAME>
     <POSITION>0004</POSITION>
     <ROLLNAME>S_FNAME</ROLLNAME>
     <ADMINFIELD>0</ADMINFIELD>
     <COMPTYPE>E</COMPTYPE>
    </DD03P>
    <DD03P>
     <TABNAME>ZSEMPLOYES</TABNAME>
     <FIELDNAME>LAST_NAME</FIELDNAME>
     <POSITION>0005</POSITION>
     <ROLLNAME>S_LNAME</ROLLNAME>
     <ADMINFIELD>0</ADMINFIELD>
     <COMPTYPE>E</COMPTYPE>
    </DD03P>
    <DD03P>
     <TABNAME>ZSEMPLOYES</TABNAME>
     <FIELDNAME>DEPARTMENT</FIELDNAME>
     <POSITION>0006</POSITION>
     <ROLLNAME>S_DEPARTM</ROLLNAME>
     <CHECKTABLE>SDEPMENT</CHECKTABLE>
     <ADMINFIELD>0</ADMINFIELD>
     <SHLPORIGIN>P</SHLPORIGIN>
     <COMPTYPE>E</COMPTYPE>
    </DD03P>
    <DD03P>
     <TABNAME>ZSEMPLOYES</TABNAME>
     <FIELDNAME>AREA</FIELDNAME>
     <POSITION>0007</POSITION>
     <ROLLNAME>S_AREA</ROLLNAME>
     <ADMINFIELD>0</ADMINFIELD>
     <VALEXI>X</VALEXI>
     <SHLPORIGIN>F</SHLPORIGIN>
     <COMPTYPE>E</COMPTYPE>
    </DD03P>
    <DD03P>
     <TABNAME>ZSEMPLOYES</TABNAME>
     <FIELDNAME>SALARY</FIELDNAME>
     <POSITION>0008</POSITION>
     <ROLLNAME>SAMMOUNT</ROLLNAME>
     <ADMINFIELD>0</ADMINFIELD>
     <REFTABLE>ZSEMPLOYES</REFTABLE>
     <REFFIELD>CURRENCY</REFFIELD>
     <COMPTYPE>E</COMPTYPE>
    </DD03P>
    <DD03P>
     <TABNAME>ZSEMPLOYES</TABNAME>
     <FIELDNAME>CURRENCY</FIELDNAME>
     <POSITION>0009</POSITION>
     <ROLLNAME>S_CURRCODE</ROLLNAME>
     <CHECKTABLE>SCURX</CHECKTABLE>
     <ADMINFIELD>0</ADMINFIELD>
     <SHLPORIGIN>P</SHLPORIGIN>
     <COMPTYPE>E</COMPTYPE>
    </DD03P>
    <DD03P>
     <TABNAME>ZSEMPLOYES</TABNAME>
     <FIELDNAME>.INCLUDE</FIELDNAME>
     <DDLANGUAGE>D</DDLANGUAGE>
     <POSITION>0010</POSITION>
     <ADMINFIELD>0</ADMINFIELD>
     <PRECFIELD>SCHANGED</PRECFIELD>
     <MASK>      S</MASK>
     <DDTEXT>Letzter Änderer: Startversion</DDTEXT>
     <COMPTYPE>S</COMPTYPE>
    </DD03P>
   </DD03P_TABLE>
   <DD05M_TABLE>
    <DD05M>
     <TABNAME>ZSEMPLOYES</TABNAME>
     <FIELDNAME>CARRIER</FIELDNAME>
     <FORTABLE>ZSEMPLOYES</FORTABLE>
     <FORKEY>CLIENT</FORKEY>
     <CHECKTABLE>SCARR</CHECKTABLE>
     <CHECKFIELD>MANDT</CHECKFIELD>
     <PRIMPOS>0001</PRIMPOS>
     <DOMNAME>MANDT</DOMNAME>
     <DATATYPE>CLNT</DATATYPE>
     <LENG>000003</LENG>
    </DD05M>
    <DD05M>
     <TABNAME>ZSEMPLOYES</TABNAME>
     <FIELDNAME>CARRIER</FIELDNAME>
     <FORTABLE>ZSEMPLOYES</FORTABLE>
     <FORKEY>CARRIER</FORKEY>
     <CHECKTABLE>SCARR</CHECKTABLE>
     <CHECKFIELD>CARRID</CHECKFIELD>
     <PRIMPOS>0002</PRIMPOS>
     <DOMNAME>S_CARR_ID</DOMNAME>
     <DATATYPE>CHAR</DATATYPE>
     <LENG>000003</LENG>
    </DD05M>
    <DD05M>
     <TABNAME>ZSEMPLOYES</TABNAME>
     <FIELDNAME>CLIENT</FIELDNAME>
     <FORTABLE>ZSEMPLOYES</FORTABLE>
     <FORKEY>CLIENT</FORKEY>
     <CHECKTABLE>T000</CHECKTABLE>
     <CHECKFIELD>MANDT</CHECKFIELD>
     <PRIMPOS>0001</PRIMPOS>
     <DOMNAME>MANDT</DOMNAME>
     <DATATYPE>CLNT</DATATYPE>
     <LENG>000003</LENG>
    </DD05M>
    <DD05M>
     <TABNAME>ZSEMPLOYES</TABNAME>
     <FIELDNAME>CURRENCY</FIELDNAME>
     <FORTABLE>ZSEMPLOYES</FORTABLE>
     <FORKEY>CURRENCY</FORKEY>
     <CHECKTABLE>SCURX</CHECKTABLE>
     <CHECKFIELD>CURRKEY</CHECKFIELD>
     <PRIMPOS>0001</PRIMPOS>
     <DOMNAME>S_CURR</DOMNAME>
     <DATATYPE>CUKY</DATATYPE>
     <LENG>000005</LENG>
    </DD05M>
    <DD05M>
     <TABNAME>ZSEMPLOYES</TABNAME>
     <FIELDNAME>DEPARTMENT</FIELDNAME>
     <FORTABLE>ZSEMPLOYES</FORTABLE>
     <FORKEY>CLIENT</FORKEY>
     <CHECKTABLE>SDEPMENT</CHECKTABLE>
     <CHECKFIELD>CLIENT</CHECKFIELD>
     <PRIMPOS>0001</PRIMPOS>
     <DOMNAME>MANDT</DOMNAME>
     <DATATYPE>CLNT</DATATYPE>
     <LENG>000003</LENG>
    </DD05M>
    <DD05M>
     <TABNAME>ZSEMPLOYES</TABNAME>
     <FIELDNAME>DEPARTMENT</FIELDNAME>
     <FORTABLE>ZSEMPLOYES</FORTABLE>
     <FORKEY>CARRIER</FORKEY>
     <CHECKTABLE>SDEPMENT</CHECKTABLE>
     <CHECKFIELD>CARRIER</CHECKFIELD>
     <PRIMPOS>0002</PRIMPOS>
     <DOMNAME>S_CARR_ID</DOMNAME>
     <DATATYPE>CHAR</DATATYPE>
     <LENG>000003</LENG>
    </DD05M>
    <DD05M>
     <TABNAME>ZSEMPLOYES</TABNAME>
     <FIELDNAME>DEPARTMENT</FIELDNAME>
     <FORTABLE>ZSEMPLOYES</FORTABLE>
     <FORKEY>DEPARTMENT</FORKEY>
     <CHECKTABLE>SDEPMENT</CHECKTABLE>
     <CHECKFIELD>DEPARTMENT</CHECKFIELD>
     <PRIMPOS>0003</PRIMPOS>
     <DOMNAME>S_DEPARTM</DOMNAME>
     <DATATYPE>CHAR</DATATYPE>
     <LENG>000004</LENG>
    </DD05M>
   </DD05M_TABLE>
   <DD08V_TABLE>
    <DD08V>
     <TABNAME>ZSEMPLOYES</TABNAME>
     <FIELDNAME>CARRIER</FIELDNAME>
     <DDLANGUAGE>D</DDLANGUAGE>
     <CHECKTABLE>SCARR</CHECKTABLE>
     <DDTEXT>Check against Carrier</DDTEXT>
    </DD08V>
    <DD08V>
     <TABNAME>ZSEMPLOYES</TABNAME>
     <FIELDNAME>CLIENT</FIELDNAME>
     <DDLANGUAGE>D</DDLANGUAGE>
     <CHECKTABLE>T000</CHECKTABLE>
     <DDTEXT>Check against Client</DDTEXT>
    </DD08V>
    <DD08V>
     <TABNAME>ZSEMPLOYES</TABNAME>
     <FIELDNAME>CURRENCY</FIELDNAME>
     <DDLANGUAGE>D</DDLANGUAGE>
     <CHECKTABLE>SCURX</CHECKTABLE>
     <FRKART>REF</FRKART>
     <CARD>CN</CARD>
     <CHECKFLAG>X</CHECKFLAG>
     <DDTEXT>Prüfung gegen Währungsschlüssel</DDTEXT>
     <CARDLEFT>1</CARDLEFT>
    </DD08V>
    <DD08V>
     <TABNAME>ZSEMPLOYES</TABNAME>
     <FIELDNAME>DEPARTMENT</FIELDNAME>
     <DDLANGUAGE>D</DDLANGUAGE>
     <CHECKTABLE>SDEPMENT</CHECKTABLE>
     <FRKART>REF</FRKART>
     <CARD>CN</CARD>
     <DDTEXT>Prüfung gegen vorhandene Abteilungen</DDTEXT>
     <CARDLEFT>1</CARDLEFT>
    </DD08V>
   </DD08V_TABLE>
   <DD12V>
    <DD12V>
     <SQLTAB>ZSEMPLOYES</SQLTAB>
     <INDEXNAME>ARE</INDEXNAME>
     <AS4LOCAL>A</AS4LOCAL>
     <DDLANGUAGE>D</DDLANGUAGE>
     <DBSTATE>D</DBSTATE>
     <DBINCLEXCL>I</DBINCLEXCL>
     <DBSYSSEL1>ADA</DBSYSSEL1>
     <DBSYSSEL2>MSS</DBSYSSEL2>
     <DDTEXT>Index über den Bereich</DDTEXT>
    </DD12V>
    <DD12V>
     <SQLTAB>ZSEMPLOYES</SQLTAB>
     <INDEXNAME>NAM</INDEXNAME>
     <AS4LOCAL>A</AS4LOCAL>
     <DDLANGUAGE>D</DDLANGUAGE>
     <DBINDEX>ZSEMPLOYES~NAM</DBINDEX>
     <DDTEXT>Index für die Suche über den Namen des Mitarbeiters</DDTEXT>
    </DD12V>
   </DD12V>
   <DD17V>
    <DD17V>
     <SQLTAB>ZSEMPLOYES</SQLTAB>
     <INDEXNAME>ARE</INDEXNAME>
     <POSITION>0001</POSITION>
     <AS4LOCAL>A</AS4LOCAL>
     <FIELDNAME>CLIENT</FIELDNAME>
    </DD17V>
    <DD17V>
     <SQLTAB>ZSEMPLOYES</SQLTAB>
     <INDEXNAME>ARE</INDEXNAME>
     <POSITION>0002</POSITION>
     <AS4LOCAL>A</AS4LOCAL>
     <FIELDNAME>CARRIER</FIELDNAME>
    </DD17V>
    <DD17V>
     <SQLTAB>ZSEMPLOYES</SQLTAB>
     <INDEXNAME>ARE</INDEXNAME>
     <POSITION>0003</POSITION>
     <AS4LOCAL>A</AS4LOCAL>
     <FIELDNAME>AREA</FIELDNAME>
    </DD17V>
    <DD17V>
     <SQLTAB>ZSEMPLOYES</SQLTAB>
     <INDEXNAME>NAM</INDEXNAME>
     <POSITION>0001</POSITION>
     <AS4LOCAL>A</AS4LOCAL>
     <FIELDNAME>CLIENT</FIELDNAME>
    </DD17V>
    <DD17V>
     <SQLTAB>ZSEMPLOYES</SQLTAB>
     <INDEXNAME>NAM</INDEXNAME>
     <POSITION>0002</POSITION>
     <AS4LOCAL>A</AS4LOCAL>
     <FIELDNAME>LAST_NAME</FIELDNAME>
    </DD17V>
    <DD17V>
     <SQLTAB>ZSEMPLOYES</SQLTAB>
     <INDEXNAME>NAM</INDEXNAME>
     <POSITION>0003</POSITION>
     <AS4LOCAL>A</AS4LOCAL>
     <FIELDNAME>FIRST_NAME</FIELDNAME>
    </DD17V>
   </DD17V>
  </asx:values>
 </asx:abap>
</abapGit>
