﻿<?xml version="1.0" encoding="utf-8"?>
<abapGit version="v1.0.0" serializer="LCL_OBJECT_SHLP" serializer_version="v1.0.0">
 <asx:abap xmlns:asx="http://www.sap.com/abapxml" version="1.0">
  <asx:values>
   <DD30V>
    <SHLPNAME>ZSEMPLOY_COLL</SHLPNAME>
    <DDLANGUAGE>D</DDLANGUAGE>
    <DDTEXT>Sammelsuchhilfe für Nummern von Mitarbeitern</DDTEXT>
    <ELEMEXI>X</ELEMEXI>
    <ATTACHEXI>X</ATTACHEXI>
   </DD30V>
   <DD31V_TABLE>
    <DD31V>
     <SHLPNAME>ZSEMPLOY_COLL</SHLPNAME>
     <SUBSHLP>SEMPLOY_NAME</SUBSHLP>
     <SHPOSITION>0001</SHPOSITION>
     <VIASHLP>ZSEMPLOY_COLL</VIASHLP>
    </DD31V>
    <DD31V>
     <SHLPNAME>ZSEMPLOY_COLL</SHLPNAME>
     <SUBSHLP>SAREA</SUBSHLP>
     <SHPOSITION>0002</SHPOSITION>
     <VIASHLP>ZSEMPLOY_COLL</VIASHLP>
    </DD31V>
    <DD31V>
     <SHLPNAME>ZSEMPLOY_COLL</SHLPNAME>
     <SUBSHLP>SDEPT</SUBSHLP>
     <SHPOSITION>0003</SHPOSITION>
     <VIASHLP>ZSEMPLOY_COLL</VIASHLP>
    </DD31V>
   </DD31V_TABLE>
   <DD32P_TABLE>
    <DD32P>
     <SHLPNAME>ZSEMPLOY_COLL</SHLPNAME>
     <FIELDNAME>CARRIER</FIELDNAME>
     <FLPOSITION>0001</FLPOSITION>
     <ROLLNAME>S_CARR_ID</ROLLNAME>
     <SHLPINPUT>X</SHLPINPUT>
     <SHLPOUTPUT>X</SHLPOUTPUT>
     <ROLLCHANGE>N</ROLLCHANGE>
     <SCRLEN3>16</SCRLEN3>
    </DD32P>
    <DD32P>
     <SHLPNAME>ZSEMPLOY_COLL</SHLPNAME>
     <FIELDNAME>EMP_NUM</FIELDNAME>
     <FLPOSITION>0002</FLPOSITION>
     <ROLLNAME>SEMP_NUM</ROLLNAME>
     <SHLPINPUT>X</SHLPINPUT>
     <SHLPOUTPUT>X</SHLPOUTPUT>
     <ROLLCHANGE>N</ROLLCHANGE>
     <SCRLEN3>20</SCRLEN3>
    </DD32P>
    <DD32P>
     <SHLPNAME>ZSEMPLOY_COLL</SHLPNAME>
     <FIELDNAME>DEPARTMENT</FIELDNAME>
     <FLPOSITION>0003</FLPOSITION>
     <ROLLNAME>S_DEPARTM</ROLLNAME>
     <SHLPINPUT>X</SHLPINPUT>
     <SHLPOUTPUT>X</SHLPOUTPUT>
     <ROLLCHANGE>N</ROLLCHANGE>
     <SCRLEN3>16</SCRLEN3>
    </DD32P>
    <DD32P>
     <SHLPNAME>ZSEMPLOY_COLL</SHLPNAME>
     <FIELDNAME>FIRST_NAME</FIELDNAME>
     <FLPOSITION>0004</FLPOSITION>
     <ROLLNAME>S_FNAME</ROLLNAME>
     <SHLPOUTPUT>X</SHLPOUTPUT>
     <ROLLCHANGE>N</ROLLCHANGE>
     <SCRLEN3>20</SCRLEN3>
    </DD32P>
    <DD32P>
     <SHLPNAME>ZSEMPLOY_COLL</SHLPNAME>
     <FIELDNAME>LAST_NAME</FIELDNAME>
     <FLPOSITION>0005</FLPOSITION>
     <ROLLNAME>S_LNAME</ROLLNAME>
     <SHLPOUTPUT>X</SHLPOUTPUT>
     <ROLLCHANGE>N</ROLLCHANGE>
     <SCRLEN3>20</SCRLEN3>
    </DD32P>
    <DD32P>
     <SHLPNAME>ZSEMPLOY_COLL</SHLPNAME>
     <FIELDNAME>AREA</FIELDNAME>
     <FLPOSITION>0006</FLPOSITION>
     <ROLLNAME>S_AREA</ROLLNAME>
     <SHLPINPUT>X</SHLPINPUT>
     <ROLLCHANGE>N</ROLLCHANGE>
     <SCRLEN3>20</SCRLEN3>
    </DD32P>
   </DD32P_TABLE>
   <DD33V_TABLE>
    <DD33V>
     <SHLPNAME>ZSEMPLOY_COLL</SHLPNAME>
     <FIELDNAME>AREA</FIELDNAME>
     <SUBSHLP>SAREA</SUBSHLP>
     <SUBFIELD>AREA</SUBFIELD>
     <VALUEDIREC>C</VALUEDIREC>
    </DD33V>
    <DD33V>
     <SHLPNAME>ZSEMPLOY_COLL</SHLPNAME>
     <FIELDNAME>CARRIER</FIELDNAME>
     <SUBSHLP>SAREA</SUBSHLP>
     <SUBFIELD>CARRIER</SUBFIELD>
     <VALUEDIREC>C</VALUEDIREC>
    </DD33V>
    <DD33V>
     <SHLPNAME>ZSEMPLOY_COLL</SHLPNAME>
     <FIELDNAME>CARRIER</FIELDNAME>
     <SUBSHLP>SDEPT</SUBSHLP>
     <SUBFIELD>CARRIER</SUBFIELD>
     <VALUEDIREC>C</VALUEDIREC>
    </DD33V>
    <DD33V>
     <SHLPNAME>ZSEMPLOY_COLL</SHLPNAME>
     <FIELDNAME>CARRIER</FIELDNAME>
     <SUBSHLP>SEMPLOY_NAME</SUBSHLP>
     <SUBFIELD>CARRIER</SUBFIELD>
     <VALUEDIREC>C</VALUEDIREC>
    </DD33V>
    <DD33V>
     <SHLPNAME>ZSEMPLOY_COLL</SHLPNAME>
     <FIELDNAME>DEPARTMENT</FIELDNAME>
     <SUBSHLP>SDEPT</SUBSHLP>
     <SUBFIELD>DEPARTMENT</SUBFIELD>
     <VALUEDIREC>C</VALUEDIREC>
    </DD33V>
    <DD33V>
     <SHLPNAME>ZSEMPLOY_COLL</SHLPNAME>
     <FIELDNAME>EMP_NUM</FIELDNAME>
     <SUBSHLP>SAREA</SUBSHLP>
     <SUBFIELD>EMP_NUM</SUBFIELD>
     <VALUEDIREC>E</VALUEDIREC>
    </DD33V>
    <DD33V>
     <SHLPNAME>ZSEMPLOY_COLL</SHLPNAME>
     <FIELDNAME>EMP_NUM</FIELDNAME>
     <SUBSHLP>SDEPT</SUBSHLP>
     <SUBFIELD>EMP_NUM</SUBFIELD>
     <VALUEDIREC>C</VALUEDIREC>
    </DD33V>
    <DD33V>
     <SHLPNAME>ZSEMPLOY_COLL</SHLPNAME>
     <FIELDNAME>EMP_NUM</FIELDNAME>
     <SUBSHLP>SEMPLOY_NAME</SUBSHLP>
     <SUBFIELD>EMP_NUM</SUBFIELD>
     <VALUEDIREC>C</VALUEDIREC>
    </DD33V>
    <DD33V>
     <SHLPNAME>ZSEMPLOY_COLL</SHLPNAME>
     <FIELDNAME>FIRST_NAME</FIELDNAME>
     <SUBSHLP>SAREA</SUBSHLP>
     <SUBFIELD>FIRST_NAME</SUBFIELD>
     <VALUEDIREC>E</VALUEDIREC>
    </DD33V>
    <DD33V>
     <SHLPNAME>ZSEMPLOY_COLL</SHLPNAME>
     <FIELDNAME>FIRST_NAME</FIELDNAME>
     <SUBSHLP>SDEPT</SUBSHLP>
     <SUBFIELD>FIRST_NAME</SUBFIELD>
     <VALUEDIREC>E</VALUEDIREC>
    </DD33V>
    <DD33V>
     <SHLPNAME>ZSEMPLOY_COLL</SHLPNAME>
     <FIELDNAME>FIRST_NAME</FIELDNAME>
     <SUBSHLP>SEMPLOY_NAME</SUBSHLP>
     <SUBFIELD>FIRST_NAME</SUBFIELD>
     <VALUEDIREC>E</VALUEDIREC>
    </DD33V>
    <DD33V>
     <SHLPNAME>ZSEMPLOY_COLL</SHLPNAME>
     <FIELDNAME>LAST_NAME</FIELDNAME>
     <SUBSHLP>SAREA</SUBSHLP>
     <SUBFIELD>LAST_NAME</SUBFIELD>
     <VALUEDIREC>E</VALUEDIREC>
    </DD33V>
    <DD33V>
     <SHLPNAME>ZSEMPLOY_COLL</SHLPNAME>
     <FIELDNAME>LAST_NAME</FIELDNAME>
     <SUBSHLP>SDEPT</SUBSHLP>
     <SUBFIELD>LAST_NAME</SUBFIELD>
     <VALUEDIREC>E</VALUEDIREC>
    </DD33V>
    <DD33V>
     <SHLPNAME>ZSEMPLOY_COLL</SHLPNAME>
     <FIELDNAME>LAST_NAME</FIELDNAME>
     <SUBSHLP>SEMPLOY_NAME</SUBSHLP>
     <SUBFIELD>LAST_NAME</SUBFIELD>
     <VALUEDIREC>E</VALUEDIREC>
    </DD33V>
   </DD33V_TABLE>
  </asx:values>
 </asx:abap>
</abapGit>
