﻿<?xml version="1.0" encoding="utf-8"?>
<abapGit version="v1.0.0" serializer="LCL_OBJECT_TABL" serializer_version="v1.0.0">
 <asx:abap xmlns:asx="http://www.sap.com/abapxml" version="1.0">
  <asx:values>
   <DD02V>
    <TABNAME>ZSFLCREW_SEARCH</TABNAME>
    <DDLANGUAGE>D</DDLANGUAGE>
    <TABCLASS>TRANSP</TABCLASS>
    <CLIDEP>X</CLIDEP>
    <DDTEXT>Mannschaft eines Fluges: Suchhilfe</DDTEXT>
    <MASTERLANG>D</MASTERLANG>
    <MAINFLAG>X</MAINFLAG>
    <CONTFLAG>A</CONTFLAG>
   </DD02V>
   <DD09L>
    <TABNAME>ZSFLCREW_SEARCH</TABNAME>
    <AS4LOCAL>A</AS4LOCAL>
    <TABKAT>1</TABKAT>
    <TABART>APPL0</TABART>
    <PUFFERUNG>G</PUFFERUNG>
    <SCHFELDANZ>002</SCHFELDANZ>
    <BUFALLOW>X</BUFALLOW>
    <ROWORCOLST>C</ROWORCOLST>
   </DD09L>
   <DD03P_TABLE>
    <DD03P>
     <TABNAME>ZSFLCREW_SEARCH</TABNAME>
     <FIELDNAME>CLIENT</FIELDNAME>
     <POSITION>0001</POSITION>
     <KEYFLAG>X</KEYFLAG>
     <ROLLNAME>S_MANDT</ROLLNAME>
     <CHECKTABLE>T000</CHECKTABLE>
     <ADMINFIELD>0</ADMINFIELD>
     <NOTNULL>X</NOTNULL>
     <SHLPORIGIN>P</SHLPORIGIN>
     <COMPTYPE>E</COMPTYPE>
    </DD03P>
    <DD03P>
     <TABNAME>ZSFLCREW_SEARCH</TABNAME>
     <FIELDNAME>CARRID</FIELDNAME>
     <POSITION>0002</POSITION>
     <KEYFLAG>X</KEYFLAG>
     <ROLLNAME>S_CARR_ID</ROLLNAME>
     <CHECKTABLE>SCARR</CHECKTABLE>
     <ADMINFIELD>0</ADMINFIELD>
     <NOTNULL>X</NOTNULL>
     <SHLPORIGIN>P</SHLPORIGIN>
     <SHLPNAME>S_CARRIER_ID</SHLPNAME>
     <SHLPFIELD>CARRID</SHLPFIELD>
     <COMPTYPE>E</COMPTYPE>
    </DD03P>
    <DD03P>
     <TABNAME>ZSFLCREW_SEARCH</TABNAME>
     <FIELDNAME>CONNID</FIELDNAME>
     <POSITION>0003</POSITION>
     <KEYFLAG>X</KEYFLAG>
     <ROLLNAME>S_CONN_ID</ROLLNAME>
     <CHECKTABLE>SPFLI</CHECKTABLE>
     <ADMINFIELD>0</ADMINFIELD>
     <NOTNULL>X</NOTNULL>
     <SHLPORIGIN>P</SHLPORIGIN>
     <COMPTYPE>E</COMPTYPE>
    </DD03P>
    <DD03P>
     <TABNAME>ZSFLCREW_SEARCH</TABNAME>
     <FIELDNAME>FLDATE</FIELDNAME>
     <POSITION>0004</POSITION>
     <KEYFLAG>X</KEYFLAG>
     <ROLLNAME>S_DATE</ROLLNAME>
     <CHECKTABLE>SFLIGHT</CHECKTABLE>
     <ADMINFIELD>0</ADMINFIELD>
     <NOTNULL>X</NOTNULL>
     <SHLPORIGIN>P</SHLPORIGIN>
     <COMPTYPE>E</COMPTYPE>
    </DD03P>
    <DD03P>
     <TABNAME>ZSFLCREW_SEARCH</TABNAME>
     <FIELDNAME>EMP_NUM</FIELDNAME>
     <POSITION>0005</POSITION>
     <KEYFLAG>X</KEYFLAG>
     <ROLLNAME>SEMP_NUM</ROLLNAME>
     <CHECKTABLE>SEMPLOY_SEARCH</CHECKTABLE>
     <ADMINFIELD>0</ADMINFIELD>
     <NOTNULL>X</NOTNULL>
     <SHLPORIGIN>X</SHLPORIGIN>
     <COMPTYPE>E</COMPTYPE>
    </DD03P>
    <DD03P>
     <TABNAME>ZSFLCREW_SEARCH</TABNAME>
     <FIELDNAME>ROLE</FIELDNAME>
     <POSITION>0006</POSITION>
     <ROLLNAME>SEMP_ROLE</ROLLNAME>
     <ADMINFIELD>0</ADMINFIELD>
     <COMPTYPE>E</COMPTYPE>
    </DD03P>
   </DD03P_TABLE>
   <DD05M_TABLE>
    <DD05M>
     <TABNAME>ZSFLCREW_SEARCH</TABNAME>
     <FIELDNAME>CARRID</FIELDNAME>
     <FORTABLE>ZSFLCREW_SEARCH</FORTABLE>
     <FORKEY>CLIENT</FORKEY>
     <CHECKTABLE>SCARR</CHECKTABLE>
     <CHECKFIELD>MANDT</CHECKFIELD>
     <PRIMPOS>0001</PRIMPOS>
     <DOMNAME>MANDT</DOMNAME>
     <DATATYPE>CLNT</DATATYPE>
     <LENG>000003</LENG>
    </DD05M>
    <DD05M>
     <TABNAME>ZSFLCREW_SEARCH</TABNAME>
     <FIELDNAME>CARRID</FIELDNAME>
     <FORTABLE>ZSFLCREW_SEARCH</FORTABLE>
     <FORKEY>CARRID</FORKEY>
     <CHECKTABLE>SCARR</CHECKTABLE>
     <CHECKFIELD>CARRID</CHECKFIELD>
     <PRIMPOS>0002</PRIMPOS>
     <DOMNAME>S_CARR_ID</DOMNAME>
     <DATATYPE>CHAR</DATATYPE>
     <LENG>000003</LENG>
    </DD05M>
    <DD05M>
     <TABNAME>ZSFLCREW_SEARCH</TABNAME>
     <FIELDNAME>CLIENT</FIELDNAME>
     <FORTABLE>ZSFLCREW_SEARCH</FORTABLE>
     <FORKEY>CLIENT</FORKEY>
     <CHECKTABLE>T000</CHECKTABLE>
     <CHECKFIELD>MANDT</CHECKFIELD>
     <PRIMPOS>0001</PRIMPOS>
     <DOMNAME>MANDT</DOMNAME>
     <DATATYPE>CLNT</DATATYPE>
     <LENG>000003</LENG>
    </DD05M>
    <DD05M>
     <TABNAME>ZSFLCREW_SEARCH</TABNAME>
     <FIELDNAME>CONNID</FIELDNAME>
     <FORTABLE>ZSFLCREW_SEARCH</FORTABLE>
     <FORKEY>CLIENT</FORKEY>
     <CHECKTABLE>SPFLI</CHECKTABLE>
     <CHECKFIELD>MANDT</CHECKFIELD>
     <PRIMPOS>0001</PRIMPOS>
     <DOMNAME>MANDT</DOMNAME>
     <DATATYPE>CLNT</DATATYPE>
     <LENG>000003</LENG>
    </DD05M>
    <DD05M>
     <TABNAME>ZSFLCREW_SEARCH</TABNAME>
     <FIELDNAME>CONNID</FIELDNAME>
     <FORTABLE>ZSFLCREW_SEARCH</FORTABLE>
     <FORKEY>CARRID</FORKEY>
     <CHECKTABLE>SPFLI</CHECKTABLE>
     <CHECKFIELD>CARRID</CHECKFIELD>
     <PRIMPOS>0002</PRIMPOS>
     <DOMNAME>S_CARR_ID</DOMNAME>
     <DATATYPE>CHAR</DATATYPE>
     <LENG>000003</LENG>
    </DD05M>
    <DD05M>
     <TABNAME>ZSFLCREW_SEARCH</TABNAME>
     <FIELDNAME>CONNID</FIELDNAME>
     <FORTABLE>ZSFLCREW_SEARCH</FORTABLE>
     <FORKEY>CONNID</FORKEY>
     <CHECKTABLE>SPFLI</CHECKTABLE>
     <CHECKFIELD>CONNID</CHECKFIELD>
     <PRIMPOS>0003</PRIMPOS>
     <DOMNAME>S_CONN_ID</DOMNAME>
     <DATATYPE>NUMC</DATATYPE>
     <LENG>000004</LENG>
    </DD05M>
    <DD05M>
     <TABNAME>ZSFLCREW_SEARCH</TABNAME>
     <FIELDNAME>EMP_NUM</FIELDNAME>
     <FORTABLE>ZSFLCREW_SEARCH</FORTABLE>
     <FORKEY>CLIENT</FORKEY>
     <CHECKTABLE>SEMPLOY_SEARCH</CHECKTABLE>
     <CHECKFIELD>CLIENT</CHECKFIELD>
     <PRIMPOS>0001</PRIMPOS>
     <DOMNAME>MANDT</DOMNAME>
     <DATATYPE>CLNT</DATATYPE>
     <LENG>000003</LENG>
    </DD05M>
    <DD05M>
     <TABNAME>ZSFLCREW_SEARCH</TABNAME>
     <FIELDNAME>EMP_NUM</FIELDNAME>
     <FORTABLE>ZSFLCREW_SEARCH</FORTABLE>
     <FORKEY>CARRID</FORKEY>
     <CHECKTABLE>SEMPLOY_SEARCH</CHECKTABLE>
     <CHECKFIELD>CARRIER</CHECKFIELD>
     <PRIMPOS>0002</PRIMPOS>
     <DOMNAME>S_CARR_ID</DOMNAME>
     <DATATYPE>CHAR</DATATYPE>
     <LENG>000003</LENG>
    </DD05M>
    <DD05M>
     <TABNAME>ZSFLCREW_SEARCH</TABNAME>
     <FIELDNAME>EMP_NUM</FIELDNAME>
     <FORTABLE>ZSFLCREW_SEARCH</FORTABLE>
     <FORKEY>EMP_NUM</FORKEY>
     <CHECKTABLE>SEMPLOY_SEARCH</CHECKTABLE>
     <CHECKFIELD>EMP_NUM</CHECKFIELD>
     <PRIMPOS>0003</PRIMPOS>
     <DOMNAME>SEMP_NUM</DOMNAME>
     <DATATYPE>NUMC</DATATYPE>
     <LENG>000010</LENG>
    </DD05M>
    <DD05M>
     <TABNAME>ZSFLCREW_SEARCH</TABNAME>
     <FIELDNAME>FLDATE</FIELDNAME>
     <FORTABLE>ZSFLCREW_SEARCH</FORTABLE>
     <FORKEY>CLIENT</FORKEY>
     <CHECKTABLE>SFLIGHT</CHECKTABLE>
     <CHECKFIELD>MANDT</CHECKFIELD>
     <PRIMPOS>0001</PRIMPOS>
     <DOMNAME>MANDT</DOMNAME>
     <DATATYPE>CLNT</DATATYPE>
     <LENG>000003</LENG>
    </DD05M>
    <DD05M>
     <TABNAME>ZSFLCREW_SEARCH</TABNAME>
     <FIELDNAME>FLDATE</FIELDNAME>
     <FORTABLE>ZSFLCREW_SEARCH</FORTABLE>
     <FORKEY>CARRID</FORKEY>
     <CHECKTABLE>SFLIGHT</CHECKTABLE>
     <CHECKFIELD>CARRID</CHECKFIELD>
     <PRIMPOS>0002</PRIMPOS>
     <DOMNAME>S_CARR_ID</DOMNAME>
     <DATATYPE>CHAR</DATATYPE>
     <LENG>000003</LENG>
    </DD05M>
    <DD05M>
     <TABNAME>ZSFLCREW_SEARCH</TABNAME>
     <FIELDNAME>FLDATE</FIELDNAME>
     <FORTABLE>ZSFLCREW_SEARCH</FORTABLE>
     <FORKEY>CONNID</FORKEY>
     <CHECKTABLE>SFLIGHT</CHECKTABLE>
     <CHECKFIELD>CONNID</CHECKFIELD>
     <PRIMPOS>0003</PRIMPOS>
     <DOMNAME>S_CONN_ID</DOMNAME>
     <DATATYPE>NUMC</DATATYPE>
     <LENG>000004</LENG>
    </DD05M>
    <DD05M>
     <TABNAME>ZSFLCREW_SEARCH</TABNAME>
     <FIELDNAME>FLDATE</FIELDNAME>
     <FORTABLE>ZSFLCREW_SEARCH</FORTABLE>
     <FORKEY>FLDATE</FORKEY>
     <CHECKTABLE>SFLIGHT</CHECKTABLE>
     <CHECKFIELD>FLDATE</CHECKFIELD>
     <PRIMPOS>0004</PRIMPOS>
     <DOMNAME>S_DATE</DOMNAME>
     <DATATYPE>DATS</DATATYPE>
     <LENG>000008</LENG>
    </DD05M>
   </DD05M_TABLE>
   <DD08V_TABLE>
    <DD08V>
     <TABNAME>ZSFLCREW_SEARCH</TABNAME>
     <FIELDNAME>CARRID</FIELDNAME>
     <DDLANGUAGE>D</DDLANGUAGE>
     <CHECKTABLE>SCARR</CHECKTABLE>
     <FRKART>KEY</FRKART>
     <CARD>CN</CARD>
     <DDTEXT>Prüfung gegen die Fluggesellschaft</DDTEXT>
     <CARDLEFT>1</CARDLEFT>
    </DD08V>
    <DD08V>
     <TABNAME>ZSFLCREW_SEARCH</TABNAME>
     <FIELDNAME>CLIENT</FIELDNAME>
     <DDLANGUAGE>D</DDLANGUAGE>
     <CHECKTABLE>T000</CHECKTABLE>
     <FRKART>KEY</FRKART>
     <CARD>CN</CARD>
     <DDTEXT>Prüfung gegen den Mandanten</DDTEXT>
     <CARDLEFT>1</CARDLEFT>
    </DD08V>
    <DD08V>
     <TABNAME>ZSFLCREW_SEARCH</TABNAME>
     <FIELDNAME>CONNID</FIELDNAME>
     <DDLANGUAGE>D</DDLANGUAGE>
     <CHECKTABLE>SPFLI</CHECKTABLE>
     <DDTEXT>Prüfung gegen die Flugnummer</DDTEXT>
    </DD08V>
    <DD08V>
     <TABNAME>ZSFLCREW_SEARCH</TABNAME>
     <FIELDNAME>EMP_NUM</FIELDNAME>
     <DDLANGUAGE>D</DDLANGUAGE>
     <CHECKTABLE>SEMPLOY_SEARCH</CHECKTABLE>
     <FRKART>KEY</FRKART>
     <CARD>CN</CARD>
     <DDTEXT>Prüfung gegen vorhandene Mitarbeiter</DDTEXT>
     <CARDLEFT>1</CARDLEFT>
    </DD08V>
    <DD08V>
     <TABNAME>ZSFLCREW_SEARCH</TABNAME>
     <FIELDNAME>FLDATE</FIELDNAME>
     <DDLANGUAGE>D</DDLANGUAGE>
     <CHECKTABLE>SFLIGHT</CHECKTABLE>
     <FRKART>KEY</FRKART>
     <CARD>CN</CARD>
     <DDTEXT>Prüfung gegen Flugdatum</DDTEXT>
     <CARDLEFT>1</CARDLEFT>
    </DD08V>
   </DD08V_TABLE>
   <DD35V_TALE>
    <DD35V>
     <TABNAME>ZSFLCREW_SEARCH</TABNAME>
     <FIELDNAME>EMP_NUM</FIELDNAME>
     <SHLPNAME>SEMPLOY_FLY</SHLPNAME>
    </DD35V>
   </DD35V_TALE>
   <DD36M>
    <DD36M>
     <TABNAME>ZSFLCREW_SEARCH</TABNAME>
     <FIELDNAME>EMP_NUM</FIELDNAME>
     <SHLPNAME>SEMPLOY_FLY</SHLPNAME>
     <SHLPFIELD>CARRIER</SHLPFIELD>
     <FLPOSITION>0001</FLPOSITION>
     <SHTABLE>ZSFLCREW_SEARCH</SHTABLE>
     <SHFIELD>CARRID</SHFIELD>
     <SHLPINPUT>X</SHLPINPUT>
     <SHLPOUTPUT>X</SHLPOUTPUT>
     <ROLLNAME>S_CARR_ID</ROLLNAME>
     <DOMNAME>S_CARR_ID</DOMNAME>
     <DATATYPE>CHAR</DATATYPE>
     <LENG>000003</LENG>
    </DD36M>
    <DD36M>
     <TABNAME>ZSFLCREW_SEARCH</TABNAME>
     <FIELDNAME>EMP_NUM</FIELDNAME>
     <SHLPNAME>SEMPLOY_FLY</SHLPNAME>
     <SHLPFIELD>EMP_NUM</SHLPFIELD>
     <FLPOSITION>0002</FLPOSITION>
     <SHTABLE>ZSFLCREW_SEARCH</SHTABLE>
     <SHFIELD>EMP_NUM</SHFIELD>
     <SHLPOUTPUT>X</SHLPOUTPUT>
     <ROLLNAME>SEMP_NUM</ROLLNAME>
     <DOMNAME>SEMP_NUM</DOMNAME>
     <DATATYPE>NUMC</DATATYPE>
     <LENG>000010</LENG>
    </DD36M>
    <DD36M>
     <TABNAME>ZSFLCREW_SEARCH</TABNAME>
     <FIELDNAME>EMP_NUM</FIELDNAME>
     <SHLPNAME>SEMPLOY_FLY</SHLPNAME>
     <SHLPFIELD>FIRST_NAME</SHLPFIELD>
     <FLPOSITION>0003</FLPOSITION>
     <SHTYPE>G</SHTYPE>
     <SHLPOUTPUT>X</SHLPOUTPUT>
     <ROLLNAME>S_FNAME</ROLLNAME>
     <DOMNAME>S_FNAME</DOMNAME>
     <DATATYPE>CHAR</DATATYPE>
     <LENG>000015</LENG>
    </DD36M>
    <DD36M>
     <TABNAME>ZSFLCREW_SEARCH</TABNAME>
     <FIELDNAME>EMP_NUM</FIELDNAME>
     <SHLPNAME>SEMPLOY_FLY</SHLPNAME>
     <SHLPFIELD>LAST_NAME</SHLPFIELD>
     <FLPOSITION>0004</FLPOSITION>
     <SHTYPE>G</SHTYPE>
     <SHLPOUTPUT>X</SHLPOUTPUT>
     <ROLLNAME>S_LNAME</ROLLNAME>
     <DOMNAME>S_NNAME</DOMNAME>
     <DATATYPE>CHAR</DATATYPE>
     <LENG>000020</LENG>
    </DD36M>
   </DD36M>
  </asx:values>
 </asx:abap>
</abapGit>
