﻿<?xml version="1.0" encoding="utf-8"?>
<abapGit version="v1.0.0" serializer="LCL_OBJECT_TTYP" serializer_version="v1.0.0">
 <asx:abap xmlns:asx="http://www.sap.com/abapxml" version="1.0">
  <asx:values>
   <DD40V>
    <TYPENAME>ZSIT_SFLIGHT</TYPENAME>
    <DDLANGUAGE>D</DDLANGUAGE>
    <ROWTYPE>SFLIGHT</ROWTYPE>
    <ROWKIND>S</ROWKIND>
    <DATATYPE>STRU</DATATYPE>
    <ACCESSMODE>S</ACCESSMODE>
    <KEYDEF>K</KEYDEF>
    <KEYKIND>N</KEYKIND>
    <KEYFDCOUNT>0001</KEYFDCOUNT>
    <DDTEXT>BC430 Übungsvorlage-Tabelle für Flugdaten</DDTEXT>
   </DD40V>
   <DD42V>
    <DD42V>
     <TYPENAME>ZSIT_SFLIGHT</TYPENAME>
     <KEYFDPOS>0001</KEYFDPOS>
     <ROWTYPEPOS>0004</ROWTYPEPOS>
     <KEYFIELD>FLDATE</KEYFIELD>
    </DD42V>
   </DD42V>
  </asx:values>
 </asx:abap>
</abapGit>
