﻿<?xml version="1.0" encoding="utf-8"?>
<abapGit version="v1.0.0" serializer="LCL_OBJECT_DTEL" serializer_version="v1.0.0">
 <asx:abap xmlns:asx="http://www.sap.com/abapxml" version="1.0">
  <asx:values>
   <DD04V>
    <ROLLNAME>ZSSAL_LEVEL</ROLLNAME>
    <DDLANGUAGE>D</DDLANGUAGE>
    <DOMNAME>ZSSAL_LEVEL</DOMNAME>
    <HEADLEN>02</HEADLEN>
    <SCRLEN1>10</SCRLEN1>
    <SCRLEN2>12</SCRLEN2>
    <SCRLEN3>12</SCRLEN3>
    <DDTEXT>Gehaltsstufe</DDTEXT>
    <REPTEXT>GS</REPTEXT>
    <SCRTEXT_S>Gehaltsst.</SCRTEXT_S>
    <SCRTEXT_M>Gehaltsstufe</SCRTEXT_M>
    <SCRTEXT_L>Gehaltsstufe</SCRTEXT_L>
    <DTELMASTER>D</DTELMASTER>
    <REFKIND>D</REFKIND>
   </DD04V>
   <I18N_LANGS>
    <LANGU>E</LANGU>
   </I18N_LANGS>
   <DD04_TEXTS>
    <item>
     <DDLANGUAGE>E</DDLANGUAGE>
     <DDTEXT>Salary level</DDTEXT>
     <REPTEXT>SL</REPTEXT>
     <SCRTEXT_S>Sal. level</SCRTEXT_S>
     <SCRTEXT_M>Salary level</SCRTEXT_M>
     <SCRTEXT_L>Salary level</SCRTEXT_L>
    </item>
   </DD04_TEXTS>
  </asx:values>
 </asx:abap>
</abapGit>
