﻿<?xml version="1.0" encoding="utf-8"?>
<abapGit version="v1.0.0" serializer="LCL_OBJECT_TABL" serializer_version="v1.0.0">
 <asx:abap xmlns:asx="http://www.sap.com/abapxml" version="1.0">
  <asx:values>
   <DD02V>
    <TABNAME>ZSTR_ADRESS</TABNAME>
    <DDLANGUAGE>D</DDLANGUAGE>
    <TABCLASS>INTTAB</TABCLASS>
    <DDTEXT>BC430 Übungsvorlage-Adressstruktur</DDTEXT>
    <EXCLASS>1</EXCLASS>
   </DD02V>
   <DD03P_TABLE>
    <DD03P>
     <TABNAME>ZSTR_ADRESS</TABNAME>
     <FIELDNAME>STREET</FIELDNAME>
     <POSITION>0001</POSITION>
     <ROLLNAME>S_STREET</ROLLNAME>
     <ADMINFIELD>0</ADMINFIELD>
     <COMPTYPE>E</COMPTYPE>
    </DD03P>
    <DD03P>
     <TABNAME>ZSTR_ADRESS</TABNAME>
     <FIELDNAME>NR</FIELDNAME>
     <POSITION>0002</POSITION>
     <ROLLNAME>S_NO</ROLLNAME>
     <ADMINFIELD>0</ADMINFIELD>
     <COMPTYPE>E</COMPTYPE>
    </DD03P>
    <DD03P>
     <TABNAME>ZSTR_ADRESS</TABNAME>
     <FIELDNAME>ZIP</FIELDNAME>
     <POSITION>0003</POSITION>
     <ROLLNAME>POSTCODE</ROLLNAME>
     <ADMINFIELD>0</ADMINFIELD>
     <COMPTYPE>E</COMPTYPE>
    </DD03P>
    <DD03P>
     <TABNAME>ZSTR_ADRESS</TABNAME>
     <FIELDNAME>CITY</FIELDNAME>
     <POSITION>0004</POSITION>
     <ROLLNAME>S_CITY</ROLLNAME>
     <ADMINFIELD>0</ADMINFIELD>
     <COMPTYPE>E</COMPTYPE>
    </DD03P>
   </DD03P_TABLE>
  </asx:values>
 </asx:abap>
</abapGit>
