﻿<?xml version="1.0" encoding="utf-8"?>
<abapGit version="v1.0.0" serializer="LCL_OBJECT_SHLP" serializer_version="v1.0.0">
 <asx:abap xmlns:asx="http://www.sap.com/abapxml" version="1.0">
  <asx:values>
   <DD30V>
    <SHLPNAME>ZSTRAVELAG</SHLPNAME>
    <DDLANGUAGE>D</DDLANGUAGE>
    <DDTEXT>Suche nach der Nummer eines Reisebüros</DDTEXT>
    <ISSIMPLE>X</ISSIMPLE>
    <SELMETHOD>STRAVELAG</SELMETHOD>
    <SELMTYPE>T</SELMTYPE>
    <HOTKEY>B</HOTKEY>
    <DIALOGTYPE>C</DIALOGTYPE>
   </DD30V>
   <DD32P_TABLE>
    <DD32P>
     <SHLPNAME>ZSTRAVELAG</SHLPNAME>
     <FIELDNAME>AGENCYNUM</FIELDNAME>
     <FLPOSITION>0001</FLPOSITION>
     <ROLLNAME>S_AGNCYNUM</ROLLNAME>
     <SHLPINPUT>X</SHLPINPUT>
     <SHLPOUTPUT>X</SHLPOUTPUT>
     <SHLPSELPOS>01</SHLPSELPOS>
     <SHLPLISPOS>01</SHLPLISPOS>
     <SCRLEN3>21</SCRLEN3>
    </DD32P>
    <DD32P>
     <SHLPNAME>ZSTRAVELAG</SHLPNAME>
     <FIELDNAME>NAME</FIELDNAME>
     <FLPOSITION>0002</FLPOSITION>
     <ROLLNAME>S_AGNCYNAM</ROLLNAME>
     <SHLPINPUT>X</SHLPINPUT>
     <SHLPOUTPUT>X</SHLPOUTPUT>
     <SHLPSELPOS>02</SHLPSELPOS>
     <SHLPLISPOS>02</SHLPLISPOS>
     <SCRLEN3>20</SCRLEN3>
    </DD32P>
    <DD32P>
     <SHLPNAME>ZSTRAVELAG</SHLPNAME>
     <FIELDNAME>STREET</FIELDNAME>
     <FLPOSITION>0003</FLPOSITION>
     <ROLLNAME>S_STREET</ROLLNAME>
     <SHLPSELPOS>03</SHLPSELPOS>
     <SHLPLISPOS>03</SHLPLISPOS>
     <SCRLEN3>20</SCRLEN3>
    </DD32P>
    <DD32P>
     <SHLPNAME>ZSTRAVELAG</SHLPNAME>
     <FIELDNAME>POSTCODE</FIELDNAME>
     <FLPOSITION>0004</FLPOSITION>
     <ROLLNAME>POSTCODE</ROLLNAME>
     <SHLPLISPOS>04</SHLPLISPOS>
     <SCRLEN3>20</SCRLEN3>
    </DD32P>
    <DD32P>
     <SHLPNAME>ZSTRAVELAG</SHLPNAME>
     <FIELDNAME>CITY</FIELDNAME>
     <FLPOSITION>0005</FLPOSITION>
     <ROLLNAME>CITY</ROLLNAME>
     <SHLPSELPOS>04</SHLPSELPOS>
     <SHLPLISPOS>05</SHLPLISPOS>
     <SCRLEN3>20</SCRLEN3>
    </DD32P>
    <DD32P>
     <SHLPNAME>ZSTRAVELAG</SHLPNAME>
     <FIELDNAME>COUNTRY</FIELDNAME>
     <FLPOSITION>0006</FLPOSITION>
     <ROLLNAME>S_COUNTRY</ROLLNAME>
     <SHLPSELPOS>05</SHLPSELPOS>
     <SHLPLISPOS>06</SHLPLISPOS>
     <SCRLEN3>20</SCRLEN3>
    </DD32P>
   </DD32P_TABLE>
  </asx:values>
 </asx:abap>
</abapGit>
