﻿<?xml version="1.0" encoding="utf-8"?>
<abapGit version="v1.0.0" serializer="LCL_OBJECT_PROG" serializer_version="v1.0.0">
 <asx:abap xmlns:asx="http://www.sap.com/abapxml" version="1.0">
  <asx:values>
   <PROGDIR>
    <NAME>ZSVIEW_CREW</NAME>
    <STATE>A</STATE>
    <VARCL>X</VARCL>
    <SUBC>1</SUBC>
    <APPL>S</APPL>
    <RLOAD>D</RLOAD>
    <FIXPT>X</FIXPT>
    <UCCHECK>X</UCCHECK>
   </PROGDIR>
   <TPOOL>
    <item>
     <ID>I</ID>
     <KEY>001</KEY>
     <ENTRY>Function</ENTRY>
     <LENGTH>8</LENGTH>
    </item>
    <item>
     <ID>I</ID>
     <KEY>002</KEY>
     <ENTRY>Name</ENTRY>
     <LENGTH>4</LENGTH>
    </item>
    <item>
     <ID>I</ID>
     <KEY>003</KEY>
     <ENTRY>First Name</ENTRY>
     <LENGTH>10</LENGTH>
    </item>
    <item>
     <ID>I</ID>
     <KEY>004</KEY>
     <ENTRY>Pers. No.</ENTRY>
     <LENGTH>9</LENGTH>
    </item>
    <item>
     <ID>I</ID>
     <KEY>005</KEY>
     <ENTRY>Crew for flight</ENTRY>
     <LENGTH>15</LENGTH>
    </item>
    <item>
     <ID>I</ID>
     <KEY>006</KEY>
     <ENTRY>at</ENTRY>
     <LENGTH>2</LENGTH>
    </item>
    <item>
     <ID>I</ID>
     <KEY>007</KEY>
     <ENTRY>from</ENTRY>
     <LENGTH>4</LENGTH>
    </item>
    <item>
     <ID>I</ID>
     <KEY>008</KEY>
     <ENTRY>to</ENTRY>
     <LENGTH>2</LENGTH>
    </item>
    <item>
     <ID>I</ID>
     <KEY>200</KEY>
     <ENTRY>No data for this flight found</ENTRY>
     <LENGTH>29</LENGTH>
    </item>
    <item>
     <ID>R</ID>
     <ENTRY>Sicht auf die Crew eines Fluges (Beispiel für BC430)</ENTRY>
     <LENGTH>52</LENGTH>
    </item>
   </TPOOL>
   <I18N_TPOOL>
    <item>
     <LANGUAGE>E</LANGUAGE>
     <TEXTPOOL>
      <item>
       <ID>I</ID>
       <KEY>006</KEY>
       <ENTRY>at</ENTRY>
       <LENGTH>2</LENGTH>
      </item>
      <item>
       <ID>I</ID>
       <KEY>007</KEY>
       <ENTRY>From</ENTRY>
       <LENGTH>4</LENGTH>
      </item>
      <item>
       <ID>I</ID>
       <KEY>008</KEY>
       <ENTRY>To</ENTRY>
       <LENGTH>2</LENGTH>
      </item>
      <item>
       <ID>I</ID>
       <KEY>200</KEY>
       <ENTRY>No data for this flight found</ENTRY>
       <LENGTH>29</LENGTH>
      </item>
      <item>
       <ID>R</ID>
       <ENTRY>View on the flight crew (example for BC430)</ENTRY>
       <LENGTH>52</LENGTH>
      </item>
      <item>
       <ID>I</ID>
       <KEY>001</KEY>
       <ENTRY>Function</ENTRY>
       <LENGTH>8</LENGTH>
      </item>
      <item>
       <ID>I</ID>
       <KEY>002</KEY>
       <ENTRY>Name</ENTRY>
       <LENGTH>4</LENGTH>
      </item>
      <item>
       <ID>I</ID>
       <KEY>003</KEY>
       <ENTRY>First name</ENTRY>
       <LENGTH>10</LENGTH>
      </item>
      <item>
       <ID>I</ID>
       <KEY>004</KEY>
       <ENTRY>Pers. no.</ENTRY>
       <LENGTH>9</LENGTH>
      </item>
      <item>
       <ID>I</ID>
       <KEY>005</KEY>
       <ENTRY>Crew for flight</ENTRY>
       <LENGTH>15</LENGTH>
      </item>
     </TEXTPOOL>
    </item>
   </I18N_TPOOL>
  </asx:values>
 </asx:abap>
</abapGit>
