﻿<?xml version="1.0" encoding="utf-8"?>
<abapGit version="v1.0.0" serializer="LCL_OBJECT_PROG" serializer_version="v1.0.0">
 <asx:abap xmlns:asx="http://www.sap.com/abapxml" version="1.0">
  <asx:values>
   <PROGDIR>
    <NAME>ZBC425_CUSTOMER</NAME>
    <STATE>A</STATE>
    <VARCL>X</VARCL>
    <SUBC>1</SUBC>
    <RLOAD>D</RLOAD>
    <FIXPT>X</FIXPT>
    <UCCHECK>X</UCCHECK>
   </PROGDIR>
   <DYNPROS>
    <item>
     <HEADER>
      <PROGRAM>ZBC425_CUSTOMER</PROGRAM>
      <SCREEN>0100</SCREEN>
      <LANGUAGE>D</LANGUAGE>
      <DESCRIPT>Anzeige Einzelkunde</DESCRIPT>
      <TYPE>N</TYPE>
      <NEXTSCREEN>0100</NEXTSCREEN>
      <LINES>027</LINES>
      <COLUMNS>120</COLUMNS>
     </HEADER>
     <CONTAINERS>
      <RPY_DYCATT>
       <TYPE>SCREEN</TYPE>
       <NAME>SCREEN</NAME>
      </RPY_DYCATT>
     </CONTAINERS>
     <FIELDS>
      <RPY_DYFATC>
       <CONT_TYPE>SCREEN</CONT_TYPE>
       <CONT_NAME>SCREEN</CONT_NAME>
       <TYPE>TEXT</TYPE>
       <NAME>SCUSTOM-ID</NAME>
       <TEXT>Kundennummer___</TEXT>
       <LINE>003</LINE>
       <COLUMN>007</COLUMN>
       <LENGTH>015</LENGTH>
       <VISLENGTH>015</VISLENGTH>
       <HEIGHT>001</HEIGHT>
       <FORMAT>CHAR</FORMAT>
       <FROM_DICT>X</FROM_DICT>
       <MODIFIC>2</MODIFIC>
       <REQU_ENTRY>N</REQU_ENTRY>
       <LABELLEFT>X</LABELLEFT>
       <DICT_I_FKY>X</DICT_I_FKY>
      </RPY_DYFATC>
      <RPY_DYFATC>
       <CONT_TYPE>SCREEN</CONT_TYPE>
       <CONT_NAME>SCREEN</CONT_NAME>
       <TYPE>TEMPLATE</TYPE>
       <NAME>SCUSTOM-ID</NAME>
       <TEXT>________</TEXT>
       <LINE>003</LINE>
       <COLUMN>023</COLUMN>
       <LENGTH>008</LENGTH>
       <VISLENGTH>008</VISLENGTH>
       <HEIGHT>001</HEIGHT>
       <FORMAT>NUMC</FORMAT>
       <FROM_DICT>X</FROM_DICT>
       <PARAM_ID>CSM</PARAM_ID>
       <FOREIGNKEY>X</FOREIGNKEY>
       <OUTPUT_FLD>X</OUTPUT_FLD>
       <REQU_ENTRY>N</REQU_ENTRY>
       <POSS_ENTRY>0</POSS_ENTRY>
       <DICT_I_FKY>X</DICT_I_FKY>
      </RPY_DYFATC>
      <RPY_DYFATC>
       <CONT_TYPE>SCREEN</CONT_TYPE>
       <CONT_NAME>SCREEN</CONT_NAME>
       <TYPE>TEXT</TYPE>
       <NAME>SCUSTOM-NAME</NAME>
       <TEXT>Kundenname_____</TEXT>
       <LINE>004</LINE>
       <COLUMN>007</COLUMN>
       <LENGTH>015</LENGTH>
       <VISLENGTH>015</VISLENGTH>
       <HEIGHT>001</HEIGHT>
       <FORMAT>CHAR</FORMAT>
       <FROM_DICT>X</FROM_DICT>
       <MODIFIC>2</MODIFIC>
       <UP_LOWER>X</UP_LOWER>
       <REQU_ENTRY>N</REQU_ENTRY>
       <LABELLEFT>X</LABELLEFT>
      </RPY_DYFATC>
      <RPY_DYFATC>
       <CONT_TYPE>SCREEN</CONT_TYPE>
       <CONT_NAME>SCREEN</CONT_NAME>
       <TYPE>TEMPLATE</TYPE>
       <NAME>SCUSTOM-NAME</NAME>
       <TEXT>_________________________</TEXT>
       <LINE>004</LINE>
       <COLUMN>023</COLUMN>
       <LENGTH>025</LENGTH>
       <VISLENGTH>025</VISLENGTH>
       <HEIGHT>001</HEIGHT>
       <FORMAT>CHAR</FORMAT>
       <FROM_DICT>X</FROM_DICT>
       <UP_LOWER>X</UP_LOWER>
       <FOREIGNKEY>X</FOREIGNKEY>
       <OUTPUT_FLD>X</OUTPUT_FLD>
       <REQU_ENTRY>N</REQU_ENTRY>
      </RPY_DYFATC>
      <RPY_DYFATC>
       <CONT_TYPE>SCREEN</CONT_TYPE>
       <CONT_NAME>SCREEN</CONT_NAME>
       <TYPE>FRAME</TYPE>
       <NAME>BOX1</NAME>
       <TEXT>Anschrift___________________________________________</TEXT>
       <LINE>006</LINE>
       <COLUMN>007</COLUMN>
       <LENGTH>053</LENGTH>
       <VISLENGTH>053</VISLENGTH>
       <HEIGHT>007</HEIGHT>
       <FORMAT>CHAR</FORMAT>
       <REQU_ENTRY>N</REQU_ENTRY>
      </RPY_DYFATC>
      <RPY_DYFATC>
       <CONT_TYPE>SCREEN</CONT_TYPE>
       <CONT_NAME>SCREEN</CONT_NAME>
       <TYPE>TEXT</TYPE>
       <NAME>SCUSTOM-STREET</NAME>
       <TEXT>Strasse________</TEXT>
       <LINE>008</LINE>
       <COLUMN>010</COLUMN>
       <LENGTH>015</LENGTH>
       <VISLENGTH>015</VISLENGTH>
       <HEIGHT>001</HEIGHT>
       <FORMAT>CHAR</FORMAT>
       <FROM_DICT>X</FROM_DICT>
       <MODIFIC>2</MODIFIC>
       <UP_LOWER>X</UP_LOWER>
       <REQU_ENTRY>N</REQU_ENTRY>
       <LABELLEFT>X</LABELLEFT>
      </RPY_DYFATC>
      <RPY_DYFATC>
       <CONT_TYPE>SCREEN</CONT_TYPE>
       <CONT_NAME>SCREEN</CONT_NAME>
       <TYPE>TEMPLATE</TYPE>
       <NAME>SCUSTOM-STREET</NAME>
       <TEXT>______________________________</TEXT>
       <LINE>008</LINE>
       <COLUMN>026</COLUMN>
       <LENGTH>030</LENGTH>
       <VISLENGTH>030</VISLENGTH>
       <HEIGHT>001</HEIGHT>
       <FORMAT>CHAR</FORMAT>
       <FROM_DICT>X</FROM_DICT>
       <UP_LOWER>X</UP_LOWER>
       <FOREIGNKEY>X</FOREIGNKEY>
       <OUTPUT_FLD>X</OUTPUT_FLD>
       <REQU_ENTRY>N</REQU_ENTRY>
      </RPY_DYFATC>
      <RPY_DYFATC>
       <CONT_TYPE>SCREEN</CONT_TYPE>
       <CONT_NAME>SCREEN</CONT_NAME>
       <TYPE>TEXT</TYPE>
       <NAME>SCUSTOM-POSTCODE</NAME>
       <TEXT>Postleitzahl__</TEXT>
       <LINE>009</LINE>
       <COLUMN>010</COLUMN>
       <LENGTH>014</LENGTH>
       <VISLENGTH>014</VISLENGTH>
       <HEIGHT>001</HEIGHT>
       <FORMAT>CHAR</FORMAT>
       <FROM_DICT>X</FROM_DICT>
       <MODIFIC>2</MODIFIC>
       <REQU_ENTRY>N</REQU_ENTRY>
       <LABELLEFT>X</LABELLEFT>
      </RPY_DYFATC>
      <RPY_DYFATC>
       <CONT_TYPE>SCREEN</CONT_TYPE>
       <CONT_NAME>SCREEN</CONT_NAME>
       <TYPE>TEMPLATE</TYPE>
       <NAME>SCUSTOM-POSTCODE</NAME>
       <TEXT>__________</TEXT>
       <LINE>009</LINE>
       <COLUMN>026</COLUMN>
       <LENGTH>010</LENGTH>
       <VISLENGTH>010</VISLENGTH>
       <HEIGHT>001</HEIGHT>
       <FORMAT>CHAR</FORMAT>
       <FROM_DICT>X</FROM_DICT>
       <FOREIGNKEY>X</FOREIGNKEY>
       <OUTPUT_FLD>X</OUTPUT_FLD>
       <REQU_ENTRY>N</REQU_ENTRY>
      </RPY_DYFATC>
      <RPY_DYFATC>
       <CONT_TYPE>SCREEN</CONT_TYPE>
       <CONT_NAME>SCREEN</CONT_NAME>
       <TYPE>TEXT</TYPE>
       <NAME>SCUSTOM-CITY</NAME>
       <TEXT>Stadt__________</TEXT>
       <LINE>010</LINE>
       <COLUMN>010</COLUMN>
       <LENGTH>015</LENGTH>
       <VISLENGTH>015</VISLENGTH>
       <HEIGHT>001</HEIGHT>
       <FORMAT>CHAR</FORMAT>
       <FROM_DICT>X</FROM_DICT>
       <MODIFIC>2</MODIFIC>
       <UP_LOWER>X</UP_LOWER>
       <REQU_ENTRY>N</REQU_ENTRY>
       <LABELLEFT>X</LABELLEFT>
      </RPY_DYFATC>
      <RPY_DYFATC>
       <CONT_TYPE>SCREEN</CONT_TYPE>
       <CONT_NAME>SCREEN</CONT_NAME>
       <TYPE>TEMPLATE</TYPE>
       <NAME>SCUSTOM-CITY</NAME>
       <TEXT>_________________________</TEXT>
       <LINE>010</LINE>
       <COLUMN>026</COLUMN>
       <LENGTH>025</LENGTH>
       <VISLENGTH>025</VISLENGTH>
       <HEIGHT>001</HEIGHT>
       <FORMAT>CHAR</FORMAT>
       <FROM_DICT>X</FROM_DICT>
       <UP_LOWER>X</UP_LOWER>
       <FOREIGNKEY>X</FOREIGNKEY>
       <OUTPUT_FLD>X</OUTPUT_FLD>
       <REQU_ENTRY>N</REQU_ENTRY>
      </RPY_DYFATC>
      <RPY_DYFATC>
       <CONT_TYPE>SCREEN</CONT_TYPE>
       <CONT_NAME>SCREEN</CONT_NAME>
       <TYPE>TEXT</TYPE>
       <NAME>SCUSTOM-COUNTRY</NAME>
       <TEXT>Land___________</TEXT>
       <LINE>011</LINE>
       <COLUMN>010</COLUMN>
       <LENGTH>015</LENGTH>
       <VISLENGTH>015</VISLENGTH>
       <HEIGHT>001</HEIGHT>
       <FORMAT>CHAR</FORMAT>
       <FROM_DICT>X</FROM_DICT>
       <MODIFIC>2</MODIFIC>
       <REQU_ENTRY>N</REQU_ENTRY>
       <LABELLEFT>X</LABELLEFT>
      </RPY_DYFATC>
      <RPY_DYFATC>
       <CONT_TYPE>SCREEN</CONT_TYPE>
       <CONT_NAME>SCREEN</CONT_NAME>
       <TYPE>TEMPLATE</TYPE>
       <NAME>SCUSTOM-COUNTRY</NAME>
       <TEXT>___</TEXT>
       <LINE>011</LINE>
       <COLUMN>026</COLUMN>
       <LENGTH>003</LENGTH>
       <VISLENGTH>003</VISLENGTH>
       <HEIGHT>001</HEIGHT>
       <FORMAT>CHAR</FORMAT>
       <FROM_DICT>X</FROM_DICT>
       <FOREIGNKEY>X</FOREIGNKEY>
       <OUTPUT_FLD>X</OUTPUT_FLD>
       <REQU_ENTRY>N</REQU_ENTRY>
      </RPY_DYFATC>
      <RPY_DYFATC>
       <CONT_TYPE>SCREEN</CONT_TYPE>
       <CONT_NAME>SCREEN</CONT_NAME>
       <TYPE>OKCODE</TYPE>
       <NAME>OK_CODE</NAME>
       <TEXT>____________________</TEXT>
       <LENGTH>020</LENGTH>
       <VISLENGTH>020</VISLENGTH>
       <HEIGHT>001</HEIGHT>
       <FORMAT>CHAR</FORMAT>
       <INPUT_FLD>X</INPUT_FLD>
      </RPY_DYFATC>
     </FIELDS>
     <FLOW_LOGIC>
      <RPY_DYFLOW>
       <LINE>PROCESS BEFORE OUTPUT.</LINE>
      </RPY_DYFLOW>
      <RPY_DYFLOW>
       <LINE>MODULE STATUS_0100.</LINE>
      </RPY_DYFLOW>
      <RPY_DYFLOW>
       <LINE>*</LINE>
      </RPY_DYFLOW>
      <RPY_DYFLOW>
       <LINE>PROCESS AFTER INPUT.</LINE>
      </RPY_DYFLOW>
      <RPY_DYFLOW>
       <LINE>MODULE USER_COMMAND_0100.</LINE>
      </RPY_DYFLOW>
     </FLOW_LOGIC>
     <SPACES>
      <item>0</item>
      <item>2</item>
      <item>0</item>
      <item>0</item>
      <item>2</item>
     </SPACES>
    </item>
   </DYNPROS>
   <CUA>
    <ADM>
     <ACTCODE>000001</ACTCODE>
     <MENCODE>000001</MENCODE>
     <PFKCODE>000001</PFKCODE>
    </ADM>
    <STA>
     <RSMPE_STAT>
      <CODE>S_100</CODE>
      <MODAL>D</MODAL>
      <ACTCODE>000001</ACTCODE>
      <PFKCODE>000001</PFKCODE>
      <BUTCODE>0001</BUTCODE>
      <INT_NOTE>Status for Individual Customer Display</INT_NOTE>
     </RSMPE_STAT>
    </STA>
    <FUN>
     <RSMPE_FUNT>
      <CODE>+EXT</CODE>
      <TEXTNO>001</TEXTNO>
      <MODIF>X</MODIF>
      <TEXT_TYPE>S</TEXT_TYPE>
      <FUN_TEXT>Additional Customer Data</FUN_TEXT>
      <PATH>U</PATH>
     </RSMPE_FUNT>
     <RSMPE_FUNT>
      <CODE>BACK</CODE>
      <TEXTNO>001</TEXTNO>
      <TEXT_TYPE>S</TEXT_TYPE>
      <FUN_TEXT>Back</FUN_TEXT>
      <PATH>B</PATH>
     </RSMPE_FUNT>
    </FUN>
    <MEN>
     <RSMPE_MEN>
      <CODE>000001</CODE>
      <NO>01</NO>
      <REF_TYPE>F</REF_TYPE>
      <REF_CODE>BACK</REF_CODE>
      <REF_NO>001</REF_NO>
     </RSMPE_MEN>
     <RSMPE_MEN>
      <CODE>000001</CODE>
      <NO>02</NO>
      <REF_TYPE>F</REF_TYPE>
      <REF_CODE>+EXT</REF_CODE>
      <REF_NO>001</REF_NO>
     </RSMPE_MEN>
    </MEN>
    <MTX>
     <RSMPE_MNLT>
      <CODE>000001</CODE>
      <TEXT_TYPE>S</TEXT_TYPE>
      <TEXT>Goto</TEXT>
      <PATH>G</PATH>
     </RSMPE_MNLT>
    </MTX>
    <ACT>
     <RSMPE_ACT>
      <CODE>000001</CODE>
      <NO>01</NO>
      <MENUCODE>000001</MENUCODE>
     </RSMPE_ACT>
    </ACT>
    <PFK>
     <RSMPE_PFK>
      <CODE>000001</CODE>
      <PFNO>03</PFNO>
      <FUNCODE>BACK</FUNCODE>
      <FUNNO>001</FUNNO>
     </RSMPE_PFK>
    </PFK>
    <SET>
     <RSMPE_STAF>
      <STATUS>S_100</STATUS>
      <FUNCTION>+EXT</FUNCTION>
     </RSMPE_STAF>
     <RSMPE_STAF>
      <STATUS>S_100</STATUS>
      <FUNCTION>BACK</FUNCTION>
     </RSMPE_STAF>
    </SET>
    <DOC>
     <RSMPE_ATRT>
      <OBJ_TYPE>A</OBJ_TYPE>
      <OBJ_CODE>000001</OBJ_CODE>
      <MODAL>D</MODAL>
      <INT_NOTE>Status for Individual Customer Display</INT_NOTE>
     </RSMPE_ATRT>
     <RSMPE_ATRT>
      <OBJ_TYPE>P</OBJ_TYPE>
      <OBJ_CODE>000001</OBJ_CODE>
      <MODAL>D</MODAL>
      <INT_NOTE>Status for Individual Customer Display</INT_NOTE>
     </RSMPE_ATRT>
     <RSMPE_ATRT>
      <OBJ_TYPE>B</OBJ_TYPE>
      <OBJ_CODE>000001</OBJ_CODE>
      <SUB_CODE>0001</SUB_CODE>
      <MODAL>D</MODAL>
      <INT_NOTE>Status for Individual Customer Display</INT_NOTE>
     </RSMPE_ATRT>
    </DOC>
    <TIT>
     <RSMPE_TITT>
      <CODE>T_100</CODE>
      <TEXT>Display Individual Customer</TEXT>
     </RSMPE_TITT>
    </TIT>
   </CUA>
   <TPOOL>
    <item>
     <ID>I</ID>
     <KEY>CNF</KEY>
     <ENTRY>Customer not found</ENTRY>
     <LENGTH>30</LENGTH>
    </item>
    <item>
     <ID>R</ID>
     <ENTRY>Demo: BAdI Menu Exit (Individual Customer Display)</ENTRY>
     <LENGTH>70</LENGTH>
    </item>
    <item>
     <ID>S</ID>
     <KEY>CUSTOMID</KEY>
     <ENTRY>.</ENTRY>
     <LENGTH>20</LENGTH>
     <SPLIT>D</SPLIT>
    </item>
   </TPOOL>
   <I18N_TPOOL>
    <item>
     <LANGUAGE>D</LANGUAGE>
     <TEXTPOOL>
      <item>
       <ID>I</ID>
       <KEY>CNF</KEY>
       <ENTRY>Kunde nicht vorhanden !</ENTRY>
       <LENGTH>30</LENGTH>
      </item>
      <item>
       <ID>R</ID>
       <ENTRY>Demo: BAdI-Menü-Exit  (Anzeige Einzelkunde)</ENTRY>
       <LENGTH>43</LENGTH>
      </item>
      <item>
       <ID>S</ID>
       <KEY>CUSTOMID</KEY>
       <ENTRY>.</ENTRY>
       <LENGTH>20</LENGTH>
       <SPLIT>D</SPLIT>
      </item>
     </TEXTPOOL>
    </item>
   </I18N_TPOOL>
  </asx:values>
 </asx:abap>
</abapGit>
