﻿<?xml version="1.0" encoding="utf-8"?>
<abapGit version="v1.0.0" serializer="LCL_OBJECT_CLAS" serializer_version="v1.0.0">
 <asx:abap xmlns:asx="http://www.sap.com/abapxml" version="1.0">
  <asx:values>
   <VSEOCLASS>
    <CLSNAME>ZCL_VEHICLE</CLSNAME>
    <VERSION>1</VERSION>
    <LANGU>D</LANGU>
    <EXPOSURE>2</EXPOSURE>
    <STATE>1</STATE>
    <CLSCCINCL>X</CLSCCINCL>
    <FIXPT>X</FIXPT>
    <UNICODE>X</UNICODE>
   </VSEOCLASS>
   <DESCRIPTIONS>
    <SEOCOMPOTX>
     <CLSNAME>ZCL_VEHICLE</CLSNAME>
     <CMPNAME>CLASS_CONSTRUCTOR</CMPNAME>
     <LANGU>D</LANGU>
     <DESCRIPT>CLASS_CONSTRUCTOR</DESCRIPT>
    </SEOCOMPOTX>
    <SEOCOMPOTX>
     <CLSNAME>ZCL_VEHICLE</CLSNAME>
     <CMPNAME>CONSTRUCTOR</CMPNAME>
     <LANGU>D</LANGU>
     <DESCRIPT>CONSTRUCTOR</DESCRIPT>
    </SEOCOMPOTX>
    <SEOCOMPOTX>
     <CLSNAME>ZCL_VEHICLE</CLSNAME>
     <CMPNAME>C_POS_1</CMPNAME>
     <LANGU>D</LANGU>
     <DESCRIPT>C_POS_1</DESCRIPT>
    </SEOCOMPOTX>
    <SEOCOMPOTX>
     <CLSNAME>ZCL_VEHICLE</CLSNAME>
     <CMPNAME>DISPLAY_ATTRIBUTES</CMPNAME>
     <LANGU>D</LANGU>
     <DESCRIPT>DISPLAY_ATTRIBUTES</DESCRIPT>
    </SEOCOMPOTX>
    <SEOCOMPOTX>
     <CLSNAME>ZCL_VEHICLE</CLSNAME>
     <CMPNAME>DISPLAY_N_O_VEHICLES</CMPNAME>
     <LANGU>D</LANGU>
     <DESCRIPT>DISPLAY_N_O_VEHICLES</DESCRIPT>
    </SEOCOMPOTX>
    <SEOCOMPOTX>
     <CLSNAME>ZCL_VEHICLE</CLSNAME>
     <CMPNAME>GET_N_O_VEHICLES</CMPNAME>
     <LANGU>D</LANGU>
     <DESCRIPT>GET_N_O_VEHICLES</DESCRIPT>
    </SEOCOMPOTX>
    <SEOCOMPOTX>
     <CLSNAME>ZCL_VEHICLE</CLSNAME>
     <CMPNAME>GET_TECHNICAL_ATTRIBUTES</CMPNAME>
     <LANGU>D</LANGU>
     <DESCRIPT>GET_TECHNICAL_ATTRIBUTES</DESCRIPT>
    </SEOCOMPOTX>
    <SEOCOMPOTX>
     <CLSNAME>ZCL_VEHICLE</CLSNAME>
     <CMPNAME>GT_VEH_TYPES</CMPNAME>
     <LANGU>D</LANGU>
     <DESCRIPT>GT_VEH_TYPES</DESCRIPT>
    </SEOCOMPOTX>
    <SEOCOMPOTX>
     <CLSNAME>ZCL_VEHICLE</CLSNAME>
     <CMPNAME>GV_N_O_VEHICLES</CMPNAME>
     <LANGU>D</LANGU>
     <DESCRIPT>GV_N_O_VEHICLES</DESCRIPT>
    </SEOCOMPOTX>
    <SEOCOMPOTX>
     <CLSNAME>ZCL_VEHICLE</CLSNAME>
     <CMPNAME>MV_CONSUM</CMPNAME>
     <LANGU>D</LANGU>
     <DESCRIPT>MV_CONSUM</DESCRIPT>
    </SEOCOMPOTX>
    <SEOCOMPOTX>
     <CLSNAME>ZCL_VEHICLE</CLSNAME>
     <CMPNAME>MV_MAKE</CMPNAME>
     <LANGU>D</LANGU>
     <DESCRIPT>MV_MAKE</DESCRIPT>
    </SEOCOMPOTX>
    <SEOCOMPOTX>
     <CLSNAME>ZCL_VEHICLE</CLSNAME>
     <CMPNAME>MV_MODEL</CMPNAME>
     <LANGU>D</LANGU>
     <DESCRIPT>MV_MODEL</DESCRIPT>
    </SEOCOMPOTX>
    <SEOCOMPOTX>
     <CLSNAME>ZCL_VEHICLE</CLSNAME>
     <CMPNAME>MV_SPEED</CMPNAME>
     <LANGU>D</LANGU>
     <DESCRIPT>MV_SPEED</DESCRIPT>
    </SEOCOMPOTX>
    <SEOCOMPOTX>
     <CLSNAME>ZCL_VEHICLE</CLSNAME>
     <CMPNAME>MV_TANKCAP</CMPNAME>
     <LANGU>D</LANGU>
     <DESCRIPT>MV_TANKCAP</DESCRIPT>
    </SEOCOMPOTX>
    <SEOCOMPOTX>
     <CLSNAME>ZCL_VEHICLE</CLSNAME>
     <CMPNAME>TY_VEH_TYPES</CMPNAME>
     <LANGU>D</LANGU>
     <DESCRIPT>TY_VEH_TYPES</DESCRIPT>
    </SEOCOMPOTX>
    <SEOCOMPOTX>
     <CLSNAME>ZCL_VEHICLE</CLSNAME>
     <CMPNAME>VEHICLE_CREATED</CMPNAME>
     <LANGU>D</LANGU>
     <DESCRIPT>VEHICLE_CREATED</DESCRIPT>
    </SEOCOMPOTX>
   </DESCRIPTIONS>
  </asx:values>
 </asx:abap>
</abapGit>
