﻿<?xml version="1.0" encoding="utf-8"?>
<abapGit version="v1.0.0" serializer="LCL_OBJECT_CLAS" serializer_version="v1.0.0">
 <asx:abap xmlns:asx="http://www.sap.com/abapxml" version="1.0">
  <asx:values>
   <VSEOCLASS>
    <CLSNAME>ZCX_INVALID_VALUE</CLSNAME>
    <VERSION>1</VERSION>
    <LANGU>D</LANGU>
    <DESCRIPT>BC401-ungültiger Wert</DESCRIPT>
    <CATEGORY>40</CATEGORY>
    <EXPOSURE>2</EXPOSURE>
    <STATE>1</STATE>
    <CLSFINAL>X</CLSFINAL>
    <CLSCCINCL>X</CLSCCINCL>
    <FIXPT>X</FIXPT>
    <UNICODE>X</UNICODE>
   </VSEOCLASS>
   <SOTR>
    <item>
     <HEADER>
      <CONCEPT>00145E5AF8471DDF9CDBEE8A4BB8950C</CONCEPT>
      <CREA_LAN>D</CREA_LAN>
      <TRALA_TYPE>1</TRALA_TYPE>
      <OBJID_VEC>CA==</OBJID_VEC>
     </HEADER>
     <ENTRIES>
      <SOTR_TEXT>
       <CONCEPT>00145E5AF8471DDF9CDBEE8A4BB8950C</CONCEPT>
       <LANGU>D</LANGU>
       <LFD_NUM>0001</LFD_NUM>
       <FLAG_CNTXT>X</FLAG_CNTXT>
       <STATUS>R</STATUS>
       <LENGTH>255</LENGTH>
       <TEXT>Parameter &amp;PARNAM&amp; wurde mit einem ungültigen Wert versorgt</TEXT>
      </SOTR_TEXT>
      <SOTR_TEXT>
       <CONCEPT>00145E5AF8471DDF9CDBEE8A4BB8950C</CONCEPT>
       <LANGU>E</LANGU>
       <LFD_NUM>0001</LFD_NUM>
       <FLAG_CNTXT>X</FLAG_CNTXT>
       <STATUS>R</STATUS>
       <LENGTH>255</LENGTH>
       <TEXT>An invalid value was supplied to parameter &amp;PARNAM&amp;</TEXT>
      </SOTR_TEXT>
     </ENTRIES>
    </item>
   </SOTR>
   <DESCRIPTIONS>
    <SEOCOMPOTX>
     <CLSNAME>ZCX_INVALID_VALUE</CLSNAME>
     <CMPNAME>CONSTRUCTOR</CMPNAME>
     <LANGU>D</LANGU>
     <DESCRIPT>CONSTRUCTOR</DESCRIPT>
    </SEOCOMPOTX>
    <SEOCOMPOTX>
     <CLSNAME>ZCX_INVALID_VALUE</CLSNAME>
     <CMPNAME>PARNAM</CMPNAME>
     <LANGU>D</LANGU>
     <DESCRIPT>Parametername</DESCRIPT>
    </SEOCOMPOTX>
   </DESCRIPTIONS>
  </asx:values>
 </asx:abap>
</abapGit>
