﻿<?xml version="1.0" encoding="utf-8"?>
<abapGit version="v1.0.0" serializer="LCL_OBJECT_PROG" serializer_version="v1.0.0">
 <asx:abap xmlns:asx="http://www.sap.com/abapxml" version="1.0">
  <asx:values>
   <PROGDIR>
    <NAME>ZMBC410AINPS_INPUT_FIELDE02</NAME>
    <STATE>A</STATE>
    <VARCL>X</VARCL>
    <SUBC>I</SUBC>
    <APPL>S</APPL>
    <RLOAD>E</RLOAD>
    <UCCHECK>X</UCCHECK>
   </PROGDIR>
   <I18N_TPOOL>
    <item>
     <LANGUAGE>E</LANGUAGE>
     <TEXTPOOL>
      <item>
       <ID>R</ID>
       <ENTRY>Include MBC410AINPS_INPUT_FIELDE02</ENTRY>
       <LENGTH>34</LENGTH>
      </item>
     </TEXTPOOL>
    </item>
   </I18N_TPOOL>
  </asx:values>
 </asx:abap>
</abapGit>
