﻿<?xml version="1.0" encoding="utf-8"?>
<abapGit version="v1.0.0" serializer="LCL_OBJECT_TABL" serializer_version="v1.0.0">
 <asx:abap xmlns:asx="http://www.sap.com/abapxml" version="1.0">
  <asx:values>
   <DD02V>
    <TABNAME>ZSDYN_CONN</TABNAME>
    <DDLANGUAGE>D</DDLANGUAGE>
    <TABCLASS>INTTAB</TABCLASS>
    <CLIDEP>X</CLIDEP>
    <DDTEXT>Dynprostruktur - Flugverbindung</DDTEXT>
    <MASTERLANG>D</MASTERLANG>
   </DD02V>
   <DD03P_TABLE>
    <DD03P>
     <TABNAME>ZSDYN_CONN</TABNAME>
     <FIELDNAME>MANDT</FIELDNAME>
     <POSITION>0001</POSITION>
     <KEYFLAG>X</KEYFLAG>
     <ROLLNAME>S_MANDT</ROLLNAME>
     <CHECKTABLE>T000</CHECKTABLE>
     <ADMINFIELD>0</ADMINFIELD>
     <NOTNULL>X</NOTNULL>
     <SHLPORIGIN>P</SHLPORIGIN>
     <COMPTYPE>E</COMPTYPE>
    </DD03P>
    <DD03P>
     <TABNAME>ZSDYN_CONN</TABNAME>
     <FIELDNAME>CARRID</FIELDNAME>
     <POSITION>0002</POSITION>
     <KEYFLAG>X</KEYFLAG>
     <ROLLNAME>S_CARR_ID</ROLLNAME>
     <CHECKTABLE>SCARR</CHECKTABLE>
     <ADMINFIELD>0</ADMINFIELD>
     <NOTNULL>X</NOTNULL>
     <SHLPORIGIN>P</SHLPORIGIN>
     <SHLPNAME>S_CARRIER_ID</SHLPNAME>
     <SHLPFIELD>CARRID</SHLPFIELD>
     <COMPTYPE>E</COMPTYPE>
    </DD03P>
    <DD03P>
     <TABNAME>ZSDYN_CONN</TABNAME>
     <FIELDNAME>CONNID</FIELDNAME>
     <POSITION>0003</POSITION>
     <KEYFLAG>X</KEYFLAG>
     <ROLLNAME>S_CONN_ID</ROLLNAME>
     <ADMINFIELD>0</ADMINFIELD>
     <NOTNULL>X</NOTNULL>
     <COMPTYPE>E</COMPTYPE>
    </DD03P>
    <DD03P>
     <TABNAME>ZSDYN_CONN</TABNAME>
     <FIELDNAME>COUNTRYFR</FIELDNAME>
     <POSITION>0004</POSITION>
     <ROLLNAME>LAND1</ROLLNAME>
     <ADMINFIELD>0</ADMINFIELD>
     <COMPTYPE>E</COMPTYPE>
    </DD03P>
    <DD03P>
     <TABNAME>ZSDYN_CONN</TABNAME>
     <FIELDNAME>CITYFROM</FIELDNAME>
     <POSITION>0005</POSITION>
     <ROLLNAME>S_FROM_CIT</ROLLNAME>
     <ADMINFIELD>0</ADMINFIELD>
     <COMPTYPE>E</COMPTYPE>
    </DD03P>
    <DD03P>
     <TABNAME>ZSDYN_CONN</TABNAME>
     <FIELDNAME>AIRPFROM</FIELDNAME>
     <POSITION>0006</POSITION>
     <ROLLNAME>S_FROMAIRP</ROLLNAME>
     <ADMINFIELD>0</ADMINFIELD>
     <COMPTYPE>E</COMPTYPE>
    </DD03P>
    <DD03P>
     <TABNAME>ZSDYN_CONN</TABNAME>
     <FIELDNAME>COUNTRYTO</FIELDNAME>
     <POSITION>0007</POSITION>
     <ROLLNAME>LAND1</ROLLNAME>
     <ADMINFIELD>0</ADMINFIELD>
     <COMPTYPE>E</COMPTYPE>
    </DD03P>
    <DD03P>
     <TABNAME>ZSDYN_CONN</TABNAME>
     <FIELDNAME>CITYTO</FIELDNAME>
     <POSITION>0008</POSITION>
     <ROLLNAME>S_TO_CITY</ROLLNAME>
     <ADMINFIELD>0</ADMINFIELD>
     <COMPTYPE>E</COMPTYPE>
    </DD03P>
    <DD03P>
     <TABNAME>ZSDYN_CONN</TABNAME>
     <FIELDNAME>AIRPTO</FIELDNAME>
     <POSITION>0009</POSITION>
     <ROLLNAME>S_TOAIRP</ROLLNAME>
     <ADMINFIELD>0</ADMINFIELD>
     <COMPTYPE>E</COMPTYPE>
    </DD03P>
    <DD03P>
     <TABNAME>ZSDYN_CONN</TABNAME>
     <FIELDNAME>FLTIME</FIELDNAME>
     <POSITION>0010</POSITION>
     <ROLLNAME>S_FLTIME</ROLLNAME>
     <ADMINFIELD>0</ADMINFIELD>
     <COMPTYPE>E</COMPTYPE>
    </DD03P>
    <DD03P>
     <TABNAME>ZSDYN_CONN</TABNAME>
     <FIELDNAME>DEPTIME</FIELDNAME>
     <POSITION>0011</POSITION>
     <ROLLNAME>S_DEP_TIME</ROLLNAME>
     <ADMINFIELD>0</ADMINFIELD>
     <SHLPORIGIN>T</SHLPORIGIN>
     <COMPTYPE>E</COMPTYPE>
    </DD03P>
    <DD03P>
     <TABNAME>ZSDYN_CONN</TABNAME>
     <FIELDNAME>ARRTIME</FIELDNAME>
     <POSITION>0012</POSITION>
     <ROLLNAME>S_ARR_TIME</ROLLNAME>
     <ADMINFIELD>0</ADMINFIELD>
     <SHLPORIGIN>T</SHLPORIGIN>
     <COMPTYPE>E</COMPTYPE>
    </DD03P>
    <DD03P>
     <TABNAME>ZSDYN_CONN</TABNAME>
     <FIELDNAME>DISTANCE</FIELDNAME>
     <POSITION>0013</POSITION>
     <ROLLNAME>S_DISTANCE</ROLLNAME>
     <ADMINFIELD>0</ADMINFIELD>
     <REFTABLE>ZSDYN_CONN</REFTABLE>
     <REFFIELD>DISTID</REFFIELD>
     <COMPTYPE>E</COMPTYPE>
    </DD03P>
    <DD03P>
     <TABNAME>ZSDYN_CONN</TABNAME>
     <FIELDNAME>DISTID</FIELDNAME>
     <POSITION>0014</POSITION>
     <ROLLNAME>S_DISTID</ROLLNAME>
     <ADMINFIELD>0</ADMINFIELD>
     <SHLPORIGIN>D</SHLPORIGIN>
     <COMPTYPE>E</COMPTYPE>
    </DD03P>
    <DD03P>
     <TABNAME>ZSDYN_CONN</TABNAME>
     <FIELDNAME>FLTYPE</FIELDNAME>
     <POSITION>0015</POSITION>
     <ROLLNAME>S_FLTYPE</ROLLNAME>
     <ADMINFIELD>0</ADMINFIELD>
     <VALEXI>X</VALEXI>
     <SHLPORIGIN>F</SHLPORIGIN>
     <COMPTYPE>E</COMPTYPE>
    </DD03P>
    <DD03P>
     <TABNAME>ZSDYN_CONN</TABNAME>
     <FIELDNAME>FLDATE</FIELDNAME>
     <POSITION>0016</POSITION>
     <KEYFLAG>X</KEYFLAG>
     <ROLLNAME>S_DATE</ROLLNAME>
     <ADMINFIELD>0</ADMINFIELD>
     <NOTNULL>X</NOTNULL>
     <SHLPORIGIN>T</SHLPORIGIN>
     <COMPTYPE>E</COMPTYPE>
    </DD03P>
    <DD03P>
     <TABNAME>ZSDYN_CONN</TABNAME>
     <FIELDNAME>PRICE</FIELDNAME>
     <POSITION>0017</POSITION>
     <ROLLNAME>S_PRICE</ROLLNAME>
     <ADMINFIELD>0</ADMINFIELD>
     <REFTABLE>ZSDYN_CONN</REFTABLE>
     <REFFIELD>CURRENCY</REFFIELD>
     <NOTNULL>X</NOTNULL>
     <COMPTYPE>E</COMPTYPE>
    </DD03P>
    <DD03P>
     <TABNAME>ZSDYN_CONN</TABNAME>
     <FIELDNAME>CURRENCY</FIELDNAME>
     <POSITION>0018</POSITION>
     <ROLLNAME>S_CURRCODE</ROLLNAME>
     <CHECKTABLE>SCURX</CHECKTABLE>
     <ADMINFIELD>0</ADMINFIELD>
     <NOTNULL>X</NOTNULL>
     <SHLPORIGIN>P</SHLPORIGIN>
     <COMPTYPE>E</COMPTYPE>
    </DD03P>
    <DD03P>
     <TABNAME>ZSDYN_CONN</TABNAME>
     <FIELDNAME>PLANETYPE</FIELDNAME>
     <POSITION>0019</POSITION>
     <ROLLNAME>S_PLANETYE</ROLLNAME>
     <CHECKTABLE>SAPLANE</CHECKTABLE>
     <ADMINFIELD>0</ADMINFIELD>
     <NOTNULL>X</NOTNULL>
     <SHLPORIGIN>P</SHLPORIGIN>
     <COMPTYPE>E</COMPTYPE>
    </DD03P>
    <DD03P>
     <TABNAME>ZSDYN_CONN</TABNAME>
     <FIELDNAME>SEATSMAX</FIELDNAME>
     <POSITION>0020</POSITION>
     <ROLLNAME>S_SEATSMAX</ROLLNAME>
     <ADMINFIELD>0</ADMINFIELD>
     <NOTNULL>X</NOTNULL>
     <VALEXI>X</VALEXI>
     <SHLPORIGIN>F</SHLPORIGIN>
     <COMPTYPE>E</COMPTYPE>
    </DD03P>
    <DD03P>
     <TABNAME>ZSDYN_CONN</TABNAME>
     <FIELDNAME>SEATSOCC</FIELDNAME>
     <POSITION>0021</POSITION>
     <ROLLNAME>S_SEATSOCC</ROLLNAME>
     <ADMINFIELD>0</ADMINFIELD>
     <NOTNULL>X</NOTNULL>
     <VALEXI>X</VALEXI>
     <SHLPORIGIN>F</SHLPORIGIN>
     <COMPTYPE>E</COMPTYPE>
    </DD03P>
    <DD03P>
     <TABNAME>ZSDYN_CONN</TABNAME>
     <FIELDNAME>PAYMENTSUM</FIELDNAME>
     <POSITION>0022</POSITION>
     <ROLLNAME>S_SUM</ROLLNAME>
     <ADMINFIELD>0</ADMINFIELD>
     <REFTABLE>ZSDYN_CONN</REFTABLE>
     <REFFIELD>CURRENCY</REFFIELD>
     <NOTNULL>X</NOTNULL>
     <COMPTYPE>E</COMPTYPE>
    </DD03P>
    <DD03P>
     <TABNAME>ZSDYN_CONN</TABNAME>
     <FIELDNAME>CARRNAME</FIELDNAME>
     <POSITION>0023</POSITION>
     <ROLLNAME>S_CARRNAME</ROLLNAME>
     <ADMINFIELD>0</ADMINFIELD>
     <COMPTYPE>E</COMPTYPE>
    </DD03P>
    <DD03P>
     <TABNAME>ZSDYN_CONN</TABNAME>
     <FIELDNAME>MARK</FIELDNAME>
     <POSITION>0024</POSITION>
     <ROLLNAME>S_MARK</ROLLNAME>
     <ADMINFIELD>0</ADMINFIELD>
     <VALEXI>X</VALEXI>
     <SHLPORIGIN>F</SHLPORIGIN>
     <COMPTYPE>E</COMPTYPE>
    </DD03P>
   </DD03P_TABLE>
   <DD05M_TABLE>
    <DD05M>
     <TABNAME>ZSDYN_CONN</TABNAME>
     <FIELDNAME>CARRID</FIELDNAME>
     <FORTABLE>ZSDYN_CONN</FORTABLE>
     <FORKEY>MANDT</FORKEY>
     <CHECKTABLE>SCARR</CHECKTABLE>
     <CHECKFIELD>MANDT</CHECKFIELD>
     <PRIMPOS>0001</PRIMPOS>
     <DOMNAME>MANDT</DOMNAME>
     <DATATYPE>CLNT</DATATYPE>
     <LENG>000003</LENG>
    </DD05M>
    <DD05M>
     <TABNAME>ZSDYN_CONN</TABNAME>
     <FIELDNAME>CARRID</FIELDNAME>
     <FORTABLE>ZSDYN_CONN</FORTABLE>
     <FORKEY>CARRID</FORKEY>
     <CHECKTABLE>SCARR</CHECKTABLE>
     <CHECKFIELD>CARRID</CHECKFIELD>
     <PRIMPOS>0002</PRIMPOS>
     <DOMNAME>S_CARR_ID</DOMNAME>
     <DATATYPE>CHAR</DATATYPE>
     <LENG>000003</LENG>
    </DD05M>
    <DD05M>
     <TABNAME>ZSDYN_CONN</TABNAME>
     <FIELDNAME>CURRENCY</FIELDNAME>
     <FORTABLE>ZSDYN_CONN</FORTABLE>
     <FORKEY>CURRENCY</FORKEY>
     <CHECKTABLE>SCURX</CHECKTABLE>
     <CHECKFIELD>CURRKEY</CHECKFIELD>
     <PRIMPOS>0001</PRIMPOS>
     <DOMNAME>S_CURR</DOMNAME>
     <DATATYPE>CUKY</DATATYPE>
     <LENG>000005</LENG>
    </DD05M>
    <DD05M>
     <TABNAME>ZSDYN_CONN</TABNAME>
     <FIELDNAME>MANDT</FIELDNAME>
     <FORTABLE>ZSDYN_CONN</FORTABLE>
     <FORKEY>MANDT</FORKEY>
     <CHECKTABLE>T000</CHECKTABLE>
     <CHECKFIELD>MANDT</CHECKFIELD>
     <PRIMPOS>0001</PRIMPOS>
     <DOMNAME>MANDT</DOMNAME>
     <DATATYPE>CLNT</DATATYPE>
     <LENG>000003</LENG>
    </DD05M>
    <DD05M>
     <TABNAME>ZSDYN_CONN</TABNAME>
     <FIELDNAME>PLANETYPE</FIELDNAME>
     <FORTABLE>ZSDYN_CONN</FORTABLE>
     <FORKEY>MANDT</FORKEY>
     <CHECKTABLE>SAPLANE</CHECKTABLE>
     <CHECKFIELD>MANDT</CHECKFIELD>
     <PRIMPOS>0001</PRIMPOS>
     <DOMNAME>MANDT</DOMNAME>
     <DATATYPE>CLNT</DATATYPE>
     <LENG>000003</LENG>
    </DD05M>
    <DD05M>
     <TABNAME>ZSDYN_CONN</TABNAME>
     <FIELDNAME>PLANETYPE</FIELDNAME>
     <FORTABLE>ZSDYN_CONN</FORTABLE>
     <FORKEY>PLANETYPE</FORKEY>
     <CHECKTABLE>SAPLANE</CHECKTABLE>
     <CHECKFIELD>PLANETYPE</CHECKFIELD>
     <PRIMPOS>0002</PRIMPOS>
     <DOMNAME>S_PLANE</DOMNAME>
     <DATATYPE>CHAR</DATATYPE>
     <LENG>000010</LENG>
    </DD05M>
   </DD05M_TABLE>
   <DD08V_TABLE>
    <DD08V>
     <TABNAME>ZSDYN_CONN</TABNAME>
     <FIELDNAME>CARRID</FIELDNAME>
     <DDLANGUAGE>D</DDLANGUAGE>
     <CHECKTABLE>SCARR</CHECKTABLE>
     <FRKART>KEY</FRKART>
    </DD08V>
    <DD08V>
     <TABNAME>ZSDYN_CONN</TABNAME>
     <FIELDNAME>CURRENCY</FIELDNAME>
     <DDLANGUAGE>D</DDLANGUAGE>
     <CHECKTABLE>SCURX</CHECKTABLE>
     <FRKART>REF</FRKART>
     <CARD>N</CARD>
     <CARDLEFT>1</CARDLEFT>
    </DD08V>
    <DD08V>
     <TABNAME>ZSDYN_CONN</TABNAME>
     <FIELDNAME>MANDT</FIELDNAME>
     <DDLANGUAGE>D</DDLANGUAGE>
     <CHECKTABLE>T000</CHECKTABLE>
     <FRKART>KEY</FRKART>
     <CARD>CN</CARD>
     <CARDLEFT>1</CARDLEFT>
    </DD08V>
    <DD08V>
     <TABNAME>ZSDYN_CONN</TABNAME>
     <FIELDNAME>PLANETYPE</FIELDNAME>
     <DDLANGUAGE>D</DDLANGUAGE>
     <CHECKTABLE>SAPLANE</CHECKTABLE>
     <FRKART>REF</FRKART>
     <CARD>CN</CARD>
     <DDTEXT>Prüfung gegen Flugzeug</DDTEXT>
     <CARDLEFT>1</CARDLEFT>
    </DD08V>
   </DD08V_TABLE>
  </asx:values>
 </asx:abap>
</abapGit>
