﻿<?xml version="1.0" encoding="utf-8"?>
<abapGit version="v1.0.0" serializer="LCL_OBJECT_DTEL" serializer_version="v1.0.0">
 <asx:abap xmlns:asx="http://www.sap.com/abapxml" version="1.0">
  <asx:values>
   <DD04V>
    <ROLLNAME>ZBC400_PERC</ROLLNAME>
    <DDLANGUAGE>D</DDLANGUAGE>
    <DOMNAME>BC400_EPARAM</DOMNAME>
    <HEADLEN>11</HEADLEN>
    <SCRLEN1>10</SCRLEN1>
    <SCRLEN2>15</SCRLEN2>
    <SCRLEN3>20</SCRLEN3>
    <DDTEXT>Ergebnis der Prozentrechnung mit 2 Nachkommastellen</DDTEXT>
    <REPTEXT>Proz</REPTEXT>
    <SCRTEXT_S>Proz</SCRTEXT_S>
    <SCRTEXT_M>Prozent</SCRTEXT_M>
    <SCRTEXT_L>Prozentwert</SCRTEXT_L>
    <DTELMASTER>D</DTELMASTER>
    <REFKIND>D</REFKIND>
   </DD04V>
   <I18N_LANGS>
    <LANGU>E</LANGU>
   </I18N_LANGS>
   <DD04_TEXTS>
    <item>
     <DDLANGUAGE>E</DDLANGUAGE>
     <DDTEXT>Result of Percentage Calculation with Two Decimal Places</DDTEXT>
     <REPTEXT>Percentage</REPTEXT>
     <SCRTEXT_S>Percentage</SCRTEXT_S>
     <SCRTEXT_M>Percentage</SCRTEXT_M>
     <SCRTEXT_L>Percentage</SCRTEXT_L>
    </item>
   </DD04_TEXTS>
  </asx:values>
 </asx:abap>
</abapGit>
