﻿<?xml version="1.0" encoding="utf-8"?>
<abapGit version="v1.0.0" serializer="LCL_OBJECT_TRAN" serializer_version="v1.0.0">
 <asx:abap xmlns:asx="http://www.sap.com/abapxml" version="1.0">
  <asx:values>
   <TSTC>
    <TCODE>ZSAPMBC400_UDS_D</TCODE>
    <PGMNA>ZSAPMBC400_UDS_D</PGMNA>
    <DYPNO>0100</DYPNO>
   </TSTC>
   <TSTCC>
    <TCODE>ZSAPMBC400_UDS_D</TCODE>
   </TSTCC>
   <TSTCT>
    <SPRSL>D</SPRSL>
    <TCODE>ZSAPMBC400_UDS_D</TCODE>
    <TTEXT>ZSAPMBC400_UDS_D</TTEXT>
   </TSTCT>
  </asx:values>
 </asx:abap>
</abapGit>
