﻿<?xml version="1.0" encoding="utf-8"?>
<abapGit version="v1.0.0" serializer="LCL_OBJECT_DTEL" serializer_version="v1.0.0">
 <asx:abap xmlns:asx="http://www.sap.com/abapxml" version="1.0">
  <asx:values>
   <DD04V>
    <ROLLNAME>ZBC400_COMPUTE_POWER</ROLLNAME>
    <DDLANGUAGE>D</DDLANGUAGE>
    <DOMNAME>BC400_IPARAM</DOMNAME>
    <HEADLEN>20</HEADLEN>
    <SCRLEN1>10</SCRLEN1>
    <SCRLEN2>20</SCRLEN2>
    <SCRLEN3>35</SCRLEN3>
    <DDTEXT>Exponent für Potenzberechnung</DDTEXT>
    <REPTEXT>Exponent</REPTEXT>
    <SCRTEXT_S>Exponent</SCRTEXT_S>
    <SCRTEXT_M>Exponent für Potenz</SCRTEXT_M>
    <SCRTEXT_L>Exponent für Potenzberechnung</SCRTEXT_L>
    <DTELMASTER>D</DTELMASTER>
    <REFKIND>D</REFKIND>
   </DD04V>
   <I18N_LANGS>
    <LANGU>E</LANGU>
   </I18N_LANGS>
   <DD04_TEXTS>
    <item>
     <DDLANGUAGE>E</DDLANGUAGE>
     <DDTEXT>Exponent for Exponent Calculation</DDTEXT>
     <REPTEXT>Exponent</REPTEXT>
     <SCRTEXT_S>Exponent</SCRTEXT_S>
     <SCRTEXT_M>Exponent for Ex.Calc</SCRTEXT_M>
     <SCRTEXT_L>Exponent for Exponent Calculation</SCRTEXT_L>
    </item>
   </DD04_TEXTS>
  </asx:values>
 </asx:abap>
</abapGit>
