﻿<?xml version="1.0" encoding="utf-8"?>
<abapGit version="v1.0.0" serializer="LCL_OBJECT_CLAS" serializer_version="v1.0.0">
 <asx:abap xmlns:asx="http://www.sap.com/abapxml" version="1.0">
  <asx:values>
   <VSEOCLASS>
    <CLSNAME>ZCL_BC400_COMPUTE_INST</CLSNAME>
    <VERSION>1</VERSION>
    <LANGU>D</LANGU>
    <DESCRIPT>Demo: globale Modularisierung - Instanz anlegen</DESCRIPT>
    <EXPOSURE>2</EXPOSURE>
    <STATE>1</STATE>
    <RELEASE>1</RELEASE>
    <CLSFINAL>X</CLSFINAL>
    <CLSCCINCL>X</CLSCCINCL>
    <FIXPT>X</FIXPT>
    <UNICODE>X</UNICODE>
   </VSEOCLASS>
   <DESCRIPTIONS>
    <SEOCOMPOTX>
     <CLSNAME>ZCL_BC400_COMPUTE_INST</CLSNAME>
     <CMPNAME>CONSTRUCTOR</CMPNAME>
     <LANGU>D</LANGU>
     <DESCRIPT>CONSTRUCTOR</DESCRIPT>
    </SEOCOMPOTX>
    <SEOCOMPOTX>
     <CLSNAME>ZCL_BC400_COMPUTE_INST</CLSNAME>
     <CMPNAME>GET_DIFFERENCE</CMPNAME>
     <LANGU>D</LANGU>
     <DESCRIPT>Ergebnis einer Berechnung anhand eines angegebenen Operators</DESCRIPT>
    </SEOCOMPOTX>
    <SEOCOMPOTX>
     <CLSNAME>ZCL_BC400_COMPUTE_INST</CLSNAME>
     <CMPNAME>GET_PRODUCT</CMPNAME>
     <LANGU>D</LANGU>
     <DESCRIPT>Ergebnis einer Berechnung anhand eines angegebenen Operators</DESCRIPT>
    </SEOCOMPOTX>
    <SEOCOMPOTX>
     <CLSNAME>ZCL_BC400_COMPUTE_INST</CLSNAME>
     <CMPNAME>GET_RATIO</CMPNAME>
     <LANGU>D</LANGU>
     <DESCRIPT>Ergebnis einer Berechnung anhand eines angegebenen Operators</DESCRIPT>
    </SEOCOMPOTX>
    <SEOCOMPOTX>
     <CLSNAME>ZCL_BC400_COMPUTE_INST</CLSNAME>
     <CMPNAME>GET_SUM</CMPNAME>
     <LANGU>D</LANGU>
     <DESCRIPT>Ergebnis einer Berechnung anhand eines angegebenen Operators</DESCRIPT>
    </SEOCOMPOTX>
    <SEOCOMPOTX>
     <CLSNAME>ZCL_BC400_COMPUTE_INST</CLSNAME>
     <CMPNAME>MV_VALUE1</CMPNAME>
     <LANGU>D</LANGU>
     <DESCRIPT>Einfacher Parameterwert ganzzahlig</DESCRIPT>
    </SEOCOMPOTX>
    <SEOCOMPOTX>
     <CLSNAME>ZCL_BC400_COMPUTE_INST</CLSNAME>
     <CMPNAME>MV_VALUE2</CMPNAME>
     <LANGU>D</LANGU>
     <DESCRIPT>Einfacher Parameterwert ganzzahlig</DESCRIPT>
    </SEOCOMPOTX>
   </DESCRIPTIONS>
  </asx:values>
 </asx:abap>
</abapGit>
