﻿<?xml version="1.0" encoding="utf-8"?>
<abapGit version="v1.0.0" serializer="LCL_OBJECT_TABL" serializer_version="v1.0.0">
 <asx:abap xmlns:asx="http://www.sap.com/abapxml" version="1.0">
  <asx:values>
   <DD02V>
    <TABNAME>ZBC402_S_CUSTOMER</TABNAME>
    <DDLANGUAGE>D</DDLANGUAGE>
    <TABCLASS>INTTAB</TABCLASS>
    <DDTEXT>Flugkunde</DDTEXT>
    <EXCLASS>4</EXCLASS>
   </DD02V>
   <DD03P_TABLE>
    <DD03P>
     <TABNAME>ZBC402_S_CUSTOMER</TABNAME>
     <FIELDNAME>ID</FIELDNAME>
     <POSITION>0001</POSITION>
     <KEYFLAG>X</KEYFLAG>
     <ROLLNAME>S_CUSTOMER</ROLLNAME>
     <ADMINFIELD>0</ADMINFIELD>
     <NOTNULL>X</NOTNULL>
     <SHLPORIGIN>X</SHLPORIGIN>
     <COMPTYPE>E</COMPTYPE>
    </DD03P>
    <DD03P>
     <TABNAME>ZBC402_S_CUSTOMER</TABNAME>
     <FIELDNAME>NAME</FIELDNAME>
     <POSITION>0002</POSITION>
     <ROLLNAME>S_CUSTNAME</ROLLNAME>
     <ADMINFIELD>0</ADMINFIELD>
     <NOTNULL>X</NOTNULL>
     <SHLPORIGIN>X</SHLPORIGIN>
     <COMPTYPE>E</COMPTYPE>
    </DD03P>
    <DD03P>
     <TABNAME>ZBC402_S_CUSTOMER</TABNAME>
     <FIELDNAME>FORM</FIELDNAME>
     <POSITION>0003</POSITION>
     <ROLLNAME>S_FORM</ROLLNAME>
     <ADMINFIELD>0</ADMINFIELD>
     <NOTNULL>X</NOTNULL>
     <COMPTYPE>E</COMPTYPE>
    </DD03P>
    <DD03P>
     <TABNAME>ZBC402_S_CUSTOMER</TABNAME>
     <FIELDNAME>STREET</FIELDNAME>
     <POSITION>0004</POSITION>
     <ROLLNAME>S_STREET</ROLLNAME>
     <ADMINFIELD>0</ADMINFIELD>
     <NOTNULL>X</NOTNULL>
     <COMPTYPE>E</COMPTYPE>
    </DD03P>
    <DD03P>
     <TABNAME>ZBC402_S_CUSTOMER</TABNAME>
     <FIELDNAME>POSTBOX</FIELDNAME>
     <POSITION>0005</POSITION>
     <ROLLNAME>S_POSTBOX</ROLLNAME>
     <ADMINFIELD>0</ADMINFIELD>
     <NOTNULL>X</NOTNULL>
     <COMPTYPE>E</COMPTYPE>
    </DD03P>
    <DD03P>
     <TABNAME>ZBC402_S_CUSTOMER</TABNAME>
     <FIELDNAME>POSTCODE</FIELDNAME>
     <POSITION>0006</POSITION>
     <ROLLNAME>POSTCODE</ROLLNAME>
     <ADMINFIELD>0</ADMINFIELD>
     <NOTNULL>X</NOTNULL>
     <COMPTYPE>E</COMPTYPE>
    </DD03P>
    <DD03P>
     <TABNAME>ZBC402_S_CUSTOMER</TABNAME>
     <FIELDNAME>CITY</FIELDNAME>
     <POSITION>0007</POSITION>
     <ROLLNAME>CITY</ROLLNAME>
     <ADMINFIELD>0</ADMINFIELD>
     <NOTNULL>X</NOTNULL>
     <SHLPORIGIN>X</SHLPORIGIN>
     <COMPTYPE>E</COMPTYPE>
    </DD03P>
    <DD03P>
     <TABNAME>ZBC402_S_CUSTOMER</TABNAME>
     <FIELDNAME>COUNTRY</FIELDNAME>
     <POSITION>0008</POSITION>
     <ROLLNAME>S_COUNTRY</ROLLNAME>
     <ADMINFIELD>0</ADMINFIELD>
     <NOTNULL>X</NOTNULL>
     <COMPTYPE>E</COMPTYPE>
    </DD03P>
   </DD03P_TABLE>
   <DD35V_TALE>
    <DD35V>
     <TABNAME>ZBC402_S_CUSTOMER</TABNAME>
     <FIELDNAME>CITY</FIELDNAME>
     <SHLPNAME>SCUSTOM_NAME</SHLPNAME>
    </DD35V>
    <DD35V>
     <TABNAME>ZBC402_S_CUSTOMER</TABNAME>
     <FIELDNAME>ID</FIELDNAME>
     <SHLPNAME>SCUSTOM_NAME</SHLPNAME>
    </DD35V>
    <DD35V>
     <TABNAME>ZBC402_S_CUSTOMER</TABNAME>
     <FIELDNAME>NAME</FIELDNAME>
     <SHLPNAME>SCUSTOM_NAME</SHLPNAME>
    </DD35V>
   </DD35V_TALE>
   <DD36M>
    <DD36M>
     <TABNAME>ZBC402_S_CUSTOMER</TABNAME>
     <FIELDNAME>CITY</FIELDNAME>
     <SHLPNAME>SCUSTOM_NAME</SHLPNAME>
     <SHLPFIELD>CITY</SHLPFIELD>
     <FLPOSITION>0004</FLPOSITION>
     <SHTABLE>ZBC402_S_CUSTOMER</SHTABLE>
     <SHFIELD>CITY</SHFIELD>
     <SHLPOUTPUT>X</SHLPOUTPUT>
     <ROLLNAME>CITY</ROLLNAME>
     <DOMNAME>CITY</DOMNAME>
     <DATATYPE>CHAR</DATATYPE>
     <LENG>000025</LENG>
    </DD36M>
    <DD36M>
     <TABNAME>ZBC402_S_CUSTOMER</TABNAME>
     <FIELDNAME>CITY</FIELDNAME>
     <SHLPNAME>SCUSTOM_NAME</SHLPNAME>
     <SHLPFIELD>COUNTRY</SHLPFIELD>
     <FLPOSITION>0005</FLPOSITION>
     <SHTABLE>ZBC402_S_CUSTOMER</SHTABLE>
     <SHFIELD>COUNTRY</SHFIELD>
     <SHLPOUTPUT>X</SHLPOUTPUT>
     <ROLLNAME>S_COUNTRY</ROLLNAME>
     <DOMNAME>S_COUNTRY</DOMNAME>
     <DATATYPE>CHAR</DATATYPE>
     <LENG>000003</LENG>
     <DEFAULTVAL>LND</DEFAULTVAL>
     <DEFAULTTYP>G</DEFAULTTYP>
    </DD36M>
    <DD36M>
     <TABNAME>ZBC402_S_CUSTOMER</TABNAME>
     <FIELDNAME>CITY</FIELDNAME>
     <SHLPNAME>SCUSTOM_NAME</SHLPNAME>
     <SHLPFIELD>FORM</SHLPFIELD>
     <FLPOSITION>0002</FLPOSITION>
     <SHTABLE>ZBC402_S_CUSTOMER</SHTABLE>
     <SHFIELD>FORM</SHFIELD>
     <SHLPOUTPUT>X</SHLPOUTPUT>
     <ROLLNAME>S_FORM</ROLLNAME>
     <DOMNAME>S_TEXT15</DOMNAME>
     <DATATYPE>CHAR</DATATYPE>
     <LENG>000015</LENG>
    </DD36M>
    <DD36M>
     <TABNAME>ZBC402_S_CUSTOMER</TABNAME>
     <FIELDNAME>CITY</FIELDNAME>
     <SHLPNAME>SCUSTOM_NAME</SHLPNAME>
     <SHLPFIELD>ID</SHLPFIELD>
     <FLPOSITION>0001</FLPOSITION>
     <SHTABLE>ZBC402_S_CUSTOMER</SHTABLE>
     <SHFIELD>ID</SHFIELD>
     <SHLPOUTPUT>X</SHLPOUTPUT>
     <ROLLNAME>S_CUSTOMER</ROLLNAME>
     <DOMNAME>S_BUSPANUM</DOMNAME>
     <DATATYPE>NUMC</DATATYPE>
     <LENG>000008</LENG>
    </DD36M>
    <DD36M>
     <TABNAME>ZBC402_S_CUSTOMER</TABNAME>
     <FIELDNAME>CITY</FIELDNAME>
     <SHLPNAME>SCUSTOM_NAME</SHLPNAME>
     <SHLPFIELD>NAME</SHLPFIELD>
     <FLPOSITION>0003</FLPOSITION>
     <SHTABLE>ZBC402_S_CUSTOMER</SHTABLE>
     <SHFIELD>NAME</SHFIELD>
     <SHLPOUTPUT>X</SHLPOUTPUT>
     <ROLLNAME>S_CUSTNAME</ROLLNAME>
     <DOMNAME>S_CUSTNAME</DOMNAME>
     <DATATYPE>CHAR</DATATYPE>
     <LENG>000025</LENG>
    </DD36M>
    <DD36M>
     <TABNAME>ZBC402_S_CUSTOMER</TABNAME>
     <FIELDNAME>ID</FIELDNAME>
     <SHLPNAME>SCUSTOM_NAME</SHLPNAME>
     <SHLPFIELD>CITY</SHLPFIELD>
     <FLPOSITION>0004</FLPOSITION>
     <SHTABLE>ZBC402_S_CUSTOMER</SHTABLE>
     <SHFIELD>CITY</SHFIELD>
     <SHLPOUTPUT>X</SHLPOUTPUT>
     <ROLLNAME>CITY</ROLLNAME>
     <DOMNAME>CITY</DOMNAME>
     <DATATYPE>CHAR</DATATYPE>
     <LENG>000025</LENG>
    </DD36M>
    <DD36M>
     <TABNAME>ZBC402_S_CUSTOMER</TABNAME>
     <FIELDNAME>ID</FIELDNAME>
     <SHLPNAME>SCUSTOM_NAME</SHLPNAME>
     <SHLPFIELD>COUNTRY</SHLPFIELD>
     <FLPOSITION>0005</FLPOSITION>
     <SHTABLE>ZBC402_S_CUSTOMER</SHTABLE>
     <SHFIELD>COUNTRY</SHFIELD>
     <SHLPOUTPUT>X</SHLPOUTPUT>
     <ROLLNAME>S_COUNTRY</ROLLNAME>
     <DOMNAME>S_COUNTRY</DOMNAME>
     <DATATYPE>CHAR</DATATYPE>
     <LENG>000003</LENG>
     <DEFAULTVAL>LND</DEFAULTVAL>
     <DEFAULTTYP>G</DEFAULTTYP>
    </DD36M>
    <DD36M>
     <TABNAME>ZBC402_S_CUSTOMER</TABNAME>
     <FIELDNAME>ID</FIELDNAME>
     <SHLPNAME>SCUSTOM_NAME</SHLPNAME>
     <SHLPFIELD>FORM</SHLPFIELD>
     <FLPOSITION>0002</FLPOSITION>
     <SHTABLE>ZBC402_S_CUSTOMER</SHTABLE>
     <SHFIELD>FORM</SHFIELD>
     <SHLPOUTPUT>X</SHLPOUTPUT>
     <ROLLNAME>S_FORM</ROLLNAME>
     <DOMNAME>S_TEXT15</DOMNAME>
     <DATATYPE>CHAR</DATATYPE>
     <LENG>000015</LENG>
    </DD36M>
    <DD36M>
     <TABNAME>ZBC402_S_CUSTOMER</TABNAME>
     <FIELDNAME>ID</FIELDNAME>
     <SHLPNAME>SCUSTOM_NAME</SHLPNAME>
     <SHLPFIELD>ID</SHLPFIELD>
     <FLPOSITION>0001</FLPOSITION>
     <SHTABLE>ZBC402_S_CUSTOMER</SHTABLE>
     <SHFIELD>ID</SHFIELD>
     <SHLPOUTPUT>X</SHLPOUTPUT>
     <ROLLNAME>S_CUSTOMER</ROLLNAME>
     <DOMNAME>S_BUSPANUM</DOMNAME>
     <DATATYPE>NUMC</DATATYPE>
     <LENG>000008</LENG>
    </DD36M>
    <DD36M>
     <TABNAME>ZBC402_S_CUSTOMER</TABNAME>
     <FIELDNAME>ID</FIELDNAME>
     <SHLPNAME>SCUSTOM_NAME</SHLPNAME>
     <SHLPFIELD>NAME</SHLPFIELD>
     <FLPOSITION>0003</FLPOSITION>
     <SHTABLE>ZBC402_S_CUSTOMER</SHTABLE>
     <SHFIELD>NAME</SHFIELD>
     <SHLPOUTPUT>X</SHLPOUTPUT>
     <ROLLNAME>S_CUSTNAME</ROLLNAME>
     <DOMNAME>S_CUSTNAME</DOMNAME>
     <DATATYPE>CHAR</DATATYPE>
     <LENG>000025</LENG>
    </DD36M>
    <DD36M>
     <TABNAME>ZBC402_S_CUSTOMER</TABNAME>
     <FIELDNAME>NAME</FIELDNAME>
     <SHLPNAME>SCUSTOM_NAME</SHLPNAME>
     <SHLPFIELD>CITY</SHLPFIELD>
     <FLPOSITION>0004</FLPOSITION>
     <SHTABLE>ZBC402_S_CUSTOMER</SHTABLE>
     <SHFIELD>CITY</SHFIELD>
     <SHLPOUTPUT>X</SHLPOUTPUT>
     <ROLLNAME>CITY</ROLLNAME>
     <DOMNAME>CITY</DOMNAME>
     <DATATYPE>CHAR</DATATYPE>
     <LENG>000025</LENG>
    </DD36M>
    <DD36M>
     <TABNAME>ZBC402_S_CUSTOMER</TABNAME>
     <FIELDNAME>NAME</FIELDNAME>
     <SHLPNAME>SCUSTOM_NAME</SHLPNAME>
     <SHLPFIELD>COUNTRY</SHLPFIELD>
     <FLPOSITION>0005</FLPOSITION>
     <SHTABLE>ZBC402_S_CUSTOMER</SHTABLE>
     <SHFIELD>COUNTRY</SHFIELD>
     <SHLPOUTPUT>X</SHLPOUTPUT>
     <ROLLNAME>S_COUNTRY</ROLLNAME>
     <DOMNAME>S_COUNTRY</DOMNAME>
     <DATATYPE>CHAR</DATATYPE>
     <LENG>000003</LENG>
     <DEFAULTVAL>LND</DEFAULTVAL>
     <DEFAULTTYP>G</DEFAULTTYP>
    </DD36M>
    <DD36M>
     <TABNAME>ZBC402_S_CUSTOMER</TABNAME>
     <FIELDNAME>NAME</FIELDNAME>
     <SHLPNAME>SCUSTOM_NAME</SHLPNAME>
     <SHLPFIELD>FORM</SHLPFIELD>
     <FLPOSITION>0002</FLPOSITION>
     <SHTABLE>ZBC402_S_CUSTOMER</SHTABLE>
     <SHFIELD>FORM</SHFIELD>
     <SHLPOUTPUT>X</SHLPOUTPUT>
     <ROLLNAME>S_FORM</ROLLNAME>
     <DOMNAME>S_TEXT15</DOMNAME>
     <DATATYPE>CHAR</DATATYPE>
     <LENG>000015</LENG>
    </DD36M>
    <DD36M>
     <TABNAME>ZBC402_S_CUSTOMER</TABNAME>
     <FIELDNAME>NAME</FIELDNAME>
     <SHLPNAME>SCUSTOM_NAME</SHLPNAME>
     <SHLPFIELD>ID</SHLPFIELD>
     <FLPOSITION>0001</FLPOSITION>
     <SHTABLE>ZBC402_S_CUSTOMER</SHTABLE>
     <SHFIELD>ID</SHFIELD>
     <SHLPOUTPUT>X</SHLPOUTPUT>
     <ROLLNAME>S_CUSTOMER</ROLLNAME>
     <DOMNAME>S_BUSPANUM</DOMNAME>
     <DATATYPE>NUMC</DATATYPE>
     <LENG>000008</LENG>
    </DD36M>
    <DD36M>
     <TABNAME>ZBC402_S_CUSTOMER</TABNAME>
     <FIELDNAME>NAME</FIELDNAME>
     <SHLPNAME>SCUSTOM_NAME</SHLPNAME>
     <SHLPFIELD>NAME</SHLPFIELD>
     <FLPOSITION>0003</FLPOSITION>
     <SHTABLE>ZBC402_S_CUSTOMER</SHTABLE>
     <SHFIELD>NAME</SHFIELD>
     <SHLPOUTPUT>X</SHLPOUTPUT>
     <ROLLNAME>S_CUSTNAME</ROLLNAME>
     <DOMNAME>S_CUSTNAME</DOMNAME>
     <DATATYPE>CHAR</DATATYPE>
     <LENG>000025</LENG>
    </DD36M>
   </DD36M>
  </asx:values>
 </asx:abap>
</abapGit>
