﻿<?xml version="1.0" encoding="utf-8"?>
<abapGit version="v1.0.0" serializer="LCL_OBJECT_MSAG" serializer_version="v1.0.0">
 <asx:abap xmlns:asx="http://www.sap.com/abapxml" version="1.0">
  <asx:values>
   <T100A>
    <ARBGB>ZBC402</ARBGB>
    <MASTERLANG>D</MASTERLANG>
    <STEXT>Schulung: BC402 - Advanced ABAP</STEXT>
   </T100A>
   <T100>
    <T100>
     <SPRSL>D</SPRSL>
     <ARBGB>ZBC402</ARBGB>
     <MSGNR>000</MSGNR>
     <TEXT>&amp; &amp; &amp; &amp;</TEXT>
    </T100>
    <T100>
     <SPRSL>D</SPRSL>
     <ARBGB>ZBC402</ARBGB>
     <MSGNR>010</MSGNR>
     <TEXT>Fluggesellschaft &amp;1 existiert nicht</TEXT>
    </T100>
    <T100>
     <SPRSL>D</SPRSL>
     <ARBGB>ZBC402</ARBGB>
     <MSGNR>015</MSGNR>
     <TEXT>Kunde Nr. &amp;1 erfolgreich angelegt</TEXT>
    </T100>
    <T100>
     <SPRSL>D</SPRSL>
     <ARBGB>ZBC402</ARBGB>
     <MSGNR>020</MSGNR>
     <TEXT>Fehler beim dynamische Aufruf</TEXT>
    </T100>
    <T100>
     <SPRSL>D</SPRSL>
     <ARBGB>ZBC402</ARBGB>
     <MSGNR>021</MSGNR>
     <TEXT>Wählen Sie eine oder mehrere Komponenten aus (gedrückte Strg-Taste)</TEXT>
    </T100>
    <T100>
     <SPRSL>D</SPRSL>
     <ARBGB>ZBC402</ARBGB>
     <MSGNR>024</MSGNR>
    </T100>
    <T100>
     <SPRSL>D</SPRSL>
     <ARBGB>ZBC402</ARBGB>
     <MSGNR>025</MSGNR>
     <TEXT>Das Ereignis &amp; wurde ausgelöst.</TEXT>
    </T100>
    <T100>
     <SPRSL>D</SPRSL>
     <ARBGB>ZBC402</ARBGB>
     <MSGNR>028</MSGNR>
    </T100>
    <T100>
     <SPRSL>D</SPRSL>
     <ARBGB>ZBC402</ARBGB>
     <MSGNR>029</MSGNR>
    </T100>
    <T100>
     <SPRSL>D</SPRSL>
     <ARBGB>ZBC402</ARBGB>
     <MSGNR>030</MSGNR>
     <TEXT>Ungültiger Stichtag</TEXT>
    </T100>
    <T100>
     <SPRSL>D</SPRSL>
     <ARBGB>ZBC402</ARBGB>
     <MSGNR>031</MSGNR>
     <TEXT>Fehler beim Anlegen des Containers</TEXT>
    </T100>
    <T100>
     <SPRSL>D</SPRSL>
     <ARBGB>ZBC402</ARBGB>
     <MSGNR>032</MSGNR>
     <TEXT>Fehler beim Anlegen des ALV Controls</TEXT>
    </T100>
    <T100>
     <SPRSL>D</SPRSL>
     <ARBGB>ZBC402</ARBGB>
     <MSGNR>033</MSGNR>
     <TEXT>Fehlerhafter Methodenaufruf</TEXT>
    </T100>
    <T100>
     <SPRSL>D</SPRSL>
     <ARBGB>ZBC402</ARBGB>
     <MSGNR>034</MSGNR>
    </T100>
    <T100>
     <SPRSL>D</SPRSL>
     <ARBGB>ZBC402</ARBGB>
     <MSGNR>038</MSGNR>
     <TEXT>Zu dieser Selektion existieren keine Daten (Bitte Neueingabe)</TEXT>
    </T100>
    <T100>
     <SPRSL>D</SPRSL>
     <ARBGB>ZBC402</ARBGB>
     <MSGNR>040</MSGNR>
     <TEXT>Trennzeichen kommt in der Zeichenkette nicht vor.</TEXT>
    </T100>
    <T100>
     <SPRSL>D</SPRSL>
     <ARBGB>ZBC402</ARBGB>
     <MSGNR>041</MSGNR>
     <TEXT>Haben Sie sich die Eingabe gut überlegt?</TEXT>
    </T100>
    <T100>
     <SPRSL>D</SPRSL>
     <ARBGB>ZBC402</ARBGB>
     <MSGNR>042</MSGNR>
    </T100>
    <T100>
     <SPRSL>D</SPRSL>
     <ARBGB>ZBC402</ARBGB>
     <MSGNR>043</MSGNR>
    </T100>
    <T100>
     <SPRSL>D</SPRSL>
     <ARBGB>ZBC402</ARBGB>
     <MSGNR>050</MSGNR>
     <TEXT>Der Typ &amp;1 existiert nicht</TEXT>
    </T100>
    <T100>
     <SPRSL>D</SPRSL>
     <ARBGB>ZBC402</ARBGB>
     <MSGNR>051</MSGNR>
     <TEXT>Der Typ &amp;1 ist kein Strukturtyp</TEXT>
    </T100>
    <T100>
     <SPRSL>D</SPRSL>
     <ARBGB>ZBC402</ARBGB>
     <MSGNR>052</MSGNR>
     <TEXT>Der Typ &amp;1 ist kein Typ aus dem ABAP Dictionary</TEXT>
    </T100>
    <T100>
     <SPRSL>D</SPRSL>
     <ARBGB>ZBC402</ARBGB>
     <MSGNR>053</MSGNR>
     <TEXT>Der Typ &amp;1 enthält eine nicht-elementare Komponente</TEXT>
    </T100>
    <T100>
     <SPRSL>D</SPRSL>
     <ARBGB>ZBC402</ARBGB>
     <MSGNR>060</MSGNR>
     <TEXT>Fehler beim dynamischen Methodenaufruf</TEXT>
    </T100>
    <T100>
     <SPRSL>D</SPRSL>
     <ARBGB>ZBC402</ARBGB>
     <MSGNR>061</MSGNR>
     <TEXT>Fehler beim dynamischen Datenbankzugriff</TEXT>
    </T100>
    <T100>
     <SPRSL>D</SPRSL>
     <ARBGB>ZBC402</ARBGB>
     <MSGNR>063</MSGNR>
    </T100>
    <T100>
     <SPRSL>D</SPRSL>
     <ARBGB>ZBC402</ARBGB>
     <MSGNR>064</MSGNR>
    </T100>
    <T100>
     <SPRSL>D</SPRSL>
     <ARBGB>ZBC402</ARBGB>
     <MSGNR>065</MSGNR>
    </T100>
    <T100>
     <SPRSL>D</SPRSL>
     <ARBGB>ZBC402</ARBGB>
     <MSGNR>066</MSGNR>
     <TEXT>Die max. Belegung ist für den ausgewählten Flugzeugtyp nicht gepflegt.</TEXT>
    </T100>
    <T100>
     <SPRSL>D</SPRSL>
     <ARBGB>ZBC402</ARBGB>
     <MSGNR>070</MSGNR>
     <TEXT>Nummernvorrat hat kritische Marke unterschritten.</TEXT>
    </T100>
    <T100>
     <SPRSL>D</SPRSL>
     <ARBGB>ZBC402</ARBGB>
     <MSGNR>071</MSGNR>
     <TEXT>letzte Nummer wurde gezogen</TEXT>
    </T100>
    <T100>
     <SPRSL>D</SPRSL>
     <ARBGB>ZBC402</ARBGB>
     <MSGNR>072</MSGNR>
     <TEXT>keine freie Nummer mehr verfügbar</TEXT>
    </T100>
    <T100>
     <SPRSL>D</SPRSL>
     <ARBGB>ZBC402</ARBGB>
     <MSGNR>073</MSGNR>
     <TEXT>interner Fehler bei Nummernvergabe (sy-subrc = &amp;1)</TEXT>
    </T100>
    <T100>
     <SPRSL>D</SPRSL>
     <ARBGB>ZBC402</ARBGB>
     <MSGNR>090</MSGNR>
     <TEXT>Datensatz wird zur Zeit bearbeitet</TEXT>
    </T100>
    <T100>
     <SPRSL>D</SPRSL>
     <ARBGB>ZBC402</ARBGB>
     <MSGNR>093</MSGNR>
     <TEXT>Sperranforderung nicht erfolgreich (sy-subc = &amp;1)</TEXT>
    </T100>
    <T100>
     <SPRSL>D</SPRSL>
     <ARBGB>ZBC402</ARBGB>
     <MSGNR>096</MSGNR>
     <TEXT>Die Daten konnten nicht gesichert werden! (sy-subrc = &amp;1)</TEXT>
    </T100>
    <T100>
     <SPRSL>D</SPRSL>
     <ARBGB>ZBC402</ARBGB>
     <MSGNR>098</MSGNR>
    </T100>
    <T100>
     <SPRSL>D</SPRSL>
     <ARBGB>ZBC402</ARBGB>
     <MSGNR>099</MSGNR>
     <TEXT>Keine freien Plätze mehr vorhanden</TEXT>
    </T100>
    <T100>
     <SPRSL>D</SPRSL>
     <ARBGB>ZBC402</ARBGB>
     <MSGNR>100</MSGNR>
     <TEXT>Klappstuhl mitbringen!</TEXT>
    </T100>
    <T100>
     <SPRSL>D</SPRSL>
     <ARBGB>ZBC402</ARBGB>
     <MSGNR>101</MSGNR>
    </T100>
    <T100>
     <SPRSL>D</SPRSL>
     <ARBGB>ZBC402</ARBGB>
     <MSGNR>102</MSGNR>
    </T100>
    <T100>
     <SPRSL>D</SPRSL>
     <ARBGB>ZBC402</ARBGB>
     <MSGNR>103</MSGNR>
    </T100>
    <T100>
     <SPRSL>D</SPRSL>
     <ARBGB>ZBC402</ARBGB>
     <MSGNR>105</MSGNR>
    </T100>
    <T100>
     <SPRSL>D</SPRSL>
     <ARBGB>ZBC402</ARBGB>
     <MSGNR>106</MSGNR>
    </T100>
    <T100>
     <SPRSL>D</SPRSL>
     <ARBGB>ZBC402</ARBGB>
     <MSGNR>107</MSGNR>
     <TEXT>Keine Einträge zum Schlüssel &amp; &amp; gefunden</TEXT>
    </T100>
    <T100>
     <SPRSL>D</SPRSL>
     <ARBGB>ZBC402</ARBGB>
     <MSGNR>108</MSGNR>
    </T100>
    <T100>
     <SPRSL>D</SPRSL>
     <ARBGB>ZBC402</ARBGB>
     <MSGNR>151</MSGNR>
     <TEXT>Falsche Kundennummer (Tabelle SCUSTOM)</TEXT>
    </T100>
    <T100>
     <SPRSL>D</SPRSL>
     <ARBGB>ZBC402</ARBGB>
     <MSGNR>152</MSGNR>
    </T100>
    <T100>
     <SPRSL>D</SPRSL>
     <ARBGB>ZBC402</ARBGB>
     <MSGNR>153</MSGNR>
    </T100>
    <T100>
     <SPRSL>D</SPRSL>
     <ARBGB>ZBC402</ARBGB>
     <MSGNR>155</MSGNR>
    </T100>
    <T100>
     <SPRSL>D</SPRSL>
     <ARBGB>ZBC402</ARBGB>
     <MSGNR>156</MSGNR>
    </T100>
    <T100>
     <SPRSL>D</SPRSL>
     <ARBGB>ZBC402</ARBGB>
     <MSGNR>157</MSGNR>
    </T100>
    <T100>
     <SPRSL>D</SPRSL>
     <ARBGB>ZBC402</ARBGB>
     <MSGNR>158</MSGNR>
    </T100>
    <T100>
     <SPRSL>D</SPRSL>
     <ARBGB>ZBC402</ARBGB>
     <MSGNR>160</MSGNR>
    </T100>
    <T100>
     <SPRSL>D</SPRSL>
     <ARBGB>ZBC402</ARBGB>
     <MSGNR>161</MSGNR>
    </T100>
    <T100>
     <SPRSL>D</SPRSL>
     <ARBGB>ZBC402</ARBGB>
     <MSGNR>171</MSGNR>
     <TEXT>Keine passenden Verbindungen gefunden</TEXT>
    </T100>
    <T100>
     <SPRSL>D</SPRSL>
     <ARBGB>ZBC402</ARBGB>
     <MSGNR>172</MSGNR>
     <TEXT>Keine Daten zur gewählten Verbindung vorhanden</TEXT>
    </T100>
    <T100>
     <SPRSL>D</SPRSL>
     <ARBGB>ZBC402</ARBGB>
     <MSGNR>173</MSGNR>
     <TEXT>Interner Fehler: Falsche Aufrufreihenfolge</TEXT>
    </T100>
    <T100>
     <SPRSL>D</SPRSL>
     <ARBGB>ZBC402</ARBGB>
     <MSGNR>174</MSGNR>
    </T100>
    <T100>
     <SPRSL>D</SPRSL>
     <ARBGB>ZBC402</ARBGB>
     <MSGNR>175</MSGNR>
    </T100>
    <T100>
     <SPRSL>D</SPRSL>
     <ARBGB>ZBC402</ARBGB>
     <MSGNR>180</MSGNR>
    </T100>
    <T100>
     <SPRSL>D</SPRSL>
     <ARBGB>ZBC402</ARBGB>
     <MSGNR>181</MSGNR>
    </T100>
    <T100>
     <SPRSL>D</SPRSL>
     <ARBGB>ZBC402</ARBGB>
     <MSGNR>182</MSGNR>
    </T100>
    <T100>
     <SPRSL>D</SPRSL>
     <ARBGB>ZBC402</ARBGB>
     <MSGNR>183</MSGNR>
    </T100>
    <T100>
     <SPRSL>D</SPRSL>
     <ARBGB>ZBC402</ARBGB>
     <MSGNR>190</MSGNR>
    </T100>
    <T100>
     <SPRSL>D</SPRSL>
     <ARBGB>ZBC402</ARBGB>
     <MSGNR>191</MSGNR>
    </T100>
    <T100>
     <SPRSL>D</SPRSL>
     <ARBGB>ZBC402</ARBGB>
     <MSGNR>194</MSGNR>
     <TEXT>Sie haben heute schon nach &amp; Kunde(n) Ausschau gehalten.</TEXT>
    </T100>
    <T100>
     <SPRSL>D</SPRSL>
     <ARBGB>ZBC402</ARBGB>
     <MSGNR>195</MSGNR>
     <TEXT>Fragen Sie, ob der Flugzeugtyp geändert werden kann.</TEXT>
    </T100>
    <T100>
     <SPRSL>D</SPRSL>
     <ARBGB>ZBC402</ARBGB>
     <MSGNR>197</MSGNR>
     <TEXT>Beruhigen Sie den Kunden. Unternehmen Sie irgendetwas.</TEXT>
    </T100>
    <T100>
     <SPRSL>D</SPRSL>
     <ARBGB>ZBC402</ARBGB>
     <MSGNR>198</MSGNR>
     <TEXT>Die Kundennummer wird aus einem Nummernkreis gezogen!</TEXT>
    </T100>
    <T100>
     <SPRSL>D</SPRSL>
     <ARBGB>ZBC402</ARBGB>
     <MSGNR>199</MSGNR>
     <TEXT>Der jetzt angezeigte Kunde ist von der Warteliste gestrichen worden.</TEXT>
    </T100>
    <T100>
     <SPRSL>D</SPRSL>
     <ARBGB>ZBC402</ARBGB>
     <MSGNR>200</MSGNR>
     <TEXT>Die Warteliste ist leer.</TEXT>
    </T100>
    <T100>
     <SPRSL>D</SPRSL>
     <ARBGB>ZBC402</ARBGB>
     <MSGNR>201</MSGNR>
     <TEXT>Der Wartende befindet sich an Warteposition &amp;.</TEXT>
    </T100>
    <T100>
     <SPRSL>D</SPRSL>
     <ARBGB>ZBC402</ARBGB>
     <MSGNR>202</MSGNR>
     <TEXT>Dieser Kunde wartet bereits.</TEXT>
    </T100>
    <T100>
     <SPRSL>D</SPRSL>
     <ARBGB>ZBC402</ARBGB>
     <MSGNR>203</MSGNR>
     <TEXT>Dieser Kunde wartet gar nicht.</TEXT>
    </T100>
    <T100>
     <SPRSL>D</SPRSL>
     <ARBGB>ZBC402</ARBGB>
     <MSGNR>204</MSGNR>
     <TEXT>Keine Anzeigeberechtigung für Fluggesellschaft &amp;1</TEXT>
    </T100>
    <T100>
     <SPRSL>D</SPRSL>
     <ARBGB>ZBC402</ARBGB>
     <MSGNR>250</MSGNR>
    </T100>
    <T100>
     <SPRSL>D</SPRSL>
     <ARBGB>ZBC402</ARBGB>
     <MSGNR>260</MSGNR>
    </T100>
    <T100>
     <SPRSL>D</SPRSL>
     <ARBGB>ZBC402</ARBGB>
     <MSGNR>301</MSGNR>
     <TEXT>Jetzt wird Dynpro in Funktionsgruppe gerufen</TEXT>
    </T100>
    <T100>
     <SPRSL>D</SPRSL>
     <ARBGB>ZBC402</ARBGB>
     <MSGNR>310</MSGNR>
     <TEXT>Keine doppelten Datensätze vorhanden.</TEXT>
    </T100>
    <T100>
     <SPRSL>D</SPRSL>
     <ARBGB>ZBC402</ARBGB>
     <MSGNR>315</MSGNR>
     <TEXT>Das Trennzeichen &amp; ist in der Zeichenkette nicht vorhanden.</TEXT>
    </T100>
    <T100>
     <SPRSL>D</SPRSL>
     <ARBGB>ZBC402</ARBGB>
     <MSGNR>317</MSGNR>
    </T100>
    <T100>
     <SPRSL>D</SPRSL>
     <ARBGB>ZBC402</ARBGB>
     <MSGNR>318</MSGNR>
    </T100>
    <T100>
     <SPRSL>D</SPRSL>
     <ARBGB>ZBC402</ARBGB>
     <MSGNR>321</MSGNR>
    </T100>
    <T100>
     <SPRSL>D</SPRSL>
     <ARBGB>ZBC402</ARBGB>
     <MSGNR>322</MSGNR>
    </T100>
    <T100>
     <SPRSL>D</SPRSL>
     <ARBGB>ZBC402</ARBGB>
     <MSGNR>331</MSGNR>
    </T100>
    <T100>
     <SPRSL>D</SPRSL>
     <ARBGB>ZBC402</ARBGB>
     <MSGNR>341</MSGNR>
    </T100>
    <T100>
     <SPRSL>D</SPRSL>
     <ARBGB>ZBC402</ARBGB>
     <MSGNR>342</MSGNR>
    </T100>
    <T100>
     <SPRSL>D</SPRSL>
     <ARBGB>ZBC402</ARBGB>
     <MSGNR>343</MSGNR>
    </T100>
    <T100>
     <SPRSL>D</SPRSL>
     <ARBGB>ZBC402</ARBGB>
     <MSGNR>344</MSGNR>
    </T100>
    <T100>
     <SPRSL>D</SPRSL>
     <ARBGB>ZBC402</ARBGB>
     <MSGNR>345</MSGNR>
    </T100>
    <T100>
     <SPRSL>D</SPRSL>
     <ARBGB>ZBC402</ARBGB>
     <MSGNR>346</MSGNR>
    </T100>
    <T100>
     <SPRSL>D</SPRSL>
     <ARBGB>ZBC402</ARBGB>
     <MSGNR>360</MSGNR>
     <TEXT>Fehler beim Export ins ABAP Memory</TEXT>
    </T100>
    <T100>
     <SPRSL>D</SPRSL>
     <ARBGB>ZBC402</ARBGB>
     <MSGNR>361</MSGNR>
     <TEXT>Fehler beim Import vom ABAP Memory</TEXT>
    </T100>
    <T100>
     <SPRSL>D</SPRSL>
     <ARBGB>ZBC402</ARBGB>
     <MSGNR>400</MSGNR>
     <TEXT>Das von Ihnen gewählte Land &amp; ist nicht in der Tabelle enthalten</TEXT>
    </T100>
    <T100>
     <SPRSL>D</SPRSL>
     <ARBGB>ZBC402</ARBGB>
     <MSGNR>401</MSGNR>
    </T100>
    <T100>
     <SPRSL>D</SPRSL>
     <ARBGB>ZBC402</ARBGB>
     <MSGNR>402</MSGNR>
    </T100>
    <T100>
     <SPRSL>D</SPRSL>
     <ARBGB>ZBC402</ARBGB>
     <MSGNR>450</MSGNR>
    </T100>
    <T100>
     <SPRSL>D</SPRSL>
     <ARBGB>ZBC402</ARBGB>
     <MSGNR>490</MSGNR>
    </T100>
    <T100>
     <SPRSL>D</SPRSL>
     <ARBGB>ZBC402</ARBGB>
     <MSGNR>500</MSGNR>
     <TEXT>Query-String hat nicht das erwartete Format</TEXT>
    </T100>
    <T100>
     <SPRSL>D</SPRSL>
     <ARBGB>ZBC402</ARBGB>
     <MSGNR>501</MSGNR>
    </T100>
    <T100>
     <SPRSL>D</SPRSL>
     <ARBGB>ZBC402</ARBGB>
     <MSGNR>502</MSGNR>
    </T100>
    <T100>
     <SPRSL>D</SPRSL>
     <ARBGB>ZBC402</ARBGB>
     <MSGNR>503</MSGNR>
    </T100>
    <T100>
     <SPRSL>D</SPRSL>
     <ARBGB>ZBC402</ARBGB>
     <MSGNR>504</MSGNR>
    </T100>
    <T100>
     <SPRSL>D</SPRSL>
     <ARBGB>ZBC402</ARBGB>
     <MSGNR>505</MSGNR>
    </T100>
    <T100>
     <SPRSL>D</SPRSL>
     <ARBGB>ZBC402</ARBGB>
     <MSGNR>506</MSGNR>
    </T100>
    <T100>
     <SPRSL>D</SPRSL>
     <ARBGB>ZBC402</ARBGB>
     <MSGNR>507</MSGNR>
    </T100>
    <T100>
     <SPRSL>D</SPRSL>
     <ARBGB>ZBC402</ARBGB>
     <MSGNR>508</MSGNR>
    </T100>
    <T100>
     <SPRSL>D</SPRSL>
     <ARBGB>ZBC402</ARBGB>
     <MSGNR>509</MSGNR>
    </T100>
    <T100>
     <SPRSL>D</SPRSL>
     <ARBGB>ZBC402</ARBGB>
     <MSGNR>510</MSGNR>
     <TEXT>Fehler in Transaktion &amp;1 ! (sy-subrc = &amp;2)</TEXT>
    </T100>
    <T100>
     <SPRSL>D</SPRSL>
     <ARBGB>ZBC402</ARBGB>
     <MSGNR>520</MSGNR>
     <TEXT>Kunde ist bereits auf diesen Flug gebucht</TEXT>
    </T100>
    <T100>
     <SPRSL>D</SPRSL>
     <ARBGB>ZBC402</ARBGB>
     <MSGNR>555</MSGNR>
     <TEXT>&amp; &amp; &amp; &amp;</TEXT>
    </T100>
    <T100>
     <SPRSL>D</SPRSL>
     <ARBGB>ZBC402</ARBGB>
     <MSGNR>601</MSGNR>
    </T100>
    <T100>
     <SPRSL>D</SPRSL>
     <ARBGB>ZBC402</ARBGB>
     <MSGNR>602</MSGNR>
    </T100>
    <T100>
     <SPRSL>D</SPRSL>
     <ARBGB>ZBC402</ARBGB>
     <MSGNR>603</MSGNR>
    </T100>
    <T100>
     <SPRSL>D</SPRSL>
     <ARBGB>ZBC402</ARBGB>
     <MSGNR>604</MSGNR>
    </T100>
    <T100>
     <SPRSL>D</SPRSL>
     <ARBGB>ZBC402</ARBGB>
     <MSGNR>605</MSGNR>
    </T100>
    <T100>
     <SPRSL>D</SPRSL>
     <ARBGB>ZBC402</ARBGB>
     <MSGNR>606</MSGNR>
    </T100>
    <T100>
     <SPRSL>D</SPRSL>
     <ARBGB>ZBC402</ARBGB>
     <MSGNR>607</MSGNR>
    </T100>
    <T100>
     <SPRSL>D</SPRSL>
     <ARBGB>ZBC402</ARBGB>
     <MSGNR>608</MSGNR>
    </T100>
    <T100>
     <SPRSL>D</SPRSL>
     <ARBGB>ZBC402</ARBGB>
     <MSGNR>609</MSGNR>
    </T100>
    <T100>
     <SPRSL>D</SPRSL>
     <ARBGB>ZBC402</ARBGB>
     <MSGNR>610</MSGNR>
     <TEXT>Es wurden &amp;1 Flugverbindungen auf der Liste ausgegeben.</TEXT>
    </T100>
    <T100>
     <SPRSL>D</SPRSL>
     <ARBGB>ZBC402</ARBGB>
     <MSGNR>611</MSGNR>
     <TEXT>Es konnten keine Daten aus dem ABAP Memory gelesen werden.</TEXT>
    </T100>
    <T100>
     <SPRSL>D</SPRSL>
     <ARBGB>ZBC402</ARBGB>
     <MSGNR>640</MSGNR>
    </T100>
    <T100>
     <SPRSL>D</SPRSL>
     <ARBGB>ZBC402</ARBGB>
     <MSGNR>650</MSGNR>
    </T100>
    <T100>
     <SPRSL>D</SPRSL>
     <ARBGB>ZBC402</ARBGB>
     <MSGNR>651</MSGNR>
    </T100>
    <T100>
     <SPRSL>D</SPRSL>
     <ARBGB>ZBC402</ARBGB>
     <MSGNR>652</MSGNR>
    </T100>
    <T100>
     <SPRSL>D</SPRSL>
     <ARBGB>ZBC402</ARBGB>
     <MSGNR>653</MSGNR>
    </T100>
    <T100>
     <SPRSL>D</SPRSL>
     <ARBGB>ZBC402</ARBGB>
     <MSGNR>654</MSGNR>
    </T100>
    <T100>
     <SPRSL>D</SPRSL>
     <ARBGB>ZBC402</ARBGB>
     <MSGNR>655</MSGNR>
    </T100>
    <T100>
     <SPRSL>D</SPRSL>
     <ARBGB>ZBC402</ARBGB>
     <MSGNR>656</MSGNR>
    </T100>
    <T100>
     <SPRSL>D</SPRSL>
     <ARBGB>ZBC402</ARBGB>
     <MSGNR>657</MSGNR>
    </T100>
    <T100>
     <SPRSL>D</SPRSL>
     <ARBGB>ZBC402</ARBGB>
     <MSGNR>658</MSGNR>
    </T100>
    <T100>
     <SPRSL>D</SPRSL>
     <ARBGB>ZBC402</ARBGB>
     <MSGNR>659</MSGNR>
    </T100>
    <T100>
     <SPRSL>D</SPRSL>
     <ARBGB>ZBC402</ARBGB>
     <MSGNR>660</MSGNR>
    </T100>
    <T100>
     <SPRSL>D</SPRSL>
     <ARBGB>ZBC402</ARBGB>
     <MSGNR>661</MSGNR>
    </T100>
    <T100>
     <SPRSL>D</SPRSL>
     <ARBGB>ZBC402</ARBGB>
     <MSGNR>701</MSGNR>
     <TEXT>Unerkannter Fehler!</TEXT>
    </T100>
    <T100>
     <SPRSL>D</SPRSL>
     <ARBGB>ZBC402</ARBGB>
     <MSGNR>800</MSGNR>
     <TEXT>Typ &amp;1 ist kein Tabellentyp</TEXT>
    </T100>
    <T100>
     <SPRSL>D</SPRSL>
     <ARBGB>ZBC402</ARBGB>
     <MSGNR>801</MSGNR>
     <TEXT>Typ &amp;1 wurde nicht gefunden</TEXT>
    </T100>
    <T100>
     <SPRSL>D</SPRSL>
     <ARBGB>ZBC402</ARBGB>
     <MSGNR>802</MSGNR>
     <TEXT>Typ &amp;1 ist kein Strukturtyp</TEXT>
    </T100>
    <T100>
     <SPRSL>D</SPRSL>
     <ARBGB>ZBC402</ARBGB>
     <MSGNR>803</MSGNR>
     <TEXT>Typ &amp;1 ist nicht aktiv im Data Dictionary vorhanden</TEXT>
    </T100>
    <T100>
     <SPRSL>D</SPRSL>
     <ARBGB>ZBC402</ARBGB>
     <MSGNR>804</MSGNR>
     <TEXT>Fehler beim Erzeugen des Strukturtyps</TEXT>
    </T100>
    <T100>
     <SPRSL>D</SPRSL>
     <ARBGB>ZBC402</ARBGB>
     <MSGNR>805</MSGNR>
     <TEXT>Fehler beim Erzeugen des Tabellentyps</TEXT>
    </T100>
    <T100>
     <SPRSL>D</SPRSL>
     <ARBGB>ZBC402</ARBGB>
     <MSGNR>806</MSGNR>
     <TEXT>&amp;1 ist keine Klasse</TEXT>
    </T100>
    <T100>
     <SPRSL>D</SPRSL>
     <ARBGB>ZBC402</ARBGB>
     <MSGNR>807</MSGNR>
    </T100>
    <T100>
     <SPRSL>D</SPRSL>
     <ARBGB>ZBC402</ARBGB>
     <MSGNR>808</MSGNR>
    </T100>
    <T100>
     <SPRSL>D</SPRSL>
     <ARBGB>ZBC402</ARBGB>
     <MSGNR>809</MSGNR>
    </T100>
    <T100>
     <SPRSL>D</SPRSL>
     <ARBGB>ZBC402</ARBGB>
     <MSGNR>810</MSGNR>
    </T100>
    <T100>
     <SPRSL>D</SPRSL>
     <ARBGB>ZBC402</ARBGB>
     <MSGNR>811</MSGNR>
    </T100>
    <T100>
     <SPRSL>D</SPRSL>
     <ARBGB>ZBC402</ARBGB>
     <MSGNR>813</MSGNR>
    </T100>
    <T100>
     <SPRSL>D</SPRSL>
     <ARBGB>ZBC402</ARBGB>
     <MSGNR>815</MSGNR>
    </T100>
    <T100>
     <SPRSL>D</SPRSL>
     <ARBGB>ZBC402</ARBGB>
     <MSGNR>841</MSGNR>
    </T100>
    <T100>
     <SPRSL>D</SPRSL>
     <ARBGB>ZBC402</ARBGB>
     <MSGNR>850</MSGNR>
    </T100>
    <T100>
     <SPRSL>D</SPRSL>
     <ARBGB>ZBC402</ARBGB>
     <MSGNR>852</MSGNR>
    </T100>
    <T100>
     <SPRSL>D</SPRSL>
     <ARBGB>ZBC402</ARBGB>
     <MSGNR>853</MSGNR>
    </T100>
    <T100>
     <SPRSL>D</SPRSL>
     <ARBGB>ZBC402</ARBGB>
     <MSGNR>855</MSGNR>
    </T100>
    <T100>
     <SPRSL>D</SPRSL>
     <ARBGB>ZBC402</ARBGB>
     <MSGNR>864</MSGNR>
    </T100>
    <T100>
     <SPRSL>D</SPRSL>
     <ARBGB>ZBC402</ARBGB>
     <MSGNR>888</MSGNR>
     <TEXT>Bitte alle Markierungen herausnehmen!</TEXT>
    </T100>
    <T100>
     <SPRSL>D</SPRSL>
     <ARBGB>ZBC402</ARBGB>
     <MSGNR>999</MSGNR>
     <TEXT>Test: &amp; &amp; &amp; &amp;</TEXT>
    </T100>
   </T100>
  </asx:values>
 </asx:abap>
</abapGit>
