﻿<?xml version="1.0" encoding="utf-8"?>
<abapGit version="v1.0.0" serializer="LCL_OBJECT_ENHO" serializer_version="v1.0.0">
 <asx:abap xmlns:asx="http://www.sap.com/abapxml" version="1.0">
  <asx:values>
   <TOOL>BADI_IMPL</TOOL>
   <SHORTTEXT>Zusätzliche Felder zu Liste mit Buchungen</SHORTTEXT>
   <SPOT_NAME>BC402_DB</SPOT_NAME>
   <IMPL>
    <ENH_BADI_IMPL_DATA>
     <SPOT_NAME>BC402_DB</SPOT_NAME>
     <BADI_NAME>BC402_DB</BADI_NAME>
     <IMPL_NAME>BC402_DB_ON_DEMAND</IMPL_NAME>
     <IMPL_CLASS>CL_IM_BC402_DB_ON_DEMAND</IMPL_CLASS>
     <IMPL_SHORTTEXT>Nachlesen von Daten und Puffern (bei Bedarf)</IMPL_SHORTTEXT>
     <IMPL_SHORTTEXT_ID>DE115CD2E210A5F1AA7B0019BBD30D34</IMPL_SHORTTEXT_ID>
     <IS_EXAMPLE_IMPLEMENTATION>X</IS_EXAMPLE_IMPLEMENTATION>
     <LOCKED_IN_CUSTOMIZING>X</LOCKED_IN_CUSTOMIZING>
    </ENH_BADI_IMPL_DATA>
    <ENH_BADI_IMPL_DATA>
     <SPOT_NAME>BC402_DB</SPOT_NAME>
     <BADI_NAME>BC402_DB</BADI_NAME>
     <IMPL_NAME>BC402_DB_FOR_ALL_ENTRIES</IMPL_NAME>
     <IMPL_CLASS>CL_IM_BC402_DB_FOR_ALL_ENTRIES</IMPL_CLASS>
     <IMPL_SHORTTEXT>Puffern von Daten - Selektion mit FOR ALL ENTRIES</IMPL_SHORTTEXT>
     <IMPL_SHORTTEXT_ID>DE115CF8CBA68CF1AA7B0019BBD30D34</IMPL_SHORTTEXT_ID>
     <IS_EXAMPLE_IMPLEMENTATION>X</IS_EXAMPLE_IMPLEMENTATION>
     <LOCKED_IN_CUSTOMIZING>X</LOCKED_IN_CUSTOMIZING>
    </ENH_BADI_IMPL_DATA>
   </IMPL>
  </asx:values>
 </asx:abap>
</abapGit>
