﻿<?xml version="1.0" encoding="utf-8"?>
<abapGit version="v1.0.0" serializer="LCL_OBJECT_PROG" serializer_version="v1.0.0">
 <asx:abap xmlns:asx="http://www.sap.com/abapxml" version="1.0">
  <asx:values>
   <PROGDIR>
    <NAME>ZBC402_DBT_DISTINCT</NAME>
    <STATE>A</STATE>
    <VARCL>X</VARCL>
    <SUBC>1</SUBC>
    <RLOAD>D</RLOAD>
    <FIXPT>X</FIXPT>
    <UCCHECK>X</UCCHECK>
   </PROGDIR>
   <TPOOL>
    <item>
     <ID>I</ID>
     <KEY>DIS</KEY>
     <ENTRY>Ihr Preisnachlass:</ENTRY>
     <LENGTH>20</LENGTH>
    </item>
    <item>
     <ID>I</ID>
     <KEY>LOB</KEY>
     <ENTRY>Hier eine komplette Liste ihrer Buchungen:</ENTRY>
     <LENGTH>60</LENGTH>
    </item>
    <item>
     <ID>I</ID>
     <KEY>SUM</KEY>
     <ENTRY>Die Buchungssummen (getrennt nach Währung) betragen:</ENTRY>
     <LENGTH>60</LENGTH>
    </item>
    <item>
     <ID>I</ID>
     <KEY>TAG</KEY>
     <ENTRY>Sie haben bei folgenden Reisebüros gebucht:</ENTRY>
     <LENGTH>60</LENGTH>
    </item>
    <item>
     <ID>I</ID>
     <KEY>WCM</KEY>
     <ENTRY>Herzlich Willkommen</ENTRY>
     <LENGTH>60</LENGTH>
    </item>
    <item>
     <ID>R</ID>
     <ENTRY>Vorlage: SELECT-Anweisung - Zusatz DISTINCT</ENTRY>
     <LENGTH>53</LENGTH>
    </item>
    <item>
     <ID>S</ID>
     <KEY>PA_CUST</KEY>
     <ENTRY>.</ENTRY>
     <LENGTH>20</LENGTH>
     <SPLIT>D</SPLIT>
    </item>
   </TPOOL>
   <I18N_TPOOL>
    <item>
     <LANGUAGE>E</LANGUAGE>
     <TEXTPOOL>
      <item>
       <ID>I</ID>
       <KEY>DIS</KEY>
       <ENTRY>Your discount:</ENTRY>
       <LENGTH>20</LENGTH>
      </item>
      <item>
       <ID>I</ID>
       <KEY>LOB</KEY>
       <ENTRY>A complete list of your bookings:</ENTRY>
       <LENGTH>60</LENGTH>
      </item>
      <item>
       <ID>I</ID>
       <KEY>SUM</KEY>
       <ENTRY>Sum of bookings (organized by currency):</ENTRY>
       <LENGTH>60</LENGTH>
      </item>
      <item>
       <ID>I</ID>
       <KEY>TAG</KEY>
       <ENTRY>You have booked with the following travel agencies:</ENTRY>
       <LENGTH>60</LENGTH>
      </item>
      <item>
       <ID>I</ID>
       <KEY>WCM</KEY>
       <ENTRY>Welcome</ENTRY>
       <LENGTH>60</LENGTH>
      </item>
      <item>
       <ID>R</ID>
       <ENTRY>Vorlage: SELECT statement - DISTINCT addition</ENTRY>
       <LENGTH>70</LENGTH>
      </item>
      <item>
       <ID>S</ID>
       <KEY>PA_CUST</KEY>
       <ENTRY>.</ENTRY>
       <LENGTH>20</LENGTH>
       <SPLIT>D</SPLIT>
      </item>
     </TEXTPOOL>
    </item>
   </I18N_TPOOL>
  </asx:values>
 </asx:abap>
</abapGit>
