﻿<?xml version="1.0" encoding="utf-8"?>
<abapGit version="v1.0.0" serializer="LCL_OBJECT_VIEW" serializer_version="v1.0.0">
 <asx:abap xmlns:asx="http://www.sap.com/abapxml" version="1.0">
  <asx:values>
   <DD25V>
    <VIEWNAME>ZBC402_SCUS_BOOK</VIEWNAME>
    <AS4LOCAL>A</AS4LOCAL>
    <DDLANGUAGE>D</DDLANGUAGE>
    <AGGTYPE>V</AGGTYPE>
    <ROOTTAB>SBOOK</ROOTTAB>
    <DDTEXT>Flugbuchungen aus Kundensicht</DDTEXT>
    <VIEWCLASS>D</VIEWCLASS>
    <VIEWGRANT>R</VIEWGRANT>
   </DD25V>
   <DD09L>
    <TABNAME>ZBC402_SCUS_BOOK</TABNAME>
    <AS4LOCAL>A</AS4LOCAL>
    <BUFALLOW>N</BUFALLOW>
   </DD09L>
   <DD26V_TABLE>
    <DD26V>
     <VIEWNAME>ZBC402_SCUS_BOOK</VIEWNAME>
     <TABNAME>SBOOK</TABNAME>
     <TABPOS>0001</TABPOS>
     <FORTABNAME>SBOOK</FORTABNAME>
    </DD26V>
    <DD26V>
     <VIEWNAME>ZBC402_SCUS_BOOK</VIEWNAME>
     <TABNAME>SPFLI</TABNAME>
     <TABPOS>0002</TABPOS>
    </DD26V>
    <DD26V>
     <VIEWNAME>ZBC402_SCUS_BOOK</VIEWNAME>
     <TABNAME>STRAVELAG</TABNAME>
     <TABPOS>0003</TABPOS>
    </DD26V>
   </DD26V_TABLE>
   <DD27P_TABLE>
    <DD27P>
     <VIEWNAME>ZBC402_SCUS_BOOK</VIEWNAME>
     <OBJPOS>0001</OBJPOS>
     <DDLANGUAGE>D</DDLANGUAGE>
     <VIEWFIELD>MANDT</VIEWFIELD>
     <TABNAME>SBOOK</TABNAME>
     <FIELDNAME>MANDT</FIELDNAME>
     <KEYFLAG>X</KEYFLAG>
     <ROLLNAME>S_MANDT</ROLLNAME>
     <ROLLNAMEVI>S_MANDT</ROLLNAMEVI>
     <CHECKTABLE>T000</CHECKTABLE>
     <SHLPORIGIN>P</SHLPORIGIN>
    </DD27P>
    <DD27P>
     <VIEWNAME>ZBC402_SCUS_BOOK</VIEWNAME>
     <OBJPOS>0002</OBJPOS>
     <DDLANGUAGE>D</DDLANGUAGE>
     <VIEWFIELD>CARRID</VIEWFIELD>
     <TABNAME>SBOOK</TABNAME>
     <FIELDNAME>CARRID</FIELDNAME>
     <KEYFLAG>X</KEYFLAG>
     <ROLLNAME>S_CARR_ID</ROLLNAME>
     <ROLLNAMEVI>S_CARR_ID</ROLLNAMEVI>
     <CHECKTABLE>SCARR</CHECKTABLE>
     <SHLPORIGIN>P</SHLPORIGIN>
     <SHLPNAME>S_CARRIER_ID</SHLPNAME>
     <SHLPFIELD>CARRID</SHLPFIELD>
    </DD27P>
    <DD27P>
     <VIEWNAME>ZBC402_SCUS_BOOK</VIEWNAME>
     <OBJPOS>0003</OBJPOS>
     <DDLANGUAGE>D</DDLANGUAGE>
     <VIEWFIELD>CONNID</VIEWFIELD>
     <TABNAME>SBOOK</TABNAME>
     <FIELDNAME>CONNID</FIELDNAME>
     <KEYFLAG>X</KEYFLAG>
     <ROLLNAME>S_CONN_ID</ROLLNAME>
     <ROLLNAMEVI>S_CONN_ID</ROLLNAMEVI>
     <CHECKTABLE>SPFLI</CHECKTABLE>
     <SHLPORIGIN>P</SHLPORIGIN>
    </DD27P>
    <DD27P>
     <VIEWNAME>ZBC402_SCUS_BOOK</VIEWNAME>
     <OBJPOS>0004</OBJPOS>
     <DDLANGUAGE>D</DDLANGUAGE>
     <VIEWFIELD>FLDATE</VIEWFIELD>
     <TABNAME>SBOOK</TABNAME>
     <FIELDNAME>FLDATE</FIELDNAME>
     <KEYFLAG>X</KEYFLAG>
     <ROLLNAME>S_DATE</ROLLNAME>
     <ROLLNAMEVI>S_DATE</ROLLNAMEVI>
     <CHECKTABLE>SFLIGHT</CHECKTABLE>
     <SHLPORIGIN>P</SHLPORIGIN>
    </DD27P>
    <DD27P>
     <VIEWNAME>ZBC402_SCUS_BOOK</VIEWNAME>
     <OBJPOS>0005</OBJPOS>
     <DDLANGUAGE>D</DDLANGUAGE>
     <VIEWFIELD>BOOKID</VIEWFIELD>
     <TABNAME>SBOOK</TABNAME>
     <FIELDNAME>BOOKID</FIELDNAME>
     <KEYFLAG>X</KEYFLAG>
     <ROLLNAME>S_BOOK_ID</ROLLNAME>
     <ROLLNAMEVI>S_BOOK_ID</ROLLNAMEVI>
     <SHLPORIGIN>X</SHLPORIGIN>
    </DD27P>
    <DD27P>
     <VIEWNAME>ZBC402_SCUS_BOOK</VIEWNAME>
     <OBJPOS>0006</OBJPOS>
     <DDLANGUAGE>D</DDLANGUAGE>
     <VIEWFIELD>CUSTOMID</VIEWFIELD>
     <TABNAME>SBOOK</TABNAME>
     <FIELDNAME>CUSTOMID</FIELDNAME>
     <ROLLNAME>S_CUSTOMER</ROLLNAME>
     <ROLLNAMEVI>S_CUSTOMER</ROLLNAMEVI>
     <CHECKTABLE>SCUSTOM</CHECKTABLE>
     <SHLPORIGIN>P</SHLPORIGIN>
    </DD27P>
    <DD27P>
     <VIEWNAME>ZBC402_SCUS_BOOK</VIEWNAME>
     <OBJPOS>0007</OBJPOS>
     <DDLANGUAGE>D</DDLANGUAGE>
     <VIEWFIELD>CLASS</VIEWFIELD>
     <TABNAME>SBOOK</TABNAME>
     <FIELDNAME>CLASS</FIELDNAME>
     <ROLLNAME>S_CLASS</ROLLNAME>
     <ROLLNAMEVI>S_CLASS</ROLLNAMEVI>
     <SHLPORIGIN>F</SHLPORIGIN>
     <VALEXI>X</VALEXI>
    </DD27P>
    <DD27P>
     <VIEWNAME>ZBC402_SCUS_BOOK</VIEWNAME>
     <OBJPOS>0008</OBJPOS>
     <DDLANGUAGE>D</DDLANGUAGE>
     <VIEWFIELD>CANCELLED</VIEWFIELD>
     <TABNAME>SBOOK</TABNAME>
     <FIELDNAME>CANCELLED</FIELDNAME>
     <ROLLNAME>S_CANCEL</ROLLNAME>
     <ROLLNAMEVI>S_CANCEL</ROLLNAMEVI>
     <SHLPORIGIN>F</SHLPORIGIN>
     <LOGFLAG>X</LOGFLAG>
     <VALEXI>X</VALEXI>
    </DD27P>
    <DD27P>
     <VIEWNAME>ZBC402_SCUS_BOOK</VIEWNAME>
     <OBJPOS>0009</OBJPOS>
     <DDLANGUAGE>D</DDLANGUAGE>
     <VIEWFIELD>AGENCYNUM</VIEWFIELD>
     <TABNAME>SBOOK</TABNAME>
     <FIELDNAME>AGENCYNUM</FIELDNAME>
     <ROLLNAME>S_AGNCYNUM</ROLLNAME>
     <ROLLNAMEVI>S_AGNCYNUM</ROLLNAMEVI>
     <CHECKTABLE>STRAVELAG</CHECKTABLE>
     <SHLPORIGIN>P</SHLPORIGIN>
     <SHLPNAME>STRAVELAG_NAME_SIMPLE</SHLPNAME>
     <SHLPFIELD>AGENCYNUM</SHLPFIELD>
    </DD27P>
    <DD27P>
     <VIEWNAME>ZBC402_SCUS_BOOK</VIEWNAME>
     <OBJPOS>0010</OBJPOS>
     <DDLANGUAGE>D</DDLANGUAGE>
     <VIEWFIELD>FORCURAM</VIEWFIELD>
     <TABNAME>SBOOK</TABNAME>
     <FIELDNAME>FORCURAM</FIELDNAME>
     <ROLLNAME>S_F_CUR_PR</ROLLNAME>
     <ROLLNAMEVI>S_F_CUR_PR</ROLLNAMEVI>
     <REFTABLE>SBOOK</REFTABLE>
     <REFFIELD>FORCURKEY</REFFIELD>
    </DD27P>
    <DD27P>
     <VIEWNAME>ZBC402_SCUS_BOOK</VIEWNAME>
     <OBJPOS>0011</OBJPOS>
     <DDLANGUAGE>D</DDLANGUAGE>
     <VIEWFIELD>FORCURKEY</VIEWFIELD>
     <TABNAME>SBOOK</TABNAME>
     <FIELDNAME>FORCURKEY</FIELDNAME>
     <ROLLNAME>S_CURR</ROLLNAME>
     <ROLLNAMEVI>S_CURR</ROLLNAMEVI>
     <CHECKTABLE>SCURX</CHECKTABLE>
     <SHLPORIGIN>P</SHLPORIGIN>
    </DD27P>
    <DD27P>
     <VIEWNAME>ZBC402_SCUS_BOOK</VIEWNAME>
     <OBJPOS>0012</OBJPOS>
     <DDLANGUAGE>D</DDLANGUAGE>
     <VIEWFIELD>COUNTRYFR</VIEWFIELD>
     <TABNAME>SPFLI</TABNAME>
     <FIELDNAME>COUNTRYFR</FIELDNAME>
     <ROLLNAME>LAND1</ROLLNAME>
     <ROLLNAMEVI>LAND1</ROLLNAMEVI>
     <CHECKTABLE>SGEOCITY</CHECKTABLE>
     <SHLPORIGIN>P</SHLPORIGIN>
     <LOGFLAG>X</LOGFLAG>
    </DD27P>
    <DD27P>
     <VIEWNAME>ZBC402_SCUS_BOOK</VIEWNAME>
     <OBJPOS>0013</OBJPOS>
     <DDLANGUAGE>D</DDLANGUAGE>
     <VIEWFIELD>CITYFROM</VIEWFIELD>
     <TABNAME>SPFLI</TABNAME>
     <FIELDNAME>CITYFROM</FIELDNAME>
     <ROLLNAME>S_FROM_CIT</ROLLNAME>
     <ROLLNAMEVI>S_FROM_CIT</ROLLNAMEVI>
     <CHECKTABLE>SGEOCITY</CHECKTABLE>
     <SHLPORIGIN>P</SHLPORIGIN>
    </DD27P>
    <DD27P>
     <VIEWNAME>ZBC402_SCUS_BOOK</VIEWNAME>
     <OBJPOS>0014</OBJPOS>
     <DDLANGUAGE>D</DDLANGUAGE>
     <VIEWFIELD>DEPTIME</VIEWFIELD>
     <TABNAME>SPFLI</TABNAME>
     <FIELDNAME>DEPTIME</FIELDNAME>
     <ROLLNAME>S_DEP_TIME</ROLLNAME>
     <ROLLNAMEVI>S_DEP_TIME</ROLLNAMEVI>
     <SHLPORIGIN>T</SHLPORIGIN>
    </DD27P>
    <DD27P>
     <VIEWNAME>ZBC402_SCUS_BOOK</VIEWNAME>
     <OBJPOS>0015</OBJPOS>
     <DDLANGUAGE>D</DDLANGUAGE>
     <VIEWFIELD>COUNTRYTO</VIEWFIELD>
     <TABNAME>SPFLI</TABNAME>
     <FIELDNAME>COUNTRYTO</FIELDNAME>
     <ROLLNAME>LAND1</ROLLNAME>
     <ROLLNAMEVI>LAND1</ROLLNAMEVI>
     <CHECKTABLE>SGEOCITY</CHECKTABLE>
     <SHLPORIGIN>P</SHLPORIGIN>
     <LOGFLAG>X</LOGFLAG>
    </DD27P>
    <DD27P>
     <VIEWNAME>ZBC402_SCUS_BOOK</VIEWNAME>
     <OBJPOS>0016</OBJPOS>
     <DDLANGUAGE>D</DDLANGUAGE>
     <VIEWFIELD>CITYTO</VIEWFIELD>
     <TABNAME>SPFLI</TABNAME>
     <FIELDNAME>CITYTO</FIELDNAME>
     <ROLLNAME>S_TO_CITY</ROLLNAME>
     <ROLLNAMEVI>S_TO_CITY</ROLLNAMEVI>
     <CHECKTABLE>SGEOCITY</CHECKTABLE>
     <SHLPORIGIN>P</SHLPORIGIN>
    </DD27P>
    <DD27P>
     <VIEWNAME>ZBC402_SCUS_BOOK</VIEWNAME>
     <OBJPOS>0017</OBJPOS>
     <DDLANGUAGE>D</DDLANGUAGE>
     <VIEWFIELD>ARRTIME</VIEWFIELD>
     <TABNAME>SPFLI</TABNAME>
     <FIELDNAME>ARRTIME</FIELDNAME>
     <ROLLNAME>S_ARR_TIME</ROLLNAME>
     <ROLLNAMEVI>S_ARR_TIME</ROLLNAMEVI>
     <SHLPORIGIN>T</SHLPORIGIN>
    </DD27P>
    <DD27P>
     <VIEWNAME>ZBC402_SCUS_BOOK</VIEWNAME>
     <OBJPOS>0018</OBJPOS>
     <DDLANGUAGE>D</DDLANGUAGE>
     <VIEWFIELD>NAME</VIEWFIELD>
     <TABNAME>STRAVELAG</TABNAME>
     <FIELDNAME>NAME</FIELDNAME>
     <ROLLNAME>S_AGNCYNAM</ROLLNAME>
     <ROLLNAMEVI>S_AGNCYNAM</ROLLNAMEVI>
    </DD27P>
    <DD27P>
     <VIEWNAME>ZBC402_SCUS_BOOK</VIEWNAME>
     <OBJPOS>0019</OBJPOS>
     <DDLANGUAGE>D</DDLANGUAGE>
     <VIEWFIELD>CITY</VIEWFIELD>
     <TABNAME>STRAVELAG</TABNAME>
     <FIELDNAME>CITY</FIELDNAME>
     <ROLLNAME>CITY</ROLLNAME>
     <ROLLNAMEVI>CITY</ROLLNAMEVI>
     <LOGFLAG>X</LOGFLAG>
    </DD27P>
    <DD27P>
     <VIEWNAME>ZBC402_SCUS_BOOK</VIEWNAME>
     <OBJPOS>0020</OBJPOS>
     <DDLANGUAGE>D</DDLANGUAGE>
     <VIEWFIELD>COUNTRY</VIEWFIELD>
     <TABNAME>STRAVELAG</TABNAME>
     <FIELDNAME>COUNTRY</FIELDNAME>
     <ROLLNAME>S_COUNTRY</ROLLNAME>
     <ROLLNAMEVI>S_COUNTRY</ROLLNAMEVI>
    </DD27P>
    <DD27P>
     <VIEWNAME>ZBC402_SCUS_BOOK</VIEWNAME>
     <OBJPOS>0021</OBJPOS>
     <DDLANGUAGE>D</DDLANGUAGE>
     <VIEWFIELD>REGION</VIEWFIELD>
     <TABNAME>STRAVELAG</TABNAME>
     <FIELDNAME>REGION</FIELDNAME>
     <ROLLNAME>S_REGION</ROLLNAME>
     <ROLLNAMEVI>S_REGION</ROLLNAMEVI>
    </DD27P>
   </DD27P_TABLE>
   <DD28J_TABLE>
    <DD28J>
     <VIEWNAME>ZBC402_SCUS_BOOK</VIEWNAME>
     <LTAB>SPFLI</LTAB>
     <LFIELD>MANDT</LFIELD>
     <OPERATOR>EQ</OPERATOR>
     <RTAB>SBOOK</RTAB>
     <RFIELD>MANDT</RFIELD>
     <SOURCE>S</SOURCE>
    </DD28J>
    <DD28J>
     <VIEWNAME>ZBC402_SCUS_BOOK</VIEWNAME>
     <LTAB>SPFLI</LTAB>
     <LFIELD>CARRID</LFIELD>
     <OPERATOR>EQ</OPERATOR>
     <RTAB>SBOOK</RTAB>
     <RFIELD>CARRID</RFIELD>
     <SOURCE>S</SOURCE>
    </DD28J>
    <DD28J>
     <VIEWNAME>ZBC402_SCUS_BOOK</VIEWNAME>
     <LTAB>SPFLI</LTAB>
     <LFIELD>CONNID</LFIELD>
     <OPERATOR>EQ</OPERATOR>
     <RTAB>SBOOK</RTAB>
     <RFIELD>CONNID</RFIELD>
     <SOURCE>S</SOURCE>
    </DD28J>
    <DD28J>
     <VIEWNAME>ZBC402_SCUS_BOOK</VIEWNAME>
     <LTAB>STRAVELAG</LTAB>
     <LFIELD>MANDT</LFIELD>
     <OPERATOR>EQ</OPERATOR>
     <RTAB>SBOOK</RTAB>
     <RFIELD>MANDT</RFIELD>
     <SOURCE>S</SOURCE>
    </DD28J>
    <DD28J>
     <VIEWNAME>ZBC402_SCUS_BOOK</VIEWNAME>
     <LTAB>STRAVELAG</LTAB>
     <LFIELD>AGENCYNUM</LFIELD>
     <OPERATOR>EQ</OPERATOR>
     <RTAB>SBOOK</RTAB>
     <RFIELD>AGENCYNUM</RFIELD>
     <SOURCE>S</SOURCE>
    </DD28J>
   </DD28J_TABLE>
  </asx:values>
 </asx:abap>
</abapGit>
