﻿<?xml version="1.0" encoding="utf-8"?>
<abapGit version="v1.0.0" serializer="LCL_OBJECT_CLAS" serializer_version="v1.0.0">
 <asx:abap xmlns:asx="http://www.sap.com/abapxml" version="1.0">
  <asx:values>
   <VSEOCLASS>
    <CLSNAME>ZCL_BC402_DYT_RTTI_HEADERS</CLSNAME>
    <VERSION>1</VERSION>
    <LANGU>D</LANGU>
    <DESCRIPT>Template: RTTI - Überschriften</DESCRIPT>
    <EXPOSURE>2</EXPOSURE>
    <STATE>1</STATE>
    <CLSCCINCL>X</CLSCCINCL>
    <FIXPT>X</FIXPT>
    <UNICODE>X</UNICODE>
   </VSEOCLASS>
   <DESCRIPTIONS>
    <SEOCOMPOTX>
     <CLSNAME>ZCL_BC402_DYT_RTTI_HEADERS</CLSNAME>
     <CMPNAME>WRITE_HEADERS</CMPNAME>
     <LANGU>D</LANGU>
     <DESCRIPT>dyn. Spaltenüberschriften nach DDIC-Strukturtyp</DESCRIPT>
    </SEOCOMPOTX>
   </DESCRIPTIONS>
  </asx:values>
 </asx:abap>
</abapGit>
