﻿<?xml version="1.0" encoding="utf-8"?>
<abapGit version="v1.0.0" serializer="LCL_OBJECT_CLAS" serializer_version="v1.0.0">
 <asx:abap xmlns:asx="http://www.sap.com/abapxml" version="1.0">
  <asx:values>
   <VSEOCLASS>
    <CLSNAME>ZCL_BC402_DYS_RTTC</CLSNAME>
    <VERSION>1</VERSION>
    <LANGU>D</LANGU>
    <DESCRIPT>Lösung: RTTC - Tabellentyp erzeugen</DESCRIPT>
    <EXPOSURE>2</EXPOSURE>
    <STATE>1</STATE>
    <CLSFINAL>X</CLSFINAL>
    <CLSCCINCL>X</CLSCCINCL>
    <FIXPT>X</FIXPT>
    <UNICODE>X</UNICODE>
   </VSEOCLASS>
   <DESCRIPTIONS>
    <SEOCOMPOTX>
     <CLSNAME>ZCL_BC402_DYS_RTTC</CLSNAME>
     <CMPNAME>CREATE_TABLE_TYPE</CMPNAME>
     <LANGU>D</LANGU>
     <DESCRIPT>Erzeugt Tabellentyp aus  DDIC-Struktur und Komponentenliste</DESCRIPT>
    </SEOCOMPOTX>
   </DESCRIPTIONS>
  </asx:values>
 </asx:abap>
</abapGit>
