﻿<?xml version="1.0" encoding="utf-8"?>
<abapGit version="v1.0.0" serializer="LCL_OBJECT_PROG" serializer_version="v1.0.0">
 <asx:abap xmlns:asx="http://www.sap.com/abapxml" version="1.0">
  <asx:values>
   <PROGDIR>
    <NAME>ZBC430_FILL</NAME>
    <STATE>A</STATE>
    <VARCL>X</VARCL>
    <SUBC>1</SUBC>
    <APPL>S</APPL>
    <RLOAD>D</RLOAD>
    <FIXPT>X</FIXPT>
    <UCCHECK>X</UCCHECK>
   </PROGDIR>
   <TPOOL>
    <item>
     <ID>I</ID>
     <KEY>001</KEY>
     <ENTRY>Wählen Sie die Zahl der zu erzeugenden Mitarbeiter der Fluggesellschaften.</ENTRY>
     <LENGTH>74</LENGTH>
    </item>
    <item>
     <ID>I</ID>
     <KEY>002</KEY>
     <ENTRY>Dieser Report generiert die Beispieldaten für den Kurs BC430 (ABAP Dictionary).</ENTRY>
     <LENGTH>79</LENGTH>
    </item>
    <item>
     <ID>I</ID>
     <KEY>003</KEY>
     <ENTRY>Der Report muß laufen, bevor die Teilnehmer die Übungen bearbeiten.</ENTRY>
     <LENGTH>67</LENGTH>
    </item>
    <item>
     <ID>I</ID>
     <KEY>004</KEY>
     <ENTRY>Bitte erzeugen Sie nicht zu viele Beispieldaten.</ENTRY>
     <LENGTH>48</LENGTH>
    </item>
    <item>
     <ID>I</ID>
     <KEY>005</KEY>
     <ENTRY>Dies würde die Performance des Prüfreports BC430_CHECK beeinträchtigen.</ENTRY>
     <LENGTH>71</LENGTH>
    </item>
    <item>
     <ID>I</ID>
     <KEY>006</KEY>
     <ENTRY>Infos bzgl. Länderspezifischer Modifikationen finden Sie in der Report-Doku.</ENTRY>
     <LENGTH>76</LENGTH>
    </item>
    <item>
     <ID>R</ID>
     <ENTRY>Erzeugung der Beispieldaten für den BC430</ENTRY>
     <LENGTH>65</LENGTH>
    </item>
    <item>
     <ID>S</ID>
     <KEY>AA_PERS</KEY>
     <ENTRY>Anzahl Mitarbeiter für AA</ENTRY>
     <LENGTH>33</LENGTH>
    </item>
    <item>
     <ID>S</ID>
     <KEY>BA_PERS</KEY>
     <ENTRY>Anzahl Mitarbeiter für BA</ENTRY>
     <LENGTH>33</LENGTH>
    </item>
    <item>
     <ID>S</ID>
     <KEY>LH_PERS</KEY>
     <ENTRY>Anzahl Mitarbeiter für LH</ENTRY>
     <LENGTH>33</LENGTH>
    </item>
   </TPOOL>
   <I18N_TPOOL>
    <item>
     <LANGUAGE>E</LANGUAGE>
     <TEXTPOOL>
      <item>
       <ID>I</ID>
       <KEY>006</KEY>
       <ENTRY>Information about country-specific modifications is in the report docu.</ENTRY>
       <LENGTH>76</LENGTH>
      </item>
      <item>
       <ID>R</ID>
       <ENTRY>Create sample data for BC430</ENTRY>
       <LENGTH>65</LENGTH>
      </item>
      <item>
       <ID>S</ID>
       <KEY>AA_PERS</KEY>
       <ENTRY>Number of employees for AA</ENTRY>
       <LENGTH>34</LENGTH>
      </item>
      <item>
       <ID>S</ID>
       <KEY>BA_PERS</KEY>
       <ENTRY>Number of employees for BA</ENTRY>
       <LENGTH>34</LENGTH>
      </item>
      <item>
       <ID>S</ID>
       <KEY>LH_PERS</KEY>
       <ENTRY>Number of employees for LH</ENTRY>
       <LENGTH>34</LENGTH>
      </item>
      <item>
       <ID>I</ID>
       <KEY>001</KEY>
       <ENTRY>Choose the number of employees to be created for the carrier.</ENTRY>
       <LENGTH>74</LENGTH>
      </item>
      <item>
       <ID>I</ID>
       <KEY>002</KEY>
       <ENTRY>This report generates the sample data for course BC430 (ABAP Dictionary).</ENTRY>
       <LENGTH>79</LENGTH>
      </item>
      <item>
       <ID>I</ID>
       <KEY>003</KEY>
       <ENTRY>The report must be run before the participants do the exercises.</ENTRY>
       <LENGTH>67</LENGTH>
      </item>
      <item>
       <ID>I</ID>
       <KEY>004</KEY>
       <ENTRY>Do not create too much sample data.</ENTRY>
       <LENGTH>48</LENGTH>
      </item>
      <item>
       <ID>I</ID>
       <KEY>005</KEY>
       <ENTRY>This would hamper the preformance of check report BC430_CHECK.</ENTRY>
       <LENGTH>71</LENGTH>
      </item>
     </TEXTPOOL>
    </item>
   </I18N_TPOOL>
  </asx:values>
 </asx:abap>
</abapGit>
