﻿<?xml version="1.0" encoding="utf-8"?>
<abapGit version="v1.0.0" serializer="LCL_OBJECT_TABL" serializer_version="v1.0.0">
 <asx:abap xmlns:asx="http://www.sap.com/abapxml" version="1.0">
  <asx:values>
   <DD02V>
    <TABNAME>ZBC430_FEEDBACK</TABNAME>
    <DDLANGUAGE>D</DDLANGUAGE>
    <TABCLASS>INTTAB</TABCLASS>
    <DDTEXT>Struktur für Feedback aus BC430_CHECK</DDTEXT>
   </DD02V>
   <DD03P_TABLE>
    <DD03P>
     <TABNAME>ZBC430_FEEDBACK</TABNAME>
     <FIELDNAME>COLOR</FIELDNAME>
     <DDLANGUAGE>D</DDLANGUAGE>
     <POSITION>0001</POSITION>
     <ADMINFIELD>0</ADMINFIELD>
     <INTTYPE>C</INTTYPE>
     <INTLEN>000002</INTLEN>
     <DATATYPE>CHAR</DATATYPE>
     <LENG>000001</LENG>
     <MASK>  CHAR</MASK>
     <DDTEXT>Farbe der Meldung (E=Error,S=Success,W=Warning,N=Normal)</DDTEXT>
    </DD03P>
    <DD03P>
     <TABNAME>ZBC430_FEEDBACK</TABNAME>
     <FIELDNAME>TEXT</FIELDNAME>
     <DDLANGUAGE>D</DDLANGUAGE>
     <POSITION>0002</POSITION>
     <ADMINFIELD>0</ADMINFIELD>
     <INTTYPE>C</INTTYPE>
     <INTLEN>000200</INTLEN>
     <DATATYPE>CHAR</DATATYPE>
     <LENG>000100</LENG>
     <MASK>  CHAR</MASK>
     <DDTEXT>Text der Meldung</DDTEXT>
    </DD03P>
   </DD03P_TABLE>
  </asx:values>
 </asx:abap>
</abapGit>
