﻿<?xml version="1.0" encoding="utf-8"?>
<abapGit version="v1.0.0" serializer="LCL_OBJECT_MSAG" serializer_version="v1.0.0">
 <asx:abap xmlns:asx="http://www.sap.com/abapxml" version="1.0">
  <asx:values>
   <T100A>
    <ARBGB>ZBC430</ARBGB>
    <MASTERLANG>D</MASTERLANG>
    <STEXT>Nachrichten des BC430 (ABAP Dictionary Kurs)</STEXT>
   </T100A>
   <T100>
    <T100>
     <SPRSL>D</SPRSL>
     <ARBGB>ZBC430</ARBGB>
     <MSGNR>001</MSGNR>
     <TEXT>Die Vorlagen wurden mit Beispieldaten gefüllt!</TEXT>
    </T100>
    <T100>
     <SPRSL>D</SPRSL>
     <ARBGB>ZBC430</ARBGB>
     <MSGNR>002</MSGNR>
     <TEXT>Zieltabelle und Quelltabelle sind nicht kompatibel!</TEXT>
    </T100>
    <T100>
     <SPRSL>D</SPRSL>
     <ARBGB>ZBC430</ARBGB>
     <MSGNR>003</MSGNR>
     <TEXT>Die Daten wurden aus der Quelltabelle in die Zieltabelle kopiert!</TEXT>
    </T100>
    <T100>
     <SPRSL>D</SPRSL>
     <ARBGB>ZBC430</ARBGB>
     <MSGNR>100</MSGNR>
     <TEXT>Zum angegebenen Datum findet der Flug nicht statt!</TEXT>
    </T100>
   </T100>
  </asx:values>
 </asx:abap>
</abapGit>
