﻿<?xml version="1.0" encoding="utf-8"?>
<abapGit version="v1.0.0" serializer="LCL_OBJECT_PROG" serializer_version="v1.0.0">
 <asx:abap xmlns:asx="http://www.sap.com/abapxml" version="1.0">
  <asx:values>
   <PROGDIR>
    <NAME>ZCUSBOOK</NAME>
    <STATE>A</STATE>
    <VARCL>X</VARCL>
    <SUBC>1</SUBC>
    <APPL>S</APPL>
    <RLOAD>D</RLOAD>
    <FIXPT>X</FIXPT>
    <UCCHECK>X</UCCHECK>
   </PROGDIR>
   <TPOOL>
    <item>
     <ID>I</ID>
     <KEY>001</KEY>
     <ENTRY>Bestehende Buchungen für Kunde</ENTRY>
     <LENGTH>30</LENGTH>
    </item>
    <item>
     <ID>I</ID>
     <KEY>002</KEY>
     <ENTRY>Keine Buchungen vorhanden!</ENTRY>
     <LENGTH>35</LENGTH>
    </item>
    <item>
     <ID>I</ID>
     <KEY>003</KEY>
     <ENTRY>Kunde</ENTRY>
     <LENGTH>5</LENGTH>
    </item>
    <item>
     <ID>I</ID>
     <KEY>004</KEY>
     <ENTRY>von</ENTRY>
     <LENGTH>3</LENGTH>
    </item>
    <item>
     <ID>I</ID>
     <KEY>005</KEY>
     <ENTRY>nach</ENTRY>
     <LENGTH>4</LENGTH>
    </item>
    <item>
     <ID>I</ID>
     <KEY>006</KEY>
     <ENTRY>am</ENTRY>
     <LENGTH>2</LENGTH>
    </item>
    <item>
     <ID>I</ID>
     <KEY>007</KEY>
     <ENTRY>gebucht auf</ENTRY>
     <LENGTH>11</LENGTH>
    </item>
    <item>
     <ID>R</ID>
     <ENTRY>Anzeige der Buchungen eines Kunden</ENTRY>
     <LENGTH>34</LENGTH>
    </item>
    <item>
     <ID>S</ID>
     <KEY>CUSTOMID</KEY>
     <ENTRY>Kundennummer</ENTRY>
     <LENGTH>20</LENGTH>
    </item>
   </TPOOL>
   <I18N_TPOOL>
    <item>
     <LANGUAGE>E</LANGUAGE>
     <TEXTPOOL>
      <item>
       <ID>S</ID>
       <KEY>CUSTOMID</KEY>
       <ENTRY>Customer number</ENTRY>
       <LENGTH>23</LENGTH>
      </item>
      <item>
       <ID>R</ID>
       <ENTRY>Booking display for particular customer</ENTRY>
       <LENGTH>39</LENGTH>
      </item>
      <item>
       <ID>I</ID>
       <KEY>007</KEY>
       <ENTRY>booked for</ENTRY>
       <LENGTH>11</LENGTH>
      </item>
      <item>
       <ID>I</ID>
       <KEY>006</KEY>
       <ENTRY>on</ENTRY>
       <LENGTH>2</LENGTH>
      </item>
      <item>
       <ID>I</ID>
       <KEY>005</KEY>
       <ENTRY>to</ENTRY>
       <LENGTH>4</LENGTH>
      </item>
      <item>
       <ID>I</ID>
       <KEY>004</KEY>
       <ENTRY>fr.</ENTRY>
       <LENGTH>3</LENGTH>
      </item>
      <item>
       <ID>I</ID>
       <KEY>003</KEY>
       <ENTRY>Cust.</ENTRY>
       <LENGTH>5</LENGTH>
      </item>
      <item>
       <ID>I</ID>
       <KEY>002</KEY>
       <ENTRY>No bookings exist</ENTRY>
       <LENGTH>35</LENGTH>
      </item>
      <item>
       <ID>I</ID>
       <KEY>001</KEY>
       <ENTRY>Existing bookings for customer</ENTRY>
       <LENGTH>30</LENGTH>
      </item>
     </TEXTPOOL>
    </item>
   </I18N_TPOOL>
  </asx:values>
 </asx:abap>
</abapGit>
