﻿<?xml version="1.0" encoding="utf-8"?>
<abapGit version="v1.0.0" serializer="LCL_OBJECT_TABL" serializer_version="v1.0.0">
 <asx:abap xmlns:asx="http://www.sap.com/abapxml" version="1.0">
  <asx:values>
   <DD02V>
    <TABNAME>ZDANGER_NOT</TABNAME>
    <DDLANGUAGE>D</DDLANGUAGE>
    <TABCLASS>TRANSP</TABCLASS>
    <CLIDEP>X</CLIDEP>
    <DDTEXT>Gefahrstoffnummern</DDTEXT>
    <MAINFLAG>X</MAINFLAG>
    <CONTFLAG>A</CONTFLAG>
   </DD02V>
   <DD09L>
    <TABNAME>ZDANGER_NOT</TABNAME>
    <AS4LOCAL>A</AS4LOCAL>
    <TABKAT>1</TABKAT>
    <TABART>APPL0</TABART>
    <PUFFERUNG>X</PUFFERUNG>
    <UEBERSETZ>X</UEBERSETZ>
    <BUFALLOW>X</BUFALLOW>
    <ROWORCOLST>C</ROWORCOLST>
   </DD09L>
   <DD03P_TABLE>
    <DD03P>
     <TABNAME>ZDANGER_NOT</TABNAME>
     <FIELDNAME>CLIENT</FIELDNAME>
     <POSITION>0001</POSITION>
     <KEYFLAG>X</KEYFLAG>
     <ROLLNAME>S_MANDT</ROLLNAME>
     <ADMINFIELD>0</ADMINFIELD>
     <NOTNULL>X</NOTNULL>
     <COMPTYPE>E</COMPTYPE>
    </DD03P>
    <DD03P>
     <TABNAME>ZDANGER_NOT</TABNAME>
     <FIELDNAME>DANGER_NO</FIELDNAME>
     <POSITION>0002</POSITION>
     <KEYFLAG>X</KEYFLAG>
     <ROLLNAME>SDANGER_NO</ROLLNAME>
     <CHECKTABLE>ZDANGER_NO</CHECKTABLE>
     <ADMINFIELD>0</ADMINFIELD>
     <NOTNULL>X</NOTNULL>
     <SHLPORIGIN>P</SHLPORIGIN>
     <COMPTYPE>E</COMPTYPE>
    </DD03P>
    <DD03P>
     <TABNAME>ZDANGER_NOT</TABNAME>
     <FIELDNAME>LANGU</FIELDNAME>
     <POSITION>0003</POSITION>
     <KEYFLAG>X</KEYFLAG>
     <ROLLNAME>SPRAS</ROLLNAME>
     <ADMINFIELD>0</ADMINFIELD>
     <NOTNULL>X</NOTNULL>
     <SHLPORIGIN>D</SHLPORIGIN>
     <COMPTYPE>E</COMPTYPE>
    </DD03P>
    <DD03P>
     <TABNAME>ZDANGER_NOT</TABNAME>
     <FIELDNAME>TEXT</FIELDNAME>
     <POSITION>0004</POSITION>
     <ROLLNAME>ZSDANGER_TEXT</ROLLNAME>
     <ADMINFIELD>0</ADMINFIELD>
     <COMPTYPE>E</COMPTYPE>
    </DD03P>
   </DD03P_TABLE>
   <DD05M_TABLE>
    <DD05M>
     <TABNAME>ZDANGER_NOT</TABNAME>
     <FIELDNAME>DANGER_NO</FIELDNAME>
     <FORTABLE>ZDANGER_NOT</FORTABLE>
     <FORKEY>CLIENT</FORKEY>
     <CHECKTABLE>ZDANGER_NO</CHECKTABLE>
     <CHECKFIELD>CLIENT</CHECKFIELD>
     <PRIMPOS>0001</PRIMPOS>
     <DOMNAME>MANDT</DOMNAME>
     <DATATYPE>CLNT</DATATYPE>
     <LENG>000003</LENG>
    </DD05M>
    <DD05M>
     <TABNAME>ZDANGER_NOT</TABNAME>
     <FIELDNAME>DANGER_NO</FIELDNAME>
     <FORTABLE>ZDANGER_NOT</FORTABLE>
     <FORKEY>DANGER_NO</FORKEY>
     <CHECKTABLE>ZDANGER_NO</CHECKTABLE>
     <CHECKFIELD>DANGER_NO</CHECKFIELD>
     <PRIMPOS>0002</PRIMPOS>
     <DOMNAME>SDANGER_NO</DOMNAME>
     <DATATYPE>NUMC</DATATYPE>
     <LENG>000012</LENG>
    </DD05M>
   </DD05M_TABLE>
   <DD08V_TABLE>
    <DD08V>
     <TABNAME>ZDANGER_NOT</TABNAME>
     <FIELDNAME>DANGER_NO</FIELDNAME>
     <DDLANGUAGE>D</DDLANGUAGE>
     <CHECKTABLE>ZDANGER_NO</CHECKTABLE>
     <FRKART>TEXT</FRKART>
     <CARD>CN</CARD>
     <DDTEXT>Prüfung gegen Gefahrstoffnummer</DDTEXT>
     <CARDLEFT>1</CARDLEFT>
    </DD08V>
   </DD08V_TABLE>
  </asx:values>
 </asx:abap>
</abapGit>
