﻿<?xml version="1.0" encoding="utf-8"?>
<abapGit version="v1.0.0" serializer="LCL_OBJECT_DTEL" serializer_version="v1.0.0">
 <asx:abap xmlns:asx="http://www.sap.com/abapxml" version="1.0">
  <asx:values>
   <DD04V>
    <ROLLNAME>ZS_ASSETS</ROLLNAME>
    <DDLANGUAGE>D</DDLANGUAGE>
    <DOMNAME>ZS_NUMBER10</DOMNAME>
    <HEADLEN>11</HEADLEN>
    <SCRLEN1>05</SCRLEN1>
    <SCRLEN2>10</SCRLEN2>
    <SCRLEN3>15</SCRLEN3>
    <DDTEXT>BC430 Übungsvorlage</DDTEXT>
    <REPTEXT>Aktiva</REPTEXT>
    <SCRTEXT_S>Akt</SCRTEXT_S>
    <SCRTEXT_M>Aktiva</SCRTEXT_M>
    <SCRTEXT_L>Aktiva</SCRTEXT_L>
    <DTELMASTER>D</DTELMASTER>
    <REFKIND>D</REFKIND>
   </DD04V>
   <I18N_LANGS>
    <LANGU>E</LANGU>
   </I18N_LANGS>
   <DD04_TEXTS>
    <item>
     <DDLANGUAGE>E</DDLANGUAGE>
     <DDTEXT>BCV430 Template</DDTEXT>
     <REPTEXT>Assets</REPTEXT>
     <SCRTEXT_S>Ass.</SCRTEXT_S>
     <SCRTEXT_M>Assets</SCRTEXT_M>
     <SCRTEXT_L>Assets</SCRTEXT_L>
    </item>
   </DD04_TEXTS>
  </asx:values>
 </asx:abap>
</abapGit>
