﻿<?xml version="1.0" encoding="utf-8"?>
<abapGit version="v1.0.0" serializer="LCL_OBJECT_DTEL" serializer_version="v1.0.0">
 <asx:abap xmlns:asx="http://www.sap.com/abapxml" version="1.0">
  <asx:values>
   <DD04V>
    <ROLLNAME>ZS_AREA</ROLLNAME>
    <DDLANGUAGE>D</DDLANGUAGE>
    <DOMNAME>ZS_AREA</DOMNAME>
    <HEADLEN>07</HEADLEN>
    <SCRLEN1>10</SCRLEN1>
    <SCRLEN2>15</SCRLEN2>
    <SCRLEN3>20</SCRLEN3>
    <DDTEXT>Bereich</DDTEXT>
    <REPTEXT>Bereich</REPTEXT>
    <SCRTEXT_S>Bereich</SCRTEXT_S>
    <SCRTEXT_M>Bereich</SCRTEXT_M>
    <SCRTEXT_L>Bereich</SCRTEXT_L>
    <DTELMASTER>D</DTELMASTER>
    <REFKIND>D</REFKIND>
   </DD04V>
   <I18N_LANGS>
    <LANGU>E</LANGU>
   </I18N_LANGS>
   <DD04_TEXTS>
    <item>
     <DDLANGUAGE>E</DDLANGUAGE>
     <DDTEXT>Area</DDTEXT>
     <REPTEXT>Area</REPTEXT>
     <SCRTEXT_S>Area</SCRTEXT_S>
     <SCRTEXT_M>Area</SCRTEXT_M>
     <SCRTEXT_L>Area</SCRTEXT_L>
    </item>
   </DD04_TEXTS>
  </asx:values>
 </asx:abap>
</abapGit>
