﻿<?xml version="1.0" encoding="utf-8"?>
<abapGit version="v1.0.0" serializer="LCL_OBJECT_DTEL" serializer_version="v1.0.0">
 <asx:abap xmlns:asx="http://www.sap.com/abapxml" version="1.0">
  <asx:values>
   <DD04V>
    <ROLLNAME>ZS_BUREAUNO</ROLLNAME>
    <DDLANGUAGE>D</DDLANGUAGE>
    <DOMNAME>ZS_BUREAUNO</DOMNAME>
    <HEADLEN>30</HEADLEN>
    <SCRLEN1>07</SCRLEN1>
    <SCRLEN2>10</SCRLEN2>
    <SCRLEN3>10</SCRLEN3>
    <DDTEXT>Büronummer eines Mitarbeiters</DDTEXT>
    <REPTEXT>Büro</REPTEXT>
    <SCRTEXT_S>Büronr.</SCRTEXT_S>
    <SCRTEXT_M>Büronummer</SCRTEXT_M>
    <SCRTEXT_L>Büronummer</SCRTEXT_L>
    <DTELMASTER>D</DTELMASTER>
    <REFKIND>D</REFKIND>
   </DD04V>
   <I18N_LANGS>
    <LANGU>E</LANGU>
   </I18N_LANGS>
   <DD04_TEXTS>
    <item>
     <DDLANGUAGE>E</DDLANGUAGE>
     <DDTEXT>Employee office number</DDTEXT>
     <REPTEXT>Office</REPTEXT>
     <SCRTEXT_S>Office</SCRTEXT_S>
     <SCRTEXT_M>Office no.</SCRTEXT_M>
     <SCRTEXT_L>Office no.</SCRTEXT_L>
    </item>
   </DD04_TEXTS>
  </asx:values>
 </asx:abap>
</abapGit>
