﻿<?xml version="1.0" encoding="utf-8"?>
<abapGit version="v1.0.0" serializer="LCL_OBJECT_DTEL" serializer_version="v1.0.0">
 <asx:abap xmlns:asx="http://www.sap.com/abapxml" version="1.0">
  <asx:values>
   <DD04V>
    <ROLLNAME>ZS_CHDATE</ROLLNAME>
    <DDLANGUAGE>D</DDLANGUAGE>
    <DOMNAME>DATUM</DOMNAME>
    <HEADLEN>05</HEADLEN>
    <SCRLEN1>05</SCRLEN1>
    <SCRLEN2>17</SCRLEN2>
    <SCRLEN3>26</SCRLEN3>
    <DDTEXT>Datum der letzten Änderung</DDTEXT>
    <REPTEXT>Datum</REPTEXT>
    <SCRTEXT_S>Datum</SCRTEXT_S>
    <SCRTEXT_M>Datum letzte Änd.</SCRTEXT_M>
    <SCRTEXT_L>Datum der letzten Änderung</SCRTEXT_L>
    <DTELMASTER>D</DTELMASTER>
    <REFKIND>D</REFKIND>
   </DD04V>
   <I18N_LANGS>
    <LANGU>E</LANGU>
   </I18N_LANGS>
   <DD04_TEXTS>
    <item>
     <DDLANGUAGE>E</DDLANGUAGE>
     <DDTEXT>Last changed on</DDTEXT>
     <REPTEXT>Date</REPTEXT>
     <SCRTEXT_S>Date</SCRTEXT_S>
     <SCRTEXT_M>Changed on</SCRTEXT_M>
     <SCRTEXT_L>Last changed on</SCRTEXT_L>
    </item>
   </DD04_TEXTS>
  </asx:values>
 </asx:abap>
</abapGit>
