﻿<?xml version="1.0" encoding="utf-8"?>
<abapGit version="v1.0.0" serializer="LCL_OBJECT_DOMA" serializer_version="v1.0.0">
 <asx:abap xmlns:asx="http://www.sap.com/abapxml" version="1.0">
  <asx:values>
   <DD01V>
    <DOMNAME>ZS_CHARACTER30</DOMNAME>
    <DDLANGUAGE>D</DDLANGUAGE>
    <DATATYPE>CHAR</DATATYPE>
    <LENG>000030</LENG>
    <OUTPUTLEN>000030</OUTPUTLEN>
    <LOWERCASE>X</LOWERCASE>
    <DDTEXT>BC430 Übungsvorlage-Domäne für Groß- und Kleinbuchstaben</DDTEXT>
   </DD01V>
   <I18N_LANGS>
    <LANGU>E</LANGU>
   </I18N_LANGS>
   <DD01_TEXTS>
    <item>
     <DDLANGUAGE>E</DDLANGUAGE>
     <DDTEXT>Case sensitive letter (BC430 Template)</DDTEXT>
    </item>
   </DD01_TEXTS>
  </asx:values>
 </asx:abap>
</abapGit>
