﻿<?xml version="1.0" encoding="utf-8"?>
<abapGit version="v1.0.0" serializer="LCL_OBJECT_DTEL" serializer_version="v1.0.0">
 <asx:abap xmlns:asx="http://www.sap.com/abapxml" version="1.0">
  <asx:values>
   <DD04V>
    <ROLLNAME>ZS_DEPTEXT</ROLLNAME>
    <DDLANGUAGE>D</DDLANGUAGE>
    <DOMNAME>ZS_TEXT</DOMNAME>
    <HEADLEN>04</HEADLEN>
    <SCRLEN1>04</SCRLEN1>
    <SCRLEN2>04</SCRLEN2>
    <SCRLEN3>04</SCRLEN3>
    <DDTEXT>Beschreibender Text zu einer Abteilung</DDTEXT>
    <REPTEXT>Text</REPTEXT>
    <SCRTEXT_S>Text</SCRTEXT_S>
    <SCRTEXT_M>Text</SCRTEXT_M>
    <SCRTEXT_L>Text</SCRTEXT_L>
    <DTELMASTER>D</DTELMASTER>
    <REFKIND>D</REFKIND>
   </DD04V>
   <I18N_LANGS>
    <LANGU>E</LANGU>
   </I18N_LANGS>
   <DD04_TEXTS>
    <item>
     <DDLANGUAGE>E</DDLANGUAGE>
     <DDTEXT>Descriptive text for a department</DDTEXT>
     <REPTEXT>Text</REPTEXT>
     <SCRTEXT_S>Text</SCRTEXT_S>
     <SCRTEXT_M>Text</SCRTEXT_M>
     <SCRTEXT_L>Text</SCRTEXT_L>
    </item>
   </DD04_TEXTS>
  </asx:values>
 </asx:abap>
</abapGit>
