﻿<?xml version="1.0" encoding="utf-8"?>
<abapGit version="v1.0.0" serializer="LCL_OBJECT_DTEL" serializer_version="v1.0.0">
 <asx:abap xmlns:asx="http://www.sap.com/abapxml" version="1.0">
  <asx:values>
   <DD04V>
    <ROLLNAME>ZS_FAXNUMB</ROLLNAME>
    <DDLANGUAGE>D</DDLANGUAGE>
    <DOMNAME>S_PHONE</DOMNAME>
    <HEADLEN>07</HEADLEN>
    <SCRLEN1>07</SCRLEN1>
    <SCRLEN2>09</SCRLEN2>
    <SCRLEN3>27</SCRLEN3>
    <DDTEXT>Faxnummer des Abteilungssekretariats</DDTEXT>
    <REPTEXT>Fax.Nr.</REPTEXT>
    <SCRTEXT_S>Fax.Nr.</SCRTEXT_S>
    <SCRTEXT_M>Faxnummer</SCRTEXT_M>
    <SCRTEXT_L>Fax-Nummer des Sekretariats</SCRTEXT_L>
    <DTELMASTER>D</DTELMASTER>
    <REFKIND>D</REFKIND>
   </DD04V>
   <I18N_LANGS>
    <LANGU>E</LANGU>
   </I18N_LANGS>
   <DD04_TEXTS>
    <item>
     <DDLANGUAGE>E</DDLANGUAGE>
     <DDTEXT>Fax number of departmental secretary&apos;s office</DDTEXT>
     <REPTEXT>Fax no.</REPTEXT>
     <SCRTEXT_S>Fax no.</SCRTEXT_S>
     <SCRTEXT_M>Fax no.</SCRTEXT_M>
     <SCRTEXT_L>Fax no. of secretary office</SCRTEXT_L>
    </item>
   </DD04_TEXTS>
  </asx:values>
 </asx:abap>
</abapGit>
