﻿<?xml version="1.0" encoding="utf-8"?>
<abapGit version="v1.0.0" serializer="LCL_OBJECT_DTEL" serializer_version="v1.0.0">
 <asx:abap xmlns:asx="http://www.sap.com/abapxml" version="1.0">
  <asx:values>
   <DD04V>
    <ROLLNAME>ZS_FNAME</ROLLNAME>
    <DDLANGUAGE>D</DDLANGUAGE>
    <DOMNAME>S_FNAME</DOMNAME>
    <HEADLEN>40</HEADLEN>
    <SCRLEN1>10</SCRLEN1>
    <SCRLEN2>17</SCRLEN2>
    <SCRLEN3>20</SCRLEN3>
    <DDTEXT>Vorname eines Mitarbeiters</DDTEXT>
    <REPTEXT>Vorname</REPTEXT>
    <SCRTEXT_S>Vorname</SCRTEXT_S>
    <SCRTEXT_M>Vorname</SCRTEXT_M>
    <SCRTEXT_L>Vorname</SCRTEXT_L>
    <DTELMASTER>D</DTELMASTER>
    <REFKIND>D</REFKIND>
   </DD04V>
   <I18N_LANGS>
    <LANGU>E</LANGU>
   </I18N_LANGS>
   <DD04_TEXTS>
    <item>
     <DDLANGUAGE>E</DDLANGUAGE>
     <DDTEXT>Employee first name</DDTEXT>
     <REPTEXT>First name</REPTEXT>
     <SCRTEXT_S>First name</SCRTEXT_S>
     <SCRTEXT_M>First name</SCRTEXT_M>
     <SCRTEXT_L>First name</SCRTEXT_L>
    </item>
   </DD04_TEXTS>
  </asx:values>
 </asx:abap>
</abapGit>
