﻿<?xml version="1.0" encoding="utf-8"?>
<abapGit version="v1.0.0" serializer="LCL_OBJECT_DTEL" serializer_version="v1.0.0">
 <asx:abap xmlns:asx="http://www.sap.com/abapxml" version="1.0">
  <asx:values>
   <DD04V>
    <ROLLNAME>ZS_HEAD</ROLLNAME>
    <DDLANGUAGE>D</DDLANGUAGE>
    <DOMNAME>ZS_NNAME</DOMNAME>
    <HEADLEN>20</HEADLEN>
    <SCRLEN1>10</SCRLEN1>
    <SCRLEN2>16</SCRLEN2>
    <SCRLEN3>30</SCRLEN3>
    <DDTEXT>Nachname des Abteilungsleiters</DDTEXT>
    <REPTEXT>Abteilungsleiter</REPTEXT>
    <SCRTEXT_S>Abt.leiter</SCRTEXT_S>
    <SCRTEXT_M>Abteilungsleiter</SCRTEXT_M>
    <SCRTEXT_L>Nachname des Abteilungsleiters</SCRTEXT_L>
    <DTELMASTER>D</DTELMASTER>
    <REFKIND>D</REFKIND>
   </DD04V>
   <I18N_LANGS>
    <LANGU>E</LANGU>
   </I18N_LANGS>
   <DD04_TEXTS>
    <item>
     <DDLANGUAGE>E</DDLANGUAGE>
     <DDTEXT>Last name of department head</DDTEXT>
     <REPTEXT>Department head</REPTEXT>
     <SCRTEXT_S>Dept. head</SCRTEXT_S>
     <SCRTEXT_M>Department head</SCRTEXT_M>
     <SCRTEXT_L>Last name of department head</SCRTEXT_L>
    </item>
   </DD04_TEXTS>
  </asx:values>
 </asx:abap>
</abapGit>
