﻿<?xml version="1.0" encoding="utf-8"?>
<abapGit version="v1.0.0" serializer="LCL_OBJECT_DTEL" serializer_version="v1.0.0">
 <asx:abap xmlns:asx="http://www.sap.com/abapxml" version="1.0">
  <asx:values>
   <DD04V>
    <ROLLNAME>ZS_PHONETYPE</ROLLNAME>
    <DDLANGUAGE>D</DDLANGUAGE>
    <DOMNAME>ZSDO_PHONETYPE</DOMNAME>
    <HEADLEN>04</HEADLEN>
    <SCRLEN1>08</SCRLEN1>
    <SCRLEN2>12</SCRLEN2>
    <SCRLEN3>15</SCRLEN3>
    <DDTEXT>BC430 Übungsvorlage-Unterscheidungsmerkmal TelNr</DDTEXT>
    <REPTEXT>TTyp</REPTEXT>
    <SCRTEXT_S>TelTyp</SCRTEXT_S>
    <SCRTEXT_M>Telefontyp</SCRTEXT_M>
    <SCRTEXT_L>Telefontyp</SCRTEXT_L>
    <DTELMASTER>D</DTELMASTER>
    <REFKIND>D</REFKIND>
   </DD04V>
   <I18N_LANGS>
    <LANGU>E</LANGU>
   </I18N_LANGS>
   <DD04_TEXTS>
    <item>
     <DDLANGUAGE>E</DDLANGUAGE>
     <DDTEXT>Distinguishing feature phone type (BC430 Template)</DDTEXT>
     <REPTEXT>PhTp</REPTEXT>
     <SCRTEXT_S>Phone Tp</SCRTEXT_S>
     <SCRTEXT_M>Phone type</SCRTEXT_M>
     <SCRTEXT_L>Phone type</SCRTEXT_L>
    </item>
   </DD04_TEXTS>
  </asx:values>
 </asx:abap>
</abapGit>
