﻿<?xml version="1.0" encoding="utf-8"?>
<abapGit version="v1.0.0" serializer="LCL_OBJECT_DTEL" serializer_version="v1.0.0">
 <asx:abap xmlns:asx="http://www.sap.com/abapxml" version="1.0">
  <asx:values>
   <DD04V>
    <ROLLNAME>ZS_TELNO</ROLLNAME>
    <DDLANGUAGE>D</DDLANGUAGE>
    <DOMNAME>S_PHONE</DOMNAME>
    <HEADLEN>13</HEADLEN>
    <SCRLEN1>04</SCRLEN1>
    <SCRLEN2>10</SCRLEN2>
    <SCRLEN3>13</SCRLEN3>
    <DDTEXT>Telefonnummer einer Abteilung</DDTEXT>
    <REPTEXT>Telefonnummer</REPTEXT>
    <SCRTEXT_S>Tel.</SCRTEXT_S>
    <SCRTEXT_M>Telefonnr.</SCRTEXT_M>
    <SCRTEXT_L>Telefonnummer</SCRTEXT_L>
    <DTELMASTER>D</DTELMASTER>
    <REFKIND>D</REFKIND>
   </DD04V>
   <I18N_LANGS>
    <LANGU>E</LANGU>
   </I18N_LANGS>
   <DD04_TEXTS>
    <item>
     <DDLANGUAGE>E</DDLANGUAGE>
     <DDTEXT>Telephone number of a department</DDTEXT>
     <REPTEXT>Telephone no.</REPTEXT>
     <SCRTEXT_S>Tel.</SCRTEXT_S>
     <SCRTEXT_M>Tel. no.</SCRTEXT_M>
     <SCRTEXT_L>Telephone no.</SCRTEXT_L>
    </item>
   </DD04_TEXTS>
  </asx:values>
 </asx:abap>
</abapGit>
