﻿<?xml version="1.0" encoding="utf-8"?>
<abapGit version="v1.0.0" serializer="LCL_OBJECT_DTEL" serializer_version="v1.0.0">
 <asx:abap xmlns:asx="http://www.sap.com/abapxml" version="1.0">
  <asx:values>
   <DD04V>
    <ROLLNAME>ZS_WEIGHTUNIT</ROLLNAME>
    <DDLANGUAGE>D</DDLANGUAGE>
    <DOMNAME>ZS_WEIGHTUNIT</DOMNAME>
    <HEADLEN>07</HEADLEN>
    <SCRLEN1>10</SCRLEN1>
    <SCRLEN2>15</SCRLEN2>
    <SCRLEN3>20</SCRLEN3>
    <DDTEXT>Gewichtseinheit</DDTEXT>
    <REPTEXT>Einheit</REPTEXT>
    <SCRTEXT_S>Einheit</SCRTEXT_S>
    <SCRTEXT_M>Gewichtseinheit</SCRTEXT_M>
    <SCRTEXT_L>Gewichtseinheit</SCRTEXT_L>
    <DTELMASTER>D</DTELMASTER>
    <REFKIND>D</REFKIND>
   </DD04V>
   <I18N_LANGS>
    <LANGU>E</LANGU>
   </I18N_LANGS>
   <DD04_TEXTS>
    <item>
     <DDLANGUAGE>E</DDLANGUAGE>
     <DDTEXT>Weight unit</DDTEXT>
     <REPTEXT>Unit</REPTEXT>
     <SCRTEXT_S>Unit</SCRTEXT_S>
     <SCRTEXT_M>Weight unit</SCRTEXT_M>
     <SCRTEXT_L>Weight unit</SCRTEXT_L>
    </item>
   </DD04_TEXTS>
  </asx:values>
 </asx:abap>
</abapGit>
