﻿<?xml version="1.0" encoding="utf-8"?>
<abapGit version="v1.0.0" serializer="LCL_OBJECT_VIEW" serializer_version="v1.0.0">
 <asx:abap xmlns:asx="http://www.sap.com/abapxml" version="1.0">
  <asx:values>
   <DD25V>
    <VIEWNAME>ZSBUSPARTS</VIEWNAME>
    <AS4LOCAL>A</AS4LOCAL>
    <DDLANGUAGE>D</DDLANGUAGE>
    <AGGTYPE>V</AGGTYPE>
    <ROOTTAB>SBUSPART</ROOTTAB>
    <DDTEXT>Pflege-View für die Buiseness Partner</DDTEXT>
    <VIEWCLASS>C</VIEWCLASS>
   </DD25V>
   <DD26V_TABLE>
    <DD26V>
     <VIEWNAME>ZSBUSPARTS</VIEWNAME>
     <TABNAME>SBUSPART</TABNAME>
     <TABPOS>0001</TABPOS>
     <FORTABNAME>SBUSPART</FORTABNAME>
    </DD26V>
    <DD26V>
     <VIEWNAME>ZSBUSPARTS</VIEWNAME>
     <TABNAME>STRAVELAG</TABNAME>
     <TABPOS>0002</TABPOS>
     <FORTABNAME>SBUSPART</FORTABNAME>
     <FORFIELD>AGENCYNUM</FORFIELD>
     <FORDIR>I</FORDIR>
    </DD26V>
   </DD26V_TABLE>
   <DD27P_TABLE>
    <DD27P>
     <VIEWNAME>ZSBUSPARTS</VIEWNAME>
     <OBJPOS>0001</OBJPOS>
     <DDLANGUAGE>D</DDLANGUAGE>
     <VIEWFIELD>MANDANT</VIEWFIELD>
     <TABNAME>SBUSPART</TABNAME>
     <FIELDNAME>MANDANT</FIELDNAME>
     <KEYFLAG>X</KEYFLAG>
     <ROLLNAME>S_MANDT</ROLLNAME>
     <ROLLNAMEVI>S_MANDT</ROLLNAMEVI>
     <CHECKTABLE>T000</CHECKTABLE>
     <SHLPORIGIN>P</SHLPORIGIN>
    </DD27P>
    <DD27P>
     <VIEWNAME>ZSBUSPARTS</VIEWNAME>
     <OBJPOS>0002</OBJPOS>
     <DDLANGUAGE>D</DDLANGUAGE>
     <VIEWFIELD>BUSPARTNUM</VIEWFIELD>
     <TABNAME>SBUSPART</TABNAME>
     <FIELDNAME>BUSPARTNUM</FIELDNAME>
     <KEYFLAG>X</KEYFLAG>
     <ROLLNAME>S_BUSPANUM</ROLLNAME>
     <ROLLNAMEVI>S_BUSPANUM</ROLLNAMEVI>
    </DD27P>
    <DD27P>
     <VIEWNAME>ZSBUSPARTS</VIEWNAME>
     <OBJPOS>0003</OBJPOS>
     <DDLANGUAGE>D</DDLANGUAGE>
     <VIEWFIELD>CONTACT</VIEWFIELD>
     <TABNAME>SBUSPART</TABNAME>
     <FIELDNAME>CONTACT</FIELDNAME>
     <ROLLNAME>S_CONTACT</ROLLNAME>
     <ROLLNAMEVI>S_CONTACT</ROLLNAMEVI>
    </DD27P>
    <DD27P>
     <VIEWNAME>ZSBUSPARTS</VIEWNAME>
     <OBJPOS>0004</OBJPOS>
     <DDLANGUAGE>D</DDLANGUAGE>
     <VIEWFIELD>CONTPHONO</VIEWFIELD>
     <TABNAME>SBUSPART</TABNAME>
     <FIELDNAME>CONTPHONO</FIELDNAME>
     <ROLLNAME>S_CPHONENO</ROLLNAME>
     <ROLLNAMEVI>S_CPHONENO</ROLLNAMEVI>
    </DD27P>
    <DD27P>
     <VIEWNAME>ZSBUSPARTS</VIEWNAME>
     <OBJPOS>0005</OBJPOS>
     <DDLANGUAGE>D</DDLANGUAGE>
     <VIEWFIELD>BUSPATYP</VIEWFIELD>
     <TABNAME>SBUSPART</TABNAME>
     <FIELDNAME>BUSPATYP</FIELDNAME>
     <ROLLNAME>S_BUSPATYP</ROLLNAME>
     <ROLLNAMEVI>S_BUSPATYP</ROLLNAMEVI>
     <SHLPORIGIN>F</SHLPORIGIN>
     <VALEXI>X</VALEXI>
    </DD27P>
    <DD27P>
     <VIEWNAME>ZSBUSPARTS</VIEWNAME>
     <OBJPOS>0006</OBJPOS>
     <DDLANGUAGE>D</DDLANGUAGE>
     <VIEWFIELD>NAME</VIEWFIELD>
     <TABNAME>STRAVELAG</TABNAME>
     <FIELDNAME>NAME</FIELDNAME>
     <ROLLNAME>S_AGNCYNAM</ROLLNAME>
     <ROLLNAMEVI>S_AGNCYNAM</ROLLNAMEVI>
    </DD27P>
    <DD27P>
     <VIEWNAME>ZSBUSPARTS</VIEWNAME>
     <OBJPOS>0007</OBJPOS>
     <DDLANGUAGE>D</DDLANGUAGE>
     <VIEWFIELD>STREET</VIEWFIELD>
     <TABNAME>STRAVELAG</TABNAME>
     <FIELDNAME>STREET</FIELDNAME>
     <ROLLNAME>S_STREET</ROLLNAME>
     <ROLLNAMEVI>S_STREET</ROLLNAMEVI>
    </DD27P>
    <DD27P>
     <VIEWNAME>ZSBUSPARTS</VIEWNAME>
     <OBJPOS>0008</OBJPOS>
     <DDLANGUAGE>D</DDLANGUAGE>
     <VIEWFIELD>POSTBOX</VIEWFIELD>
     <TABNAME>STRAVELAG</TABNAME>
     <FIELDNAME>POSTBOX</FIELDNAME>
     <ROLLNAME>S_POSTBOX</ROLLNAME>
     <ROLLNAMEVI>S_POSTBOX</ROLLNAMEVI>
     <LOGFLAG>X</LOGFLAG>
    </DD27P>
    <DD27P>
     <VIEWNAME>ZSBUSPARTS</VIEWNAME>
     <OBJPOS>0009</OBJPOS>
     <DDLANGUAGE>D</DDLANGUAGE>
     <VIEWFIELD>POSTCODE</VIEWFIELD>
     <TABNAME>STRAVELAG</TABNAME>
     <FIELDNAME>POSTCODE</FIELDNAME>
     <ROLLNAME>POSTCODE</ROLLNAME>
     <ROLLNAMEVI>POSTCODE</ROLLNAMEVI>
     <LOGFLAG>X</LOGFLAG>
    </DD27P>
    <DD27P>
     <VIEWNAME>ZSBUSPARTS</VIEWNAME>
     <OBJPOS>0010</OBJPOS>
     <DDLANGUAGE>D</DDLANGUAGE>
     <VIEWFIELD>CITY</VIEWFIELD>
     <TABNAME>STRAVELAG</TABNAME>
     <FIELDNAME>CITY</FIELDNAME>
     <ROLLNAME>CITY</ROLLNAME>
     <ROLLNAMEVI>CITY</ROLLNAMEVI>
     <LOGFLAG>X</LOGFLAG>
    </DD27P>
    <DD27P>
     <VIEWNAME>ZSBUSPARTS</VIEWNAME>
     <OBJPOS>0011</OBJPOS>
     <DDLANGUAGE>D</DDLANGUAGE>
     <VIEWFIELD>COUNTRY</VIEWFIELD>
     <TABNAME>STRAVELAG</TABNAME>
     <FIELDNAME>COUNTRY</FIELDNAME>
     <ROLLNAME>S_COUNTRY</ROLLNAME>
     <ROLLNAMEVI>S_COUNTRY</ROLLNAMEVI>
    </DD27P>
    <DD27P>
     <VIEWNAME>ZSBUSPARTS</VIEWNAME>
     <OBJPOS>0012</OBJPOS>
     <DDLANGUAGE>D</DDLANGUAGE>
     <VIEWFIELD>REGION</VIEWFIELD>
     <TABNAME>STRAVELAG</TABNAME>
     <FIELDNAME>REGION</FIELDNAME>
     <ROLLNAME>S_REGION</ROLLNAME>
     <ROLLNAMEVI>S_REGION</ROLLNAMEVI>
    </DD27P>
    <DD27P>
     <VIEWNAME>ZSBUSPARTS</VIEWNAME>
     <OBJPOS>0013</OBJPOS>
     <DDLANGUAGE>D</DDLANGUAGE>
     <VIEWFIELD>TELEPHONE</VIEWFIELD>
     <TABNAME>STRAVELAG</TABNAME>
     <FIELDNAME>TELEPHONE</FIELDNAME>
     <ROLLNAME>S_PHONENO</ROLLNAME>
     <ROLLNAMEVI>S_PHONENO</ROLLNAMEVI>
    </DD27P>
    <DD27P>
     <VIEWNAME>ZSBUSPARTS</VIEWNAME>
     <OBJPOS>0014</OBJPOS>
     <DDLANGUAGE>D</DDLANGUAGE>
     <VIEWFIELD>URL</VIEWFIELD>
     <TABNAME>STRAVELAG</TABNAME>
     <FIELDNAME>URL</FIELDNAME>
     <ROLLNAME>S_URL</ROLLNAME>
     <ROLLNAMEVI>S_URL</ROLLNAMEVI>
    </DD27P>
    <DD27P>
     <VIEWNAME>ZSBUSPARTS</VIEWNAME>
     <OBJPOS>0015</OBJPOS>
     <DDLANGUAGE>D</DDLANGUAGE>
     <VIEWFIELD>LANGU</VIEWFIELD>
     <TABNAME>STRAVELAG</TABNAME>
     <FIELDNAME>LANGU</FIELDNAME>
     <ROLLNAME>SPRAS</ROLLNAME>
     <ROLLNAMEVI>SPRAS</ROLLNAMEVI>
     <CHECKTABLE>T002</CHECKTABLE>
     <SHLPORIGIN>P</SHLPORIGIN>
     <SHLPNAME>H_T002</SHLPNAME>
     <SHLPFIELD>SPRAS</SHLPFIELD>
     <LOGFLAG>X</LOGFLAG>
    </DD27P>
   </DD27P_TABLE>
   <DD28J_TABLE>
    <DD28J>
     <VIEWNAME>ZSBUSPARTS</VIEWNAME>
     <LTAB>SBUSPART</LTAB>
     <LFIELD>MANDANT</LFIELD>
     <OPERATOR>EQ</OPERATOR>
     <RTAB>STRAVELAG</RTAB>
     <RFIELD>MANDT</RFIELD>
     <SOURCE>F</SOURCE>
     <FRKTAB>STRAVELAG</FRKTAB>
     <FRKFIELD>AGENCYNUM</FRKFIELD>
     <FRKDIR>I</FRKDIR>
    </DD28J>
    <DD28J>
     <VIEWNAME>ZSBUSPARTS</VIEWNAME>
     <LTAB>SBUSPART</LTAB>
     <LFIELD>BUSPARTNUM</LFIELD>
     <OPERATOR>EQ</OPERATOR>
     <RTAB>STRAVELAG</RTAB>
     <RFIELD>AGENCYNUM</RFIELD>
     <SOURCE>F</SOURCE>
     <FRKTAB>STRAVELAG</FRKTAB>
     <FRKFIELD>AGENCYNUM</FRKFIELD>
     <FRKDIR>I</FRKDIR>
    </DD28J>
   </DD28J_TABLE>
  </asx:values>
 </asx:abap>
</abapGit>
