﻿<?xml version="1.0" encoding="utf-8"?>
<abapGit version="v1.0.0" serializer="LCL_OBJECT_SHLP" serializer_version="v1.0.0">
 <asx:abap xmlns:asx="http://www.sap.com/abapxml" version="1.0">
  <asx:values>
   <DD30V>
    <SHLPNAME>ZSBUSPART</SHLPNAME>
    <DDLANGUAGE>D</DDLANGUAGE>
    <DDTEXT>Suche Nummer eines Geschäftspartners (Reisebüro oder Kunde)</DDTEXT>
    <ISSIMPLE>X</ISSIMPLE>
    <SELMETHOD>SBUSPART</SELMETHOD>
    <SELMTYPE>T</SELMTYPE>
    <HOTKEY>C</HOTKEY>
    <DIALOGTYPE>C</DIALOGTYPE>
   </DD30V>
   <DD32P_TABLE>
    <DD32P>
     <SHLPNAME>ZSBUSPART</SHLPNAME>
     <FIELDNAME>BUSPARTNUM</FIELDNAME>
     <FLPOSITION>0001</FLPOSITION>
     <ROLLNAME>S_BUSPANUM</ROLLNAME>
     <SHLPINPUT>X</SHLPINPUT>
     <SHLPOUTPUT>X</SHLPOUTPUT>
     <SHLPSELPOS>02</SHLPSELPOS>
     <SHLPLISPOS>01</SHLPLISPOS>
     <SCRLEN3>20</SCRLEN3>
    </DD32P>
    <DD32P>
     <SHLPNAME>ZSBUSPART</SHLPNAME>
     <FIELDNAME>CONTACT</FIELDNAME>
     <FLPOSITION>0002</FLPOSITION>
     <ROLLNAME>S_CONTACT</ROLLNAME>
     <SHLPINPUT>X</SHLPINPUT>
     <SHLPOUTPUT>X</SHLPOUTPUT>
     <SHLPSELPOS>01</SHLPSELPOS>
     <SHLPLISPOS>02</SHLPLISPOS>
     <SCRLEN3>20</SCRLEN3>
    </DD32P>
   </DD32P_TABLE>
  </asx:values>
 </asx:abap>
</abapGit>
