﻿<?xml version="1.0" encoding="utf-8"?>
<abapGit version="v1.0.0" serializer="LCL_OBJECT_DTEL" serializer_version="v1.0.0">
 <asx:abap xmlns:asx="http://www.sap.com/abapxml" version="1.0">
  <asx:values>
   <DD04V>
    <ROLLNAME>ZSCARGO_TYPE</ROLLNAME>
    <DDLANGUAGE>D</DDLANGUAGE>
    <DOMNAME>ZSCARGO_TYPE</DOMNAME>
    <HEADLEN>01</HEADLEN>
    <SCRLEN1>10</SCRLEN1>
    <SCRLEN2>15</SCRLEN2>
    <SCRLEN3>20</SCRLEN3>
    <DDTEXT>Typ der Fracht</DDTEXT>
    <REPTEXT>T</REPTEXT>
    <SCRTEXT_S>Typ</SCRTEXT_S>
    <SCRTEXT_M>Frachttyp</SCRTEXT_M>
    <SCRTEXT_L>Typ der Fracht</SCRTEXT_L>
    <DTELMASTER>D</DTELMASTER>
    <REFKIND>D</REFKIND>
   </DD04V>
   <I18N_LANGS>
    <LANGU>E</LANGU>
   </I18N_LANGS>
   <DD04_TEXTS>
    <item>
     <DDLANGUAGE>E</DDLANGUAGE>
     <DDTEXT>Type of freight</DDTEXT>
     <REPTEXT>T</REPTEXT>
     <SCRTEXT_S>Type</SCRTEXT_S>
     <SCRTEXT_M>Type of freight</SCRTEXT_M>
     <SCRTEXT_L>Type of freight</SCRTEXT_L>
    </item>
   </DD04_TEXTS>
  </asx:values>
 </asx:abap>
</abapGit>
