﻿<?xml version="1.0" encoding="utf-8"?>
<abapGit version="v1.0.0" serializer="LCL_OBJECT_DTEL" serializer_version="v1.0.0">
 <asx:abap xmlns:asx="http://www.sap.com/abapxml" version="1.0">
  <asx:values>
   <DD04V>
    <ROLLNAME>ZSCARGO_DESC</ROLLNAME>
    <DDLANGUAGE>D</DDLANGUAGE>
    <DOMNAME>ZSCARGO_DESC</DOMNAME>
    <HEADLEN>30</HEADLEN>
    <SCRLEN1>10</SCRLEN1>
    <SCRLEN2>15</SCRLEN2>
    <SCRLEN3>20</SCRLEN3>
    <DDTEXT>Frachtbeschreibung</DDTEXT>
    <REPTEXT>Beschreibung</REPTEXT>
    <SCRTEXT_S>Text</SCRTEXT_S>
    <SCRTEXT_M>Beschreibung</SCRTEXT_M>
    <SCRTEXT_L>Frachtbeschreibung</SCRTEXT_L>
    <DTELMASTER>D</DTELMASTER>
    <REFKIND>D</REFKIND>
   </DD04V>
   <I18N_LANGS>
    <LANGU>E</LANGU>
   </I18N_LANGS>
   <DD04_TEXTS>
    <item>
     <DDLANGUAGE>E</DDLANGUAGE>
     <DDTEXT>Freight description</DDTEXT>
     <REPTEXT>Description</REPTEXT>
     <SCRTEXT_S>Text</SCRTEXT_S>
     <SCRTEXT_M>Description</SCRTEXT_M>
     <SCRTEXT_L>Freight description</SCRTEXT_L>
    </item>
   </DD04_TEXTS>
  </asx:values>
 </asx:abap>
</abapGit>
