﻿<?xml version="1.0" encoding="utf-8"?>
<abapGit version="v1.0.0" serializer="LCL_OBJECT_DTEL" serializer_version="v1.0.0">
 <asx:abap xmlns:asx="http://www.sap.com/abapxml" version="1.0">
  <asx:values>
   <DD04V>
    <ROLLNAME>ZSCARGO_VALUE</ROLLNAME>
    <DDLANGUAGE>D</DDLANGUAGE>
    <DOMNAME>S_PRICE</DOMNAME>
    <HEADLEN>20</HEADLEN>
    <SCRLEN1>10</SCRLEN1>
    <SCRLEN2>15</SCRLEN2>
    <SCRLEN3>20</SCRLEN3>
    <DDTEXT>Wert der Fracht</DDTEXT>
    <REPTEXT>Wert</REPTEXT>
    <SCRTEXT_S>Wert</SCRTEXT_S>
    <SCRTEXT_M>Frachtwert</SCRTEXT_M>
    <SCRTEXT_L>Wert der Fracht</SCRTEXT_L>
    <DTELMASTER>D</DTELMASTER>
    <REFKIND>D</REFKIND>
   </DD04V>
   <I18N_LANGS>
    <LANGU>E</LANGU>
   </I18N_LANGS>
   <DD04_TEXTS>
    <item>
     <DDLANGUAGE>E</DDLANGUAGE>
     <DDTEXT>Freight value</DDTEXT>
     <REPTEXT>Value</REPTEXT>
     <SCRTEXT_S>Value</SCRTEXT_S>
     <SCRTEXT_M>Freight Value</SCRTEXT_M>
     <SCRTEXT_L>Freight value</SCRTEXT_L>
    </item>
   </DD04_TEXTS>
  </asx:values>
 </asx:abap>
</abapGit>
