﻿<?xml version="1.0" encoding="utf-8"?>
<abapGit version="v1.0.0" serializer="LCL_OBJECT_VIEW" serializer_version="v1.0.0">
 <asx:abap xmlns:asx="http://www.sap.com/abapxml" version="1.0">
  <asx:values>
   <DD25V>
    <VIEWNAME>ZSCREWS</VIEWNAME>
    <AS4LOCAL>A</AS4LOCAL>
    <DDLANGUAGE>D</DDLANGUAGE>
    <AGGTYPE>V</AGGTYPE>
    <ROOTTAB>SEMPLOYES</ROOTTAB>
    <DDTEXT>Sicht auf die Besatzung eines Fluges</DDTEXT>
    <VIEWCLASS>D</VIEWCLASS>
    <VIEWGRANT>R</VIEWGRANT>
   </DD25V>
   <DD09L>
    <TABNAME>ZSCREWS</TABNAME>
    <AS4LOCAL>A</AS4LOCAL>
    <BUFALLOW>N</BUFALLOW>
   </DD09L>
   <DD26V_TABLE>
    <DD26V>
     <VIEWNAME>ZSCREWS</VIEWNAME>
     <TABNAME>SEMPLOYES</TABNAME>
     <TABPOS>0001</TABPOS>
     <FORTABNAME>SEMPLOYES</FORTABNAME>
    </DD26V>
    <DD26V>
     <VIEWNAME>ZSCREWS</VIEWNAME>
     <TABNAME>SFLIGHT</TABNAME>
     <TABPOS>0002</TABPOS>
    </DD26V>
    <DD26V>
     <VIEWNAME>ZSCREWS</VIEWNAME>
     <TABNAME>SPFLI</TABNAME>
     <TABPOS>0003</TABPOS>
    </DD26V>
    <DD26V>
     <VIEWNAME>ZSCREWS</VIEWNAME>
     <TABNAME>SFLCREW</TABNAME>
     <TABPOS>0004</TABPOS>
    </DD26V>
   </DD26V_TABLE>
   <DD27P_TABLE>
    <DD27P>
     <VIEWNAME>ZSCREWS</VIEWNAME>
     <OBJPOS>0001</OBJPOS>
     <DDLANGUAGE>D</DDLANGUAGE>
     <VIEWFIELD>CLIENT</VIEWFIELD>
     <TABNAME>SFLCREW</TABNAME>
     <FIELDNAME>CLIENT</FIELDNAME>
     <KEYFLAG>X</KEYFLAG>
     <ROLLNAME>S_MANDT</ROLLNAME>
     <ROLLNAMEVI>S_MANDT</ROLLNAMEVI>
     <CHECKTABLE>T000</CHECKTABLE>
     <SHLPORIGIN>P</SHLPORIGIN>
    </DD27P>
    <DD27P>
     <VIEWNAME>ZSCREWS</VIEWNAME>
     <OBJPOS>0002</OBJPOS>
     <DDLANGUAGE>D</DDLANGUAGE>
     <VIEWFIELD>CARRID</VIEWFIELD>
     <TABNAME>SFLCREW</TABNAME>
     <FIELDNAME>CARRID</FIELDNAME>
     <KEYFLAG>X</KEYFLAG>
     <ROLLNAME>S_CARR_ID</ROLLNAME>
     <ROLLNAMEVI>S_CARR_ID</ROLLNAMEVI>
     <CHECKTABLE>SCARR</CHECKTABLE>
     <SHLPORIGIN>P</SHLPORIGIN>
     <SHLPNAME>S_CARRIER_ID</SHLPNAME>
     <SHLPFIELD>CARRID</SHLPFIELD>
    </DD27P>
    <DD27P>
     <VIEWNAME>ZSCREWS</VIEWNAME>
     <OBJPOS>0003</OBJPOS>
     <DDLANGUAGE>D</DDLANGUAGE>
     <VIEWFIELD>CONNID</VIEWFIELD>
     <TABNAME>SFLCREW</TABNAME>
     <FIELDNAME>CONNID</FIELDNAME>
     <KEYFLAG>X</KEYFLAG>
     <ROLLNAME>S_CONN_ID</ROLLNAME>
     <ROLLNAMEVI>S_CONN_ID</ROLLNAMEVI>
     <CHECKTABLE>SPFLI</CHECKTABLE>
     <SHLPORIGIN>P</SHLPORIGIN>
    </DD27P>
    <DD27P>
     <VIEWNAME>ZSCREWS</VIEWNAME>
     <OBJPOS>0004</OBJPOS>
     <DDLANGUAGE>D</DDLANGUAGE>
     <VIEWFIELD>FLDATE</VIEWFIELD>
     <TABNAME>SFLCREW</TABNAME>
     <FIELDNAME>FLDATE</FIELDNAME>
     <KEYFLAG>X</KEYFLAG>
     <ROLLNAME>S_DATE</ROLLNAME>
     <ROLLNAMEVI>S_DATE</ROLLNAMEVI>
     <CHECKTABLE>SFLIGHT</CHECKTABLE>
     <SHLPORIGIN>P</SHLPORIGIN>
    </DD27P>
    <DD27P>
     <VIEWNAME>ZSCREWS</VIEWNAME>
     <OBJPOS>0005</OBJPOS>
     <DDLANGUAGE>D</DDLANGUAGE>
     <VIEWFIELD>EMP_NUM</VIEWFIELD>
     <TABNAME>SFLCREW</TABNAME>
     <FIELDNAME>EMP_NUM</FIELDNAME>
     <KEYFLAG>X</KEYFLAG>
     <ROLLNAME>SEMP_NUM</ROLLNAME>
     <ROLLNAMEVI>SEMP_NUM</ROLLNAMEVI>
    </DD27P>
    <DD27P>
     <VIEWNAME>ZSCREWS</VIEWNAME>
     <OBJPOS>0006</OBJPOS>
     <DDLANGUAGE>D</DDLANGUAGE>
     <VIEWFIELD>FIRST_NAME</VIEWFIELD>
     <TABNAME>SEMPLOYES</TABNAME>
     <FIELDNAME>FIRST_NAME</FIELDNAME>
     <ROLLNAME>S_FNAME</ROLLNAME>
     <ROLLNAMEVI>S_FNAME</ROLLNAMEVI>
    </DD27P>
    <DD27P>
     <VIEWNAME>ZSCREWS</VIEWNAME>
     <OBJPOS>0007</OBJPOS>
     <DDLANGUAGE>D</DDLANGUAGE>
     <VIEWFIELD>LAST_NAME</VIEWFIELD>
     <TABNAME>SEMPLOYES</TABNAME>
     <FIELDNAME>LAST_NAME</FIELDNAME>
     <ROLLNAME>S_LNAME</ROLLNAME>
     <ROLLNAMEVI>S_LNAME</ROLLNAMEVI>
    </DD27P>
    <DD27P>
     <VIEWNAME>ZSCREWS</VIEWNAME>
     <OBJPOS>0008</OBJPOS>
     <DDLANGUAGE>D</DDLANGUAGE>
     <VIEWFIELD>ROLE</VIEWFIELD>
     <TABNAME>SFLCREW</TABNAME>
     <FIELDNAME>ROLE</FIELDNAME>
     <ROLLNAME>SEMP_ROLE</ROLLNAME>
     <ROLLNAMEVI>SEMP_ROLE</ROLLNAMEVI>
    </DD27P>
    <DD27P>
     <VIEWNAME>ZSCREWS</VIEWNAME>
     <OBJPOS>0009</OBJPOS>
     <DDLANGUAGE>D</DDLANGUAGE>
     <VIEWFIELD>PLANETYPE</VIEWFIELD>
     <TABNAME>SFLIGHT</TABNAME>
     <FIELDNAME>PLANETYPE</FIELDNAME>
     <ROLLNAME>S_PLANETYE</ROLLNAME>
     <ROLLNAMEVI>S_PLANETYE</ROLLNAMEVI>
     <CHECKTABLE>SAPLANE</CHECKTABLE>
     <SHLPORIGIN>P</SHLPORIGIN>
     <LOGFLAG>X</LOGFLAG>
    </DD27P>
    <DD27P>
     <VIEWNAME>ZSCREWS</VIEWNAME>
     <OBJPOS>0010</OBJPOS>
     <DDLANGUAGE>D</DDLANGUAGE>
     <VIEWFIELD>COUNTRYFR</VIEWFIELD>
     <TABNAME>SPFLI</TABNAME>
     <FIELDNAME>COUNTRYFR</FIELDNAME>
     <ROLLNAME>LAND1</ROLLNAME>
     <ROLLNAMEVI>LAND1</ROLLNAMEVI>
     <CHECKTABLE>SGEOCITY</CHECKTABLE>
     <SHLPORIGIN>P</SHLPORIGIN>
     <LOGFLAG>X</LOGFLAG>
    </DD27P>
    <DD27P>
     <VIEWNAME>ZSCREWS</VIEWNAME>
     <OBJPOS>0011</OBJPOS>
     <DDLANGUAGE>D</DDLANGUAGE>
     <VIEWFIELD>CITYFROM</VIEWFIELD>
     <TABNAME>SPFLI</TABNAME>
     <FIELDNAME>CITYFROM</FIELDNAME>
     <ROLLNAME>S_FROM_CIT</ROLLNAME>
     <ROLLNAMEVI>S_FROM_CIT</ROLLNAMEVI>
     <CHECKTABLE>SGEOCITY</CHECKTABLE>
     <SHLPORIGIN>P</SHLPORIGIN>
    </DD27P>
    <DD27P>
     <VIEWNAME>ZSCREWS</VIEWNAME>
     <OBJPOS>0012</OBJPOS>
     <DDLANGUAGE>D</DDLANGUAGE>
     <VIEWFIELD>COUNTRYTO</VIEWFIELD>
     <TABNAME>SPFLI</TABNAME>
     <FIELDNAME>COUNTRYTO</FIELDNAME>
     <ROLLNAME>LAND1</ROLLNAME>
     <ROLLNAMEVI>LAND1</ROLLNAMEVI>
     <CHECKTABLE>SGEOCITY</CHECKTABLE>
     <SHLPORIGIN>P</SHLPORIGIN>
     <LOGFLAG>X</LOGFLAG>
    </DD27P>
    <DD27P>
     <VIEWNAME>ZSCREWS</VIEWNAME>
     <OBJPOS>0013</OBJPOS>
     <DDLANGUAGE>D</DDLANGUAGE>
     <VIEWFIELD>CITYTO</VIEWFIELD>
     <TABNAME>SPFLI</TABNAME>
     <FIELDNAME>CITYTO</FIELDNAME>
     <ROLLNAME>S_TO_CITY</ROLLNAME>
     <ROLLNAMEVI>S_TO_CITY</ROLLNAMEVI>
     <CHECKTABLE>SGEOCITY</CHECKTABLE>
     <SHLPORIGIN>P</SHLPORIGIN>
    </DD27P>
   </DD27P_TABLE>
   <DD28J_TABLE>
    <DD28J>
     <VIEWNAME>ZSCREWS</VIEWNAME>
     <LTAB>SEMPLOYES</LTAB>
     <LFIELD>CLIENT</LFIELD>
     <OPERATOR>EQ</OPERATOR>
     <RTAB>SFLCREW</RTAB>
     <RFIELD>CLIENT</RFIELD>
     <SOURCE>S</SOURCE>
    </DD28J>
    <DD28J>
     <VIEWNAME>ZSCREWS</VIEWNAME>
     <LTAB>SEMPLOYES</LTAB>
     <LFIELD>CARRIER</LFIELD>
     <OPERATOR>EQ</OPERATOR>
     <RTAB>SFLCREW</RTAB>
     <RFIELD>CARRID</RFIELD>
     <SOURCE>S</SOURCE>
    </DD28J>
    <DD28J>
     <VIEWNAME>ZSCREWS</VIEWNAME>
     <LTAB>SEMPLOYES</LTAB>
     <LFIELD>EMP_NUM</LFIELD>
     <OPERATOR>EQ</OPERATOR>
     <RTAB>SFLCREW</RTAB>
     <RFIELD>EMP_NUM</RFIELD>
     <SOURCE>S</SOURCE>
    </DD28J>
    <DD28J>
     <VIEWNAME>ZSCREWS</VIEWNAME>
     <LTAB>SFLIGHT</LTAB>
     <LFIELD>MANDT</LFIELD>
     <OPERATOR>EQ</OPERATOR>
     <RTAB>SFLCREW</RTAB>
     <RFIELD>CLIENT</RFIELD>
     <SOURCE>S</SOURCE>
    </DD28J>
    <DD28J>
     <VIEWNAME>ZSCREWS</VIEWNAME>
     <LTAB>SFLIGHT</LTAB>
     <LFIELD>CARRID</LFIELD>
     <OPERATOR>EQ</OPERATOR>
     <RTAB>SFLCREW</RTAB>
     <RFIELD>CARRID</RFIELD>
     <SOURCE>S</SOURCE>
    </DD28J>
    <DD28J>
     <VIEWNAME>ZSCREWS</VIEWNAME>
     <LTAB>SFLIGHT</LTAB>
     <LFIELD>CONNID</LFIELD>
     <OPERATOR>EQ</OPERATOR>
     <RTAB>SFLCREW</RTAB>
     <RFIELD>CONNID</RFIELD>
     <SOURCE>S</SOURCE>
    </DD28J>
    <DD28J>
     <VIEWNAME>ZSCREWS</VIEWNAME>
     <LTAB>SFLIGHT</LTAB>
     <LFIELD>FLDATE</LFIELD>
     <OPERATOR>EQ</OPERATOR>
     <RTAB>SFLCREW</RTAB>
     <RFIELD>FLDATE</RFIELD>
     <SOURCE>S</SOURCE>
    </DD28J>
    <DD28J>
     <VIEWNAME>ZSCREWS</VIEWNAME>
     <LTAB>SPFLI</LTAB>
     <LFIELD>MANDT</LFIELD>
     <OPERATOR>EQ</OPERATOR>
     <RTAB>SFLIGHT</RTAB>
     <RFIELD>MANDT</RFIELD>
     <SOURCE>S</SOURCE>
    </DD28J>
    <DD28J>
     <VIEWNAME>ZSCREWS</VIEWNAME>
     <LTAB>SPFLI</LTAB>
     <LFIELD>CARRID</LFIELD>
     <OPERATOR>EQ</OPERATOR>
     <RTAB>SFLIGHT</RTAB>
     <RFIELD>CARRID</RFIELD>
     <SOURCE>S</SOURCE>
    </DD28J>
    <DD28J>
     <VIEWNAME>ZSCREWS</VIEWNAME>
     <LTAB>SPFLI</LTAB>
     <LFIELD>CONNID</LFIELD>
     <OPERATOR>EQ</OPERATOR>
     <RTAB>SFLIGHT</RTAB>
     <RFIELD>CONNID</RFIELD>
     <SOURCE>S</SOURCE>
    </DD28J>
   </DD28J_TABLE>
  </asx:values>
 </asx:abap>
</abapGit>
