﻿<?xml version="1.0" encoding="utf-8"?>
<abapGit version="v1.0.0" serializer="LCL_OBJECT_DTEL" serializer_version="v1.0.0">
 <asx:abap xmlns:asx="http://www.sap.com/abapxml" version="1.0">
  <asx:values>
   <DD04V>
    <ROLLNAME>ZSCUSTOMER_NUM</ROLLNAME>
    <DDLANGUAGE>D</DDLANGUAGE>
    <DOMNAME>ZSCUSTOMER_NUM</DOMNAME>
    <HEADLEN>09</HEADLEN>
    <SCRLEN1>10</SCRLEN1>
    <SCRLEN2>15</SCRLEN2>
    <SCRLEN3>20</SCRLEN3>
    <DDTEXT>Kundennummer</DDTEXT>
    <REPTEXT>Kundennr.</REPTEXT>
    <SCRTEXT_S>Nr.</SCRTEXT_S>
    <SCRTEXT_M>Kundennr.</SCRTEXT_M>
    <SCRTEXT_L>Kundennummer</SCRTEXT_L>
    <DTELMASTER>D</DTELMASTER>
    <REFKIND>D</REFKIND>
   </DD04V>
   <I18N_LANGS>
    <LANGU>E</LANGU>
   </I18N_LANGS>
   <DD04_TEXTS>
    <item>
     <DDLANGUAGE>E</DDLANGUAGE>
     <DDTEXT>Customer number</DDTEXT>
     <REPTEXT>Cust. no.</REPTEXT>
     <SCRTEXT_S>No.</SCRTEXT_S>
     <SCRTEXT_M>Customer no.</SCRTEXT_M>
     <SCRTEXT_L>Customer number</SCRTEXT_L>
    </item>
   </DD04_TEXTS>
  </asx:values>
 </asx:abap>
</abapGit>
