﻿<?xml version="1.0" encoding="utf-8"?>
<abapGit version="v1.0.0" serializer="LCL_OBJECT_DTEL" serializer_version="v1.0.0">
 <asx:abap xmlns:asx="http://www.sap.com/abapxml" version="1.0">
  <asx:values>
   <DD04V>
    <ROLLNAME>ZSDANGER_KAT</ROLLNAME>
    <DDLANGUAGE>D</DDLANGUAGE>
    <DOMNAME>ZSDANGER_KAT</DOMNAME>
    <HEADLEN>04</HEADLEN>
    <SCRLEN1>10</SCRLEN1>
    <SCRLEN2>15</SCRLEN2>
    <SCRLEN3>20</SCRLEN3>
    <DDTEXT>Gefahrenkategorie</DDTEXT>
    <REPTEXT>Kat.</REPTEXT>
    <SCRTEXT_S>Kat.</SCRTEXT_S>
    <SCRTEXT_M>Kategorie</SCRTEXT_M>
    <SCRTEXT_L>Gefahrenkategorie</SCRTEXT_L>
    <DTELMASTER>D</DTELMASTER>
    <REFKIND>D</REFKIND>
   </DD04V>
   <I18N_LANGS>
    <LANGU>E</LANGU>
   </I18N_LANGS>
   <DD04_TEXTS>
    <item>
     <DDLANGUAGE>E</DDLANGUAGE>
     <DDTEXT>Hazard category</DDTEXT>
     <REPTEXT>Cat.</REPTEXT>
     <SCRTEXT_S>Cat.</SCRTEXT_S>
     <SCRTEXT_M>Category</SCRTEXT_M>
     <SCRTEXT_L>Hazard category</SCRTEXT_L>
    </item>
   </DD04_TEXTS>
  </asx:values>
 </asx:abap>
</abapGit>
