﻿<?xml version="1.0" encoding="utf-8"?>
<abapGit version="v1.0.0" serializer="LCL_OBJECT_TABL" serializer_version="v1.0.0">
 <asx:abap xmlns:asx="http://www.sap.com/abapxml" version="1.0">
  <asx:values>
   <DD02V>
    <TABNAME>ZSDEPMENT_CSH</TABNAME>
    <DDLANGUAGE>D</DDLANGUAGE>
    <TABCLASS>TRANSP</TABCLASS>
    <CLIDEP>X</CLIDEP>
    <LANGDEP>X</LANGDEP>
    <DDTEXT>Abteilungen: Sammelsuchhilfe</DDTEXT>
    <MAINFLAG>X</MAINFLAG>
    <CONTFLAG>A</CONTFLAG>
   </DD02V>
   <DD09L>
    <TABNAME>ZSDEPMENT_CSH</TABNAME>
    <AS4LOCAL>A</AS4LOCAL>
    <TABKAT>0</TABKAT>
    <TABART>APPL0</TABART>
    <PUFFERUNG>X</PUFFERUNG>
    <BUFALLOW>X</BUFALLOW>
    <ROWORCOLST>C</ROWORCOLST>
   </DD09L>
   <DD03P_TABLE>
    <DD03P>
     <TABNAME>ZSDEPMENT_CSH</TABNAME>
     <FIELDNAME>CLIENT</FIELDNAME>
     <POSITION>0001</POSITION>
     <KEYFLAG>X</KEYFLAG>
     <ROLLNAME>S_MANDT</ROLLNAME>
     <CHECKTABLE>T000</CHECKTABLE>
     <ADMINFIELD>0</ADMINFIELD>
     <NOTNULL>X</NOTNULL>
     <SHLPORIGIN>P</SHLPORIGIN>
     <COMPTYPE>E</COMPTYPE>
    </DD03P>
    <DD03P>
     <TABNAME>ZSDEPMENT_CSH</TABNAME>
     <FIELDNAME>CARRIER</FIELDNAME>
     <POSITION>0002</POSITION>
     <KEYFLAG>X</KEYFLAG>
     <ROLLNAME>S_CARR_ID</ROLLNAME>
     <CHECKTABLE>SCARR</CHECKTABLE>
     <ADMINFIELD>0</ADMINFIELD>
     <NOTNULL>X</NOTNULL>
     <SHLPORIGIN>P</SHLPORIGIN>
     <SHLPNAME>S_CARRIER_ID</SHLPNAME>
     <SHLPFIELD>CARRID</SHLPFIELD>
     <COMPTYPE>E</COMPTYPE>
    </DD03P>
    <DD03P>
     <TABNAME>ZSDEPMENT_CSH</TABNAME>
     <FIELDNAME>DEPARTMENT</FIELDNAME>
     <POSITION>0003</POSITION>
     <KEYFLAG>X</KEYFLAG>
     <ROLLNAME>S_DEPARTM</ROLLNAME>
     <ADMINFIELD>0</ADMINFIELD>
     <NOTNULL>X</NOTNULL>
     <COMPTYPE>E</COMPTYPE>
    </DD03P>
    <DD03P>
     <TABNAME>ZSDEPMENT_CSH</TABNAME>
     <FIELDNAME>TELNR</FIELDNAME>
     <POSITION>0004</POSITION>
     <ROLLNAME>S_TELNO</ROLLNAME>
     <ADMINFIELD>0</ADMINFIELD>
     <COMPTYPE>E</COMPTYPE>
    </DD03P>
    <DD03P>
     <TABNAME>ZSDEPMENT_CSH</TABNAME>
     <FIELDNAME>FAXNR</FIELDNAME>
     <POSITION>0005</POSITION>
     <ROLLNAME>S_FAXNO</ROLLNAME>
     <ADMINFIELD>0</ADMINFIELD>
     <COMPTYPE>E</COMPTYPE>
    </DD03P>
    <DD03P>
     <TABNAME>ZSDEPMENT_CSH</TABNAME>
     <FIELDNAME>.INCLUDE</FIELDNAME>
     <DDLANGUAGE>D</DDLANGUAGE>
     <POSITION>0006</POSITION>
     <ADMINFIELD>0</ADMINFIELD>
     <PRECFIELD>SCHANGED</PRECFIELD>
     <MASK>      S</MASK>
     <DDTEXT>Letzter Änderer: Startversion</DDTEXT>
     <COMPTYPE>S</COMPTYPE>
    </DD03P>
    <DD03P>
     <TABNAME>ZSDEPMENT_CSH</TABNAME>
     <FIELDNAME>DEPHEAD</FIELDNAME>
     <POSITION>0009</POSITION>
     <ROLLNAME>SEMP_NUM</ROLLNAME>
     <CHECKTABLE>SEMPLOY_CSH</CHECKTABLE>
     <ADMINFIELD>0</ADMINFIELD>
     <SHLPORIGIN>P</SHLPORIGIN>
     <COMPTYPE>E</COMPTYPE>
    </DD03P>
   </DD03P_TABLE>
   <DD05M_TABLE>
    <DD05M>
     <TABNAME>ZSDEPMENT_CSH</TABNAME>
     <FIELDNAME>CARRIER</FIELDNAME>
     <FORTABLE>ZSDEPMENT_CSH</FORTABLE>
     <FORKEY>CLIENT</FORKEY>
     <CHECKTABLE>SCARR</CHECKTABLE>
     <CHECKFIELD>MANDT</CHECKFIELD>
     <PRIMPOS>0001</PRIMPOS>
     <DOMNAME>MANDT</DOMNAME>
     <DATATYPE>CLNT</DATATYPE>
     <LENG>000003</LENG>
    </DD05M>
    <DD05M>
     <TABNAME>ZSDEPMENT_CSH</TABNAME>
     <FIELDNAME>CARRIER</FIELDNAME>
     <FORTABLE>ZSDEPMENT_CSH</FORTABLE>
     <FORKEY>CARRIER</FORKEY>
     <CHECKTABLE>SCARR</CHECKTABLE>
     <CHECKFIELD>CARRID</CHECKFIELD>
     <PRIMPOS>0002</PRIMPOS>
     <DOMNAME>S_CARR_ID</DOMNAME>
     <DATATYPE>CHAR</DATATYPE>
     <LENG>000003</LENG>
    </DD05M>
    <DD05M>
     <TABNAME>ZSDEPMENT_CSH</TABNAME>
     <FIELDNAME>CLIENT</FIELDNAME>
     <FORTABLE>ZSDEPMENT_CSH</FORTABLE>
     <FORKEY>CLIENT</FORKEY>
     <CHECKTABLE>T000</CHECKTABLE>
     <CHECKFIELD>MANDT</CHECKFIELD>
     <PRIMPOS>0001</PRIMPOS>
     <DOMNAME>MANDT</DOMNAME>
     <DATATYPE>CLNT</DATATYPE>
     <LENG>000003</LENG>
    </DD05M>
    <DD05M>
     <TABNAME>ZSDEPMENT_CSH</TABNAME>
     <FIELDNAME>DEPHEAD</FIELDNAME>
     <FORTABLE>ZSDEPMENT_CSH</FORTABLE>
     <FORKEY>CLIENT</FORKEY>
     <CHECKTABLE>SEMPLOY_CSH</CHECKTABLE>
     <CHECKFIELD>CLIENT</CHECKFIELD>
     <PRIMPOS>0001</PRIMPOS>
     <DOMNAME>MANDT</DOMNAME>
     <DATATYPE>CLNT</DATATYPE>
     <LENG>000003</LENG>
    </DD05M>
    <DD05M>
     <TABNAME>ZSDEPMENT_CSH</TABNAME>
     <FIELDNAME>DEPHEAD</FIELDNAME>
     <FORTABLE>ZSDEPMENT_CSH</FORTABLE>
     <FORKEY>CARRIER</FORKEY>
     <CHECKTABLE>SEMPLOY_CSH</CHECKTABLE>
     <CHECKFIELD>CARRIER</CHECKFIELD>
     <PRIMPOS>0002</PRIMPOS>
     <DOMNAME>S_CARR_ID</DOMNAME>
     <DATATYPE>CHAR</DATATYPE>
     <LENG>000003</LENG>
    </DD05M>
    <DD05M>
     <TABNAME>ZSDEPMENT_CSH</TABNAME>
     <FIELDNAME>DEPHEAD</FIELDNAME>
     <FORTABLE>ZSDEPMENT_CSH</FORTABLE>
     <FORKEY>DEPHEAD</FORKEY>
     <CHECKTABLE>SEMPLOY_CSH</CHECKTABLE>
     <CHECKFIELD>EMP_NUM</CHECKFIELD>
     <PRIMPOS>0003</PRIMPOS>
     <DOMNAME>SEMP_NUM</DOMNAME>
     <DATATYPE>NUMC</DATATYPE>
     <LENG>000010</LENG>
    </DD05M>
   </DD05M_TABLE>
   <DD08V_TABLE>
    <DD08V>
     <TABNAME>ZSDEPMENT_CSH</TABNAME>
     <FIELDNAME>CARRIER</FIELDNAME>
     <DDLANGUAGE>D</DDLANGUAGE>
     <CHECKTABLE>SCARR</CHECKTABLE>
     <CARD>CN</CARD>
     <DDTEXT>Prüfung gegen Kennung der Fluggesellschaft</DDTEXT>
     <CARDLEFT>1</CARDLEFT>
    </DD08V>
    <DD08V>
     <TABNAME>ZSDEPMENT_CSH</TABNAME>
     <FIELDNAME>CLIENT</FIELDNAME>
     <DDLANGUAGE>D</DDLANGUAGE>
     <CHECKTABLE>T000</CHECKTABLE>
     <FRKART>KEY</FRKART>
     <CARD>CN</CARD>
     <DDTEXT>Prüfung gegen Mandanten</DDTEXT>
     <CARDLEFT>1</CARDLEFT>
    </DD08V>
    <DD08V>
     <TABNAME>ZSDEPMENT_CSH</TABNAME>
     <FIELDNAME>DEPHEAD</FIELDNAME>
     <DDLANGUAGE>D</DDLANGUAGE>
     <CHECKTABLE>SEMPLOY_CSH</CHECKTABLE>
     <FRKART>REF</FRKART>
     <CARD>C</CARD>
     <CARDLEFT>1</CARDLEFT>
    </DD08V>
   </DD08V_TABLE>
  </asx:values>
 </asx:abap>
</abapGit>
