﻿<?xml version="1.0" encoding="utf-8"?>
<abapGit version="v1.0.0" serializer="LCL_OBJECT_VIEW" serializer_version="v1.0.0">
 <asx:abap xmlns:asx="http://www.sap.com/abapxml" version="1.0">
  <asx:values>
   <DD25V>
    <VIEWNAME>ZSEMPLFY_SEARCH</VIEWNAME>
    <AS4LOCAL>A</AS4LOCAL>
    <DDLANGUAGE>D</DDLANGUAGE>
    <AGGTYPE>V</AGGTYPE>
    <ROOTTAB>SEMPLOYES</ROOTTAB>
    <DDTEXT>Informationen über die Mannschaft eines Fluges</DDTEXT>
    <VIEWCLASS>D</VIEWCLASS>
    <VIEWGRANT>R</VIEWGRANT>
   </DD25V>
   <DD09L>
    <TABNAME>ZSEMPLFY_SEARCH</TABNAME>
    <AS4LOCAL>A</AS4LOCAL>
    <PUFFERUNG>X</PUFFERUNG>
    <BUFALLOW>X</BUFALLOW>
   </DD09L>
   <DD26V_TABLE>
    <DD26V>
     <VIEWNAME>ZSEMPLFY_SEARCH</VIEWNAME>
     <TABNAME>SEMPLOYES</TABNAME>
     <TABPOS>0001</TABPOS>
     <FORTABNAME>SEMPLOYES</FORTABNAME>
    </DD26V>
   </DD26V_TABLE>
   <DD27P_TABLE>
    <DD27P>
     <VIEWNAME>ZSEMPLFY_SEARCH</VIEWNAME>
     <OBJPOS>0001</OBJPOS>
     <DDLANGUAGE>D</DDLANGUAGE>
     <VIEWFIELD>CLIENT</VIEWFIELD>
     <TABNAME>SEMPLOYES</TABNAME>
     <FIELDNAME>CLIENT</FIELDNAME>
     <KEYFLAG>X</KEYFLAG>
     <ROLLNAME>S_MANDT</ROLLNAME>
     <ROLLNAMEVI>S_MANDT</ROLLNAMEVI>
     <CHECKTABLE>T000</CHECKTABLE>
     <SHLPORIGIN>P</SHLPORIGIN>
    </DD27P>
    <DD27P>
     <VIEWNAME>ZSEMPLFY_SEARCH</VIEWNAME>
     <OBJPOS>0002</OBJPOS>
     <DDLANGUAGE>D</DDLANGUAGE>
     <VIEWFIELD>CARRIER</VIEWFIELD>
     <TABNAME>SEMPLOYES</TABNAME>
     <FIELDNAME>CARRIER</FIELDNAME>
     <KEYFLAG>X</KEYFLAG>
     <ROLLNAME>S_CARR_ID</ROLLNAME>
     <ROLLNAMEVI>S_CARR_ID</ROLLNAMEVI>
     <CHECKTABLE>SCARR</CHECKTABLE>
     <SHLPORIGIN>P</SHLPORIGIN>
     <SHLPNAME>S_CARRIER_ID</SHLPNAME>
     <SHLPFIELD>CARRID</SHLPFIELD>
    </DD27P>
    <DD27P>
     <VIEWNAME>ZSEMPLFY_SEARCH</VIEWNAME>
     <OBJPOS>0003</OBJPOS>
     <DDLANGUAGE>D</DDLANGUAGE>
     <VIEWFIELD>EMP_NUM</VIEWFIELD>
     <TABNAME>SEMPLOYES</TABNAME>
     <FIELDNAME>EMP_NUM</FIELDNAME>
     <KEYFLAG>X</KEYFLAG>
     <ROLLNAME>SEMP_NUM</ROLLNAME>
     <ROLLNAMEVI>SEMP_NUM</ROLLNAMEVI>
    </DD27P>
    <DD27P>
     <VIEWNAME>ZSEMPLFY_SEARCH</VIEWNAME>
     <OBJPOS>0004</OBJPOS>
     <DDLANGUAGE>D</DDLANGUAGE>
     <VIEWFIELD>FIRST_NAME</VIEWFIELD>
     <TABNAME>SEMPLOYES</TABNAME>
     <FIELDNAME>FIRST_NAME</FIELDNAME>
     <ROLLNAME>S_FNAME</ROLLNAME>
     <ROLLNAMEVI>S_FNAME</ROLLNAMEVI>
    </DD27P>
    <DD27P>
     <VIEWNAME>ZSEMPLFY_SEARCH</VIEWNAME>
     <OBJPOS>0005</OBJPOS>
     <DDLANGUAGE>D</DDLANGUAGE>
     <VIEWFIELD>LAST_NAME</VIEWFIELD>
     <TABNAME>SEMPLOYES</TABNAME>
     <FIELDNAME>LAST_NAME</FIELDNAME>
     <ROLLNAME>S_LNAME</ROLLNAME>
     <ROLLNAMEVI>S_LNAME</ROLLNAMEVI>
    </DD27P>
   </DD27P_TABLE>
   <DD28V_TABLE>
    <DD28V>
     <CONDNAME>ZSEMPLFY_SEARCH</CONDNAME>
     <POSITION>0001</POSITION>
     <TABNAME>SEMPLOYES</TABNAME>
     <FIELDNAME>AREA</FIELDNAME>
     <OPERATOR>EQ</OPERATOR>
     <CONSTANTS>&apos;F&apos;</CONSTANTS>
    </DD28V>
   </DD28V_TABLE>
  </asx:values>
 </asx:abap>
</abapGit>
