﻿<?xml version="1.0" encoding="utf-8"?>
<abapGit version="v1.0.0" serializer="LCL_OBJECT_DTEL" serializer_version="v1.0.0">
 <asx:abap xmlns:asx="http://www.sap.com/abapxml" version="1.0">
  <asx:values>
   <DD04V>
    <ROLLNAME>ZSEMP_ROLE</ROLLNAME>
    <DDLANGUAGE>D</DDLANGUAGE>
    <DOMNAME>ZSFUNC_TEXT</DOMNAME>
    <HEADLEN>18</HEADLEN>
    <SCRLEN1>10</SCRLEN1>
    <SCRLEN2>18</SCRLEN2>
    <SCRLEN3>20</SCRLEN3>
    <DDTEXT>Rolle des Mitarbeiters beim Flug</DDTEXT>
    <REPTEXT>Rolle auf dem Flug</REPTEXT>
    <SCRTEXT_S>Rolle</SCRTEXT_S>
    <SCRTEXT_M>Rolle auf dem Flug</SCRTEXT_M>
    <SCRTEXT_L>Rolle auf dem Flug</SCRTEXT_L>
    <DTELMASTER>D</DTELMASTER>
    <REFKIND>D</REFKIND>
   </DD04V>
   <I18N_LANGS>
    <LANGU>E</LANGU>
   </I18N_LANGS>
   <DD04_TEXTS>
    <item>
     <DDLANGUAGE>E</DDLANGUAGE>
     <DDTEXT>Employee role during flight</DDTEXT>
     <REPTEXT>Role during flight</REPTEXT>
     <SCRTEXT_S>Role</SCRTEXT_S>
     <SCRTEXT_M>Role during flight</SCRTEXT_M>
     <SCRTEXT_L>Role during flight</SCRTEXT_L>
    </item>
   </DD04_TEXTS>
  </asx:values>
 </asx:abap>
</abapGit>
