﻿<?xml version="1.0" encoding="utf-8"?>
<abapGit version="v1.0.0" serializer="LCL_OBJECT_TABL" serializer_version="v1.0.0">
 <asx:abap xmlns:asx="http://www.sap.com/abapxml" version="1.0">
  <asx:values>
   <DD02V>
    <TABNAME>ZSSALLEVELT</TABNAME>
    <DDLANGUAGE>D</DDLANGUAGE>
    <TABCLASS>TRANSP</TABCLASS>
    <CLIDEP>X</CLIDEP>
    <DDTEXT>Texte der Gehaltsstufen (Übungsvorlage BC430)</DDTEXT>
    <MASTERLANG>D</MASTERLANG>
    <MAINFLAG>X</MAINFLAG>
    <CONTFLAG>A</CONTFLAG>
   </DD02V>
   <DD09L>
    <TABNAME>ZSSALLEVELT</TABNAME>
    <AS4LOCAL>A</AS4LOCAL>
    <TABKAT>0</TABKAT>
    <TABART>APPL0</TABART>
    <PUFFERUNG>G</PUFFERUNG>
    <SCHFELDANZ>002</SCHFELDANZ>
    <UEBERSETZ>X</UEBERSETZ>
    <BUFALLOW>X</BUFALLOW>
    <ROWORCOLST>C</ROWORCOLST>
   </DD09L>
   <DD03P_TABLE>
    <DD03P>
     <TABNAME>ZSSALLEVELT</TABNAME>
     <FIELDNAME>CLIENT</FIELDNAME>
     <POSITION>0001</POSITION>
     <KEYFLAG>X</KEYFLAG>
     <ROLLNAME>S_MANDT</ROLLNAME>
     <CHECKTABLE>T000</CHECKTABLE>
     <ADMINFIELD>0</ADMINFIELD>
     <NOTNULL>X</NOTNULL>
     <SHLPORIGIN>P</SHLPORIGIN>
     <COMPTYPE>E</COMPTYPE>
    </DD03P>
    <DD03P>
     <TABNAME>ZSSALLEVELT</TABNAME>
     <FIELDNAME>CARRIER</FIELDNAME>
     <POSITION>0002</POSITION>
     <KEYFLAG>X</KEYFLAG>
     <ROLLNAME>S_CARR_ID</ROLLNAME>
     <CHECKTABLE>SCARR</CHECKTABLE>
     <ADMINFIELD>0</ADMINFIELD>
     <NOTNULL>X</NOTNULL>
     <SHLPORIGIN>P</SHLPORIGIN>
     <SHLPNAME>S_CARRIER_ID</SHLPNAME>
     <SHLPFIELD>CARRID</SHLPFIELD>
     <COMPTYPE>E</COMPTYPE>
    </DD03P>
    <DD03P>
     <TABNAME>ZSSALLEVELT</TABNAME>
     <FIELDNAME>SALLEVEL</FIELDNAME>
     <POSITION>0003</POSITION>
     <KEYFLAG>X</KEYFLAG>
     <ROLLNAME>SSAL_LEVEL</ROLLNAME>
     <CHECKTABLE>ZSSALLEVEL</CHECKTABLE>
     <ADMINFIELD>0</ADMINFIELD>
     <NOTNULL>X</NOTNULL>
     <SHLPORIGIN>P</SHLPORIGIN>
     <COMPTYPE>E</COMPTYPE>
    </DD03P>
    <DD03P>
     <TABNAME>ZSSALLEVELT</TABNAME>
     <FIELDNAME>LANGU</FIELDNAME>
     <POSITION>0004</POSITION>
     <KEYFLAG>X</KEYFLAG>
     <ROLLNAME>SPRAS</ROLLNAME>
     <CHECKTABLE>T002</CHECKTABLE>
     <ADMINFIELD>0</ADMINFIELD>
     <NOTNULL>X</NOTNULL>
     <SHLPORIGIN>P</SHLPORIGIN>
     <SHLPNAME>H_T002</SHLPNAME>
     <SHLPFIELD>SPRAS</SHLPFIELD>
     <COMPTYPE>E</COMPTYPE>
    </DD03P>
    <DD03P>
     <TABNAME>ZSSALLEVELT</TABNAME>
     <FIELDNAME>TEXT</FIELDNAME>
     <POSITION>0005</POSITION>
     <ROLLNAME>S_TEXT</ROLLNAME>
     <ADMINFIELD>0</ADMINFIELD>
     <COMPTYPE>E</COMPTYPE>
    </DD03P>
   </DD03P_TABLE>
   <DD05M_TABLE>
    <DD05M>
     <TABNAME>ZSSALLEVELT</TABNAME>
     <FIELDNAME>CARRIER</FIELDNAME>
     <FORTABLE>ZSSALLEVELT</FORTABLE>
     <FORKEY>CLIENT</FORKEY>
     <CHECKTABLE>SCARR</CHECKTABLE>
     <CHECKFIELD>MANDT</CHECKFIELD>
     <PRIMPOS>0001</PRIMPOS>
     <DOMNAME>MANDT</DOMNAME>
     <DATATYPE>CLNT</DATATYPE>
     <LENG>000003</LENG>
    </DD05M>
    <DD05M>
     <TABNAME>ZSSALLEVELT</TABNAME>
     <FIELDNAME>CARRIER</FIELDNAME>
     <FORTABLE>ZSSALLEVELT</FORTABLE>
     <FORKEY>CARRIER</FORKEY>
     <CHECKTABLE>SCARR</CHECKTABLE>
     <CHECKFIELD>CARRID</CHECKFIELD>
     <PRIMPOS>0002</PRIMPOS>
     <DOMNAME>S_CARR_ID</DOMNAME>
     <DATATYPE>CHAR</DATATYPE>
     <LENG>000003</LENG>
    </DD05M>
    <DD05M>
     <TABNAME>ZSSALLEVELT</TABNAME>
     <FIELDNAME>CLIENT</FIELDNAME>
     <FORTABLE>ZSSALLEVELT</FORTABLE>
     <FORKEY>CLIENT</FORKEY>
     <CHECKTABLE>T000</CHECKTABLE>
     <CHECKFIELD>MANDT</CHECKFIELD>
     <PRIMPOS>0001</PRIMPOS>
     <DOMNAME>MANDT</DOMNAME>
     <DATATYPE>CLNT</DATATYPE>
     <LENG>000003</LENG>
    </DD05M>
    <DD05M>
     <TABNAME>ZSSALLEVELT</TABNAME>
     <FIELDNAME>LANGU</FIELDNAME>
     <FORTABLE>ZSSALLEVELT</FORTABLE>
     <FORKEY>LANGU</FORKEY>
     <CHECKTABLE>T002</CHECKTABLE>
     <CHECKFIELD>SPRAS</CHECKFIELD>
     <PRIMPOS>0001</PRIMPOS>
     <DOMNAME>SPRAS</DOMNAME>
     <DATATYPE>LANG</DATATYPE>
     <LENG>000001</LENG>
    </DD05M>
    <DD05M>
     <TABNAME>ZSSALLEVELT</TABNAME>
     <FIELDNAME>SALLEVEL</FIELDNAME>
     <FORTABLE>ZSSALLEVELT</FORTABLE>
     <FORKEY>CLIENT</FORKEY>
     <CHECKTABLE>ZSSALLEVEL</CHECKTABLE>
     <CHECKFIELD>CLIENT</CHECKFIELD>
     <PRIMPOS>0001</PRIMPOS>
     <DOMNAME>MANDT</DOMNAME>
     <DATATYPE>CLNT</DATATYPE>
     <LENG>000003</LENG>
    </DD05M>
    <DD05M>
     <TABNAME>ZSSALLEVELT</TABNAME>
     <FIELDNAME>SALLEVEL</FIELDNAME>
     <FORTABLE>ZSSALLEVELT</FORTABLE>
     <FORKEY>CARRIER</FORKEY>
     <CHECKTABLE>ZSSALLEVEL</CHECKTABLE>
     <CHECKFIELD>CARRIER</CHECKFIELD>
     <PRIMPOS>0002</PRIMPOS>
     <DOMNAME>S_CARR_ID</DOMNAME>
     <DATATYPE>CHAR</DATATYPE>
     <LENG>000003</LENG>
    </DD05M>
    <DD05M>
     <TABNAME>ZSSALLEVELT</TABNAME>
     <FIELDNAME>SALLEVEL</FIELDNAME>
     <FORTABLE>ZSSALLEVELT</FORTABLE>
     <FORKEY>SALLEVEL</FORKEY>
     <CHECKTABLE>ZSSALLEVEL</CHECKTABLE>
     <CHECKFIELD>SALLEVEL</CHECKFIELD>
     <PRIMPOS>0003</PRIMPOS>
     <DOMNAME>SSAL_LEVEL</DOMNAME>
     <DATATYPE>CHAR</DATATYPE>
     <LENG>000002</LENG>
    </DD05M>
   </DD05M_TABLE>
   <DD08V_TABLE>
    <DD08V>
     <TABNAME>ZSSALLEVELT</TABNAME>
     <FIELDNAME>CARRIER</FIELDNAME>
     <DDLANGUAGE>D</DDLANGUAGE>
     <CHECKTABLE>SCARR</CHECKTABLE>
    </DD08V>
    <DD08V>
     <TABNAME>ZSSALLEVELT</TABNAME>
     <FIELDNAME>CLIENT</FIELDNAME>
     <DDLANGUAGE>D</DDLANGUAGE>
     <CHECKTABLE>T000</CHECKTABLE>
    </DD08V>
    <DD08V>
     <TABNAME>ZSSALLEVELT</TABNAME>
     <FIELDNAME>LANGU</FIELDNAME>
     <DDLANGUAGE>D</DDLANGUAGE>
     <CHECKTABLE>T002</CHECKTABLE>
     <FRKART>KEY</FRKART>
     <CARD>CN</CARD>
     <DDTEXT>Prüfung gegen Sprache</DDTEXT>
     <CARDLEFT>1</CARDLEFT>
    </DD08V>
    <DD08V>
     <TABNAME>ZSSALLEVELT</TABNAME>
     <FIELDNAME>SALLEVEL</FIELDNAME>
     <DDLANGUAGE>D</DDLANGUAGE>
     <CHECKTABLE>ZSSALLEVEL</CHECKTABLE>
     <FRKART>TEXT</FRKART>
     <CARD>CN</CARD>
     <DDTEXT>Prüfung gegen Gehaltsstufe</DDTEXT>
     <CARDLEFT>1</CARDLEFT>
    </DD08V>
   </DD08V_TABLE>
  </asx:values>
 </asx:abap>
</abapGit>
