﻿<?xml version="1.0" encoding="utf-8"?>
<abapGit version="v1.0.0" serializer="LCL_OBJECT_TABL" serializer_version="v1.0.0">
 <asx:abap xmlns:asx="http://www.sap.com/abapxml" version="1.0">
  <asx:values>
   <DD02V>
    <TABNAME>ZSTR_PERSON</TABNAME>
    <DDLANGUAGE>D</DDLANGUAGE>
    <TABCLASS>INTTAB</TABCLASS>
    <LANGDEP>X</LANGDEP>
    <DDTEXT>BC430 Übungsvorlage-Personenstruktur</DDTEXT>
    <EXCLASS>1</EXCLASS>
   </DD02V>
   <DD03P_TABLE>
    <DD03P>
     <TABNAME>ZSTR_PERSON</TABNAME>
     <FIELDNAME>NAME</FIELDNAME>
     <POSITION>0001</POSITION>
     <ROLLNAME>STR_NAME</ROLLNAME>
     <ADMINFIELD>0</ADMINFIELD>
     <DATATYPE>STRU</DATATYPE>
     <MASK>  STRUS</MASK>
     <COMPTYPE>S</COMPTYPE>
    </DD03P>
    <DD03P>
     <TABNAME>ZSTR_PERSON</TABNAME>
     <FIELDNAME>.INCLUDE</FIELDNAME>
     <DDLANGUAGE>D</DDLANGUAGE>
     <POSITION>0004</POSITION>
     <ADMINFIELD>0</ADMINFIELD>
     <PRECFIELD>STR_ADRESS</PRECFIELD>
     <MASK>      S</MASK>
     <DDTEXT>BC430 Übungsvorlage-Adressstruktur</DDTEXT>
     <COMPTYPE>S</COMPTYPE>
    </DD03P>
   </DD03P_TABLE>
  </asx:values>
 </asx:abap>
</abapGit>
