﻿<?xml version="1.0" encoding="utf-8"?>
<abapGit version="v1.0.0" serializer="LCL_OBJECT_DTEL" serializer_version="v1.0.0">
 <asx:abap xmlns:asx="http://www.sap.com/abapxml" version="1.0">
  <asx:values>
   <DD04V>
    <ROLLNAME>ZSWORKYEARS</ROLLNAME>
    <DDLANGUAGE>D</DDLANGUAGE>
    <DOMNAME>ZSWORKYEARS</DOMNAME>
    <HEADLEN>15</HEADLEN>
    <SCRLEN1>10</SCRLEN1>
    <SCRLEN2>15</SCRLEN2>
    <SCRLEN3>20</SCRLEN3>
    <DDTEXT>Dienstjahre eines Angestellten</DDTEXT>
    <REPTEXT>DJ</REPTEXT>
    <SCRTEXT_S>DJahre</SCRTEXT_S>
    <SCRTEXT_M>Dienstjahre</SCRTEXT_M>
    <SCRTEXT_L>Dienstjahre</SCRTEXT_L>
    <DTELMASTER>D</DTELMASTER>
    <REFKIND>D</REFKIND>
   </DD04V>
   <I18N_LANGS>
    <LANGU>E</LANGU>
   </I18N_LANGS>
   <DD04_TEXTS>
    <item>
     <DDLANGUAGE>E</DDLANGUAGE>
     <DDTEXT>Employee&apos;s years of employment</DDTEXT>
     <REPTEXT>YE</REPTEXT>
     <SCRTEXT_S>Empl. Yrs.</SCRTEXT_S>
     <SCRTEXT_M>Employment yrs</SCRTEXT_M>
     <SCRTEXT_L>Employment years</SCRTEXT_L>
    </item>
   </DD04_TEXTS>
  </asx:values>
 </asx:abap>
</abapGit>
