﻿<?xml version="1.0" encoding="utf-8"?>
<abapGit version="v1.0.0" serializer="LCL_OBJECT_MSAG" serializer_version="v1.0.0">
 <asx:abap xmlns:asx="http://www.sap.com/abapxml" version="1.0">
  <asx:values>
   <T100A>
    <ARBGB>ZBC425</ARBGB>
    <MASTERLANG>D</MASTERLANG>
    <STEXT>Schulung: BC425 - Erweiterungen und Modifikationen</STEXT>
   </T100A>
   <T100>
    <T100>
     <SPRSL>E</SPRSL>
     <ARBGB>ZBC425</ARBGB>
     <MSGNR>000</MSGNR>
     <TEXT>&amp; &amp; &amp; &amp;</TEXT>
    </T100>
    <T100>
     <SPRSL>E</SPRSL>
     <ARBGB>ZBC425</ARBGB>
     <MSGNR>001</MSGNR>
     <TEXT>Invalid Name</TEXT>
    </T100>
    <T100>
     <SPRSL>E</SPRSL>
     <ARBGB>ZBC425</ARBGB>
     <MSGNR>007</MSGNR>
     <TEXT>Table entry for specified key does not exist</TEXT>
    </T100>
    <T100>
     <SPRSL>E</SPRSL>
     <ARBGB>ZBC425</ARBGB>
     <MSGNR>008</MSGNR>
     <TEXT>Data posted successfully</TEXT>
    </T100>
    <T100>
     <SPRSL>E</SPRSL>
     <ARBGB>ZBC425</ARBGB>
     <MSGNR>010</MSGNR>
     <TEXT>No authorization for airline carrier &amp;</TEXT>
    </T100>
    <T100>
     <SPRSL>E</SPRSL>
     <ARBGB>ZBC425</ARBGB>
     <MSGNR>011</MSGNR>
     <TEXT>You selected a flight from before &amp;</TEXT>
    </T100>
    <T100>
     <SPRSL>E</SPRSL>
     <ARBGB>ZBC425</ARBGB>
     <MSGNR>012</MSGNR>
     <TEXT>Select a flight from the list</TEXT>
    </T100>
    <T100>
     <SPRSL>E</SPRSL>
     <ARBGB>ZBC425</ARBGB>
     <MSGNR>013</MSGNR>
     <TEXT>Customer &amp; is booked on flight &amp; on &amp; (booking number &amp;)</TEXT>
    </T100>
   </T100>
   <I18N_LANGS>
    <LANGU>D</LANGU>
   </I18N_LANGS>
   <T100T>
    <T100T>
     <SPRSL>D</SPRSL>
     <ARBGB>ZBC425</ARBGB>
     <STEXT>Schulung: BC425 - Erweiterungen und Modifikationen</STEXT>
    </T100T>
   </T100T>
   <T100_TEXTS>
    <item>
     <SPRSL>D</SPRSL>
     <MSGNR>000</MSGNR>
     <TEXT>&amp; &amp; &amp; &amp;</TEXT>
    </item>
    <item>
     <SPRSL>D</SPRSL>
     <MSGNR>001</MSGNR>
     <TEXT>Ungültig Name</TEXT>
    </item>
    <item>
     <SPRSL>D</SPRSL>
     <MSGNR>007</MSGNR>
     <TEXT>Tabelleneintrag zum eingegebenen Schlüssel ist nicht vorhanden</TEXT>
    </item>
    <item>
     <SPRSL>D</SPRSL>
     <MSGNR>008</MSGNR>
     <TEXT>Daten erfolgreich verbucht</TEXT>
    </item>
    <item>
     <SPRSL>D</SPRSL>
     <MSGNR>010</MSGNR>
     <TEXT>Keine Berechtigung für Fluggesellschaft &amp;</TEXT>
    </item>
    <item>
     <SPRSL>D</SPRSL>
     <MSGNR>011</MSGNR>
     <TEXT>Sie selektieren einen Flug vor dem &amp;</TEXT>
    </item>
    <item>
     <SPRSL>D</SPRSL>
     <MSGNR>012</MSGNR>
     <TEXT>Bitte wählen Sie einen Flug aus der Liste</TEXT>
    </item>
    <item>
     <SPRSL>D</SPRSL>
     <MSGNR>013</MSGNR>
     <TEXT>Kunde &amp; für Flug &amp; am &amp; gebucht (Buchungsnr. &amp;)</TEXT>
    </item>
    <item>
     <SPRSL>D</SPRSL>
     <MSGNR>319</MSGNR>
    </item>
   </T100_TEXTS>
  </asx:values>
 </asx:abap>
</abapGit>
