﻿<?xml version="1.0" encoding="utf-8"?>
<abapGit version="v1.0.0" serializer="LCL_OBJECT_TABL" serializer_version="v1.0.0">
 <asx:abap xmlns:asx="http://www.sap.com/abapxml" version="1.0">
  <asx:values>
   <DD02V>
    <TABNAME>ABC402_S_BOOKING</TABNAME>
    <DDLANGUAGE>D</DDLANGUAGE>
    <TABCLASS>APPEND</TABCLASS>
    <SQLTAB>BC402_S_BOOKING</SQLTAB>
    <DDTEXT>Append zu BC402_S_BOOKING</DDTEXT>
    <EXCLASS>1</EXCLASS>
   </DD02V>
   <DD03P_TABLE>
    <DD03P>
     <TABNAME>ABC402_S_BOOKING</TABNAME>
     <FIELDNAME>CARRNAME</FIELDNAME>
     <POSITION>0001</POSITION>
     <ROLLNAME>S_CARRNAME</ROLLNAME>
     <ADMINFIELD>0</ADMINFIELD>
     <NOTNULL>X</NOTNULL>
     <COMPTYPE>E</COMPTYPE>
    </DD03P>
    <DD03P>
     <TABNAME>ABC402_S_BOOKING</TABNAME>
     <FIELDNAME>AGENCYNAME</FIELDNAME>
     <POSITION>0002</POSITION>
     <ROLLNAME>S_AGNCYNAM</ROLLNAME>
     <ADMINFIELD>0</ADMINFIELD>
     <NOTNULL>X</NOTNULL>
     <COMPTYPE>E</COMPTYPE>
    </DD03P>
    <DD03P>
     <TABNAME>ABC402_S_BOOKING</TABNAME>
     <FIELDNAME>AGENCYCITY</FIELDNAME>
     <POSITION>0003</POSITION>
     <ROLLNAME>CITY</ROLLNAME>
     <ADMINFIELD>0</ADMINFIELD>
     <NOTNULL>X</NOTNULL>
     <COMPTYPE>E</COMPTYPE>
    </DD03P>
   </DD03P_TABLE>
  </asx:values>
 </asx:abap>
</abapGit>
