﻿<?xml version="1.0" encoding="utf-8"?>
<abapGit version="v1.0.0" serializer="LCL_OBJECT_PROG" serializer_version="v1.0.0">
 <asx:abap xmlns:asx="http://www.sap.com/abapxml" version="1.0">
  <asx:values>
   <PROGDIR>
    <NAME>BC402_DBD_SQL_PERFORMANCE</NAME>
    <STATE>A</STATE>
    <VARCL>X</VARCL>
    <SUBC>1</SUBC>
    <RLOAD>D</RLOAD>
    <FIXPT>X</FIXPT>
    <UCCHECK>X</UCCHECK>
   </PROGDIR>
   <TPOOL>
    <item>
     <ID>I</ID>
     <KEY>RTC</KEY>
     <ENTRY>Laufzeitvergleich</ENTRY>
     <LENGTH>40</LENGTH>
    </item>
    <item>
     <ID>S</ID>
     <KEY>PA_2JOIN</KEY>
     <ENTRY>2-fach Join</ENTRY>
     <LENGTH>19</LENGTH>
    </item>
    <item>
     <ID>S</ID>
     <KEY>PA_3JOIN</KEY>
     <ENTRY>3-fach Join</ENTRY>
     <LENGTH>19</LENGTH>
    </item>
    <item>
     <ID>S</ID>
     <KEY>PA_AENTR</KEY>
     <ENTRY>STRAVELAG mit FOR ALL ENTRIES</ENTRY>
     <LENGTH>37</LENGTH>
    </item>
    <item>
     <ID>S</ID>
     <KEY>PA_AFTCH</KEY>
     <ENTRY>SBOOK mit Array Fetch</ENTRY>
     <LENGTH>29</LENGTH>
    </item>
    <item>
     <ID>S</ID>
     <KEY>PA_BFULL</KEY>
     <ENTRY>STRAVELAG vollst. gepuffert</ENTRY>
     <LENGTH>37</LENGTH>
    </item>
    <item>
     <ID>S</ID>
     <KEY>PA_BUFOD</KEY>
     <ENTRY>STRAVELAG mit Buffer on Demand</ENTRY>
     <LENGTH>38</LENGTH>
    </item>
    <item>
     <ID>S</ID>
     <KEY>PA_CABUF</KEY>
     <ENTRY>SCARR vollständig gepuffert</ENTRY>
     <LENGTH>35</LENGTH>
    </item>
    <item>
     <ID>S</ID>
     <KEY>PA_FLIST</KEY>
     <ENTRY>Feldlisten statt SELECT *</ENTRY>
     <LENGTH>33</LENGTH>
    </item>
    <item>
     <ID>S</ID>
     <KEY>PA_NESTD</KEY>
     <ENTRY>Geschachtelte Selects</ENTRY>
     <LENGTH>29</LENGTH>
    </item>
    <item>
     <ID>S</ID>
     <KEY>PA_SUSEL</KEY>
     <ENTRY>STRAVELAG mit SUBSELECT</ENTRY>
     <LENGTH>31</LENGTH>
    </item>
    <item>
     <ID>S</ID>
     <KEY>SO_AGY</KEY>
     <ENTRY>.</ENTRY>
     <LENGTH>29</LENGTH>
     <SPLIT>D</SPLIT>
    </item>
    <item>
     <ID>S</ID>
     <KEY>SO_CUS</KEY>
     <ENTRY>.</ENTRY>
     <LENGTH>20</LENGTH>
     <SPLIT>D</SPLIT>
    </item>
    <item>
     <ID>S</ID>
     <KEY>SO_FLD</KEY>
     <ENTRY>.</ENTRY>
     <LENGTH>24</LENGTH>
     <SPLIT>D</SPLIT>
    </item>
    <item>
     <ID>R</ID>
     <ENTRY>Demo: Open SQL Performance-Vergleiche</ENTRY>
     <LENGTH>37</LENGTH>
    </item>
   </TPOOL>
   <I18N_TPOOL>
    <item>
     <LANGUAGE>E</LANGUAGE>
     <TEXTPOOL>
      <item>
       <ID>I</ID>
       <KEY>RTC</KEY>
       <ENTRY>Runtime Comparison</ENTRY>
       <LENGTH>40</LENGTH>
      </item>
      <item>
       <ID>R</ID>
       <ENTRY>Demo: Open SQL Performance Comparisons</ENTRY>
       <LENGTH>70</LENGTH>
      </item>
      <item>
       <ID>S</ID>
       <KEY>PA_2JOIN</KEY>
       <ENTRY>Double Join</ENTRY>
       <LENGTH>19</LENGTH>
      </item>
      <item>
       <ID>S</ID>
       <KEY>PA_3JOIN</KEY>
       <ENTRY>Triple Join</ENTRY>
       <LENGTH>19</LENGTH>
      </item>
      <item>
       <ID>S</ID>
       <KEY>PA_AENTR</KEY>
       <ENTRY>STRAVELAG with FOR ALL ENTRIES</ENTRY>
       <LENGTH>38</LENGTH>
      </item>
      <item>
       <ID>S</ID>
       <KEY>PA_AFTCH</KEY>
       <ENTRY>SBOOK with Array Fetch</ENTRY>
       <LENGTH>30</LENGTH>
      </item>
      <item>
       <ID>S</ID>
       <KEY>PA_BFULL</KEY>
       <ENTRY>STRAVELAG Comprehensive Buffer</ENTRY>
       <LENGTH>38</LENGTH>
      </item>
      <item>
       <ID>S</ID>
       <KEY>PA_BUFOD</KEY>
       <ENTRY>STRAVELAG - Buffer on Demand</ENTRY>
       <LENGTH>38</LENGTH>
      </item>
      <item>
       <ID>S</ID>
       <KEY>PA_CABUF</KEY>
       <ENTRY>SCARR Comprehsive Buffer</ENTRY>
       <LENGTH>35</LENGTH>
      </item>
      <item>
       <ID>S</ID>
       <KEY>PA_FLIST</KEY>
       <ENTRY>Field Lists Instead of SELECT*</ENTRY>
       <LENGTH>38</LENGTH>
      </item>
      <item>
       <ID>S</ID>
       <KEY>PA_NESTD</KEY>
       <ENTRY>Encapsulated Selects</ENTRY>
       <LENGTH>29</LENGTH>
      </item>
      <item>
       <ID>S</ID>
       <KEY>PA_SUSEL</KEY>
       <ENTRY>STRAVELAG with SUBSELECT</ENTRY>
       <LENGTH>32</LENGTH>
      </item>
      <item>
       <ID>S</ID>
       <KEY>SO_AGY</KEY>
       <ENTRY>.</ENTRY>
       <LENGTH>29</LENGTH>
       <SPLIT>D</SPLIT>
      </item>
      <item>
       <ID>S</ID>
       <KEY>SO_CUS</KEY>
       <ENTRY>.</ENTRY>
       <LENGTH>20</LENGTH>
       <SPLIT>D</SPLIT>
      </item>
      <item>
       <ID>S</ID>
       <KEY>SO_FLD</KEY>
       <ENTRY>.</ENTRY>
       <LENGTH>24</LENGTH>
       <SPLIT>D</SPLIT>
      </item>
     </TEXTPOOL>
    </item>
   </I18N_TPOOL>
  </asx:values>
 </asx:abap>
</abapGit>
