﻿<?xml version="1.0" encoding="utf-8"?>
<abapGit version="v1.0.0" serializer="LCL_OBJECT_TABL" serializer_version="v1.0.0">
 <asx:abap xmlns:asx="http://www.sap.com/abapxml" version="1.0">
  <asx:values>
   <DD02V>
    <TABNAME>BC402_S_COMPONENT</TABNAME>
    <DDLANGUAGE>D</DDLANGUAGE>
    <TABCLASS>INTTAB</TABCLASS>
    <DDTEXT>Feldname mit Feldbezeichnern</DDTEXT>
    <EXCLASS>1</EXCLASS>
   </DD02V>
   <DD03P_TABLE>
    <DD03P>
     <TABNAME>BC402_S_COMPONENT</TABNAME>
     <FIELDNAME>FIELDNAME</FIELDNAME>
     <POSITION>0001</POSITION>
     <KEYFLAG>X</KEYFLAG>
     <ROLLNAME>FIELDNAME</ROLLNAME>
     <ADMINFIELD>0</ADMINFIELD>
     <COMPTYPE>E</COMPTYPE>
    </DD03P>
    <DD03P>
     <TABNAME>BC402_S_COMPONENT</TABNAME>
     <FIELDNAME>SCRTEXT_S</FIELDNAME>
     <POSITION>0002</POSITION>
     <ROLLNAME>SCRTEXT_S</ROLLNAME>
     <ADMINFIELD>0</ADMINFIELD>
     <COMPTYPE>E</COMPTYPE>
    </DD03P>
    <DD03P>
     <TABNAME>BC402_S_COMPONENT</TABNAME>
     <FIELDNAME>SCRTEXT_M</FIELDNAME>
     <POSITION>0003</POSITION>
     <ROLLNAME>SCRTEXT_M</ROLLNAME>
     <ADMINFIELD>0</ADMINFIELD>
     <COMPTYPE>E</COMPTYPE>
    </DD03P>
    <DD03P>
     <TABNAME>BC402_S_COMPONENT</TABNAME>
     <FIELDNAME>SCRTEXT_L</FIELDNAME>
     <POSITION>0004</POSITION>
     <ROLLNAME>SCRTEXT_L</ROLLNAME>
     <ADMINFIELD>0</ADMINFIELD>
     <COMPTYPE>E</COMPTYPE>
    </DD03P>
   </DD03P_TABLE>
  </asx:values>
 </asx:abap>
</abapGit>
