﻿<?xml version="1.0" encoding="utf-8"?>
<abapGit version="v1.0.0" serializer="LCL_OBJECT_TRAN" serializer_version="v1.0.0">
 <asx:abap xmlns:asx="http://www.sap.com/abapxml" version="1.0">
  <asx:values>
   <TSTC>
    <TCODE>BC402MCON</TCODE>
    <PGMNA>SAPMBC402_PCD_CONNECTION</PGMNA>
    <DYPNO>0100</DYPNO>
   </TSTC>
   <TSTCC>
    <TCODE>BC402MCON</TCODE>
    <S_WIN32>X</S_WIN32>
    <S_PLATIN>X</S_PLATIN>
   </TSTCC>
   <I18N_TPOOL>
    <TSTCT>
     <SPRSL>E</SPRSL>
     <TTEXT>Demo: Details zu Flugverbindung</TTEXT>
    </TSTCT>
   </I18N_TPOOL>
  </asx:values>
 </asx:abap>
</abapGit>
