﻿<?xml version="1.0" encoding="utf-8"?>
<abapGit version="v1.0.0" serializer="LCL_OBJECT_PROG" serializer_version="v1.0.0">
 <asx:abap xmlns:asx="http://www.sap.com/abapxml" version="1.0">
  <asx:values>
   <PROGDIR>
    <NAME>BC402_DBD_JOIN</NAME>
    <STATE>A</STATE>
    <VARCL>X</VARCL>
    <SUBC>1</SUBC>
    <RLOAD>D</RLOAD>
    <FIXPT>X</FIXPT>
    <UCCHECK>X</UCCHECK>
   </PROGDIR>
   <TPOOL>
    <item>
     <ID>R</ID>
     <ENTRY>Demo: Join zweier Tabellen (inner oder outer joins)</ENTRY>
     <LENGTH>51</LENGTH>
    </item>
    <item>
     <ID>S</ID>
     <KEY>PA_INN</KEY>
     <ENTRY>scarr INNER JOIN spfli</ENTRY>
     <LENGTH>30</LENGTH>
    </item>
    <item>
     <ID>S</ID>
     <KEY>PA_OUT</KEY>
     <ENTRY>scarr LEFT OUTER JOIN spfli</ENTRY>
     <LENGTH>35</LENGTH>
    </item>
    <item>
     <ID>S</ID>
     <KEY>PA_OUT2</KEY>
     <ENTRY>spfli LEFT OUTER JOIN scarr</ENTRY>
     <LENGTH>35</LENGTH>
    </item>
    <item>
     <ID>S</ID>
     <KEY>PA_VIEW</KEY>
     <ENTRY>Selektion über Datenbank View</ENTRY>
     <LENGTH>37</LENGTH>
    </item>
   </TPOOL>
   <I18N_TPOOL>
    <item>
     <LANGUAGE>E</LANGUAGE>
     <TEXTPOOL>
      <item>
       <ID>R</ID>
       <ENTRY>Demo: Join Two Tables (Inner or Outer Joins)</ENTRY>
       <LENGTH>70</LENGTH>
      </item>
      <item>
       <ID>S</ID>
       <KEY>PA_INN</KEY>
       <ENTRY>scarr INNER JOIN spfli</ENTRY>
       <LENGTH>30</LENGTH>
      </item>
      <item>
       <ID>S</ID>
       <KEY>PA_OUT</KEY>
       <ENTRY>scarr LEFT OUTER JOIN spfli</ENTRY>
       <LENGTH>35</LENGTH>
      </item>
      <item>
       <ID>S</ID>
       <KEY>PA_OUT2</KEY>
       <ENTRY>spfli LEFT OUTER JOIN scarr</ENTRY>
       <LENGTH>35</LENGTH>
      </item>
      <item>
       <ID>S</ID>
       <KEY>PA_VIEW</KEY>
       <ENTRY>Selection Using Database View</ENTRY>
       <LENGTH>37</LENGTH>
      </item>
     </TEXTPOOL>
    </item>
   </I18N_TPOOL>
  </asx:values>
 </asx:abap>
</abapGit>
