﻿<?xml version="1.0" encoding="utf-8"?>
<abapGit version="v1.0.0" serializer="LCL_OBJECT_PROG" serializer_version="v1.0.0">
 <asx:abap xmlns:asx="http://www.sap.com/abapxml" version="1.0">
  <asx:values>
   <PROGDIR>
    <NAME>BC402_DBD_ORDER_BY</NAME>
    <STATE>A</STATE>
    <VARCL>X</VARCL>
    <SUBC>1</SUBC>
    <RLOAD>D</RLOAD>
    <FIXPT>X</FIXPT>
    <UCCHECK>X</UCCHECK>
   </PROGDIR>
   <TPOOL>
    <item>
     <ID>R</ID>
     <ENTRY>Demo: SELECT mit ORDER_BY</ENTRY>
     <LENGTH>25</LENGTH>
    </item>
    <item>
     <ID>S</ID>
     <KEY>PA_ALL</KEY>
     <ENTRY>Alle nacheinander</ENTRY>
     <LENGTH>25</LENGTH>
    </item>
    <item>
     <ID>S</ID>
     <KEY>PA_ORDBY</KEY>
     <ENTRY>Selektion mit Order By</ENTRY>
     <LENGTH>30</LENGTH>
    </item>
    <item>
     <ID>S</ID>
     <KEY>PA_SORT</KEY>
     <ENTRY>Selektion in Sorted Tabelle</ENTRY>
     <LENGTH>35</LENGTH>
    </item>
    <item>
     <ID>S</ID>
     <KEY>PA_STAB</KEY>
     <ENTRY>Selektion mit anschl.  Sort</ENTRY>
     <LENGTH>35</LENGTH>
    </item>
   </TPOOL>
   <I18N_TPOOL>
    <item>
     <LANGUAGE>E</LANGUAGE>
     <TEXTPOOL>
      <item>
       <ID>R</ID>
       <ENTRY>Demo: SELECT with ORDER_BY</ENTRY>
       <LENGTH>70</LENGTH>
      </item>
      <item>
       <ID>S</ID>
       <KEY>PA_ALL</KEY>
       <ENTRY>All Chronologically</ENTRY>
       <LENGTH>27</LENGTH>
      </item>
      <item>
       <ID>S</ID>
       <KEY>PA_ORDBY</KEY>
       <ENTRY>Selection Using Order By</ENTRY>
       <LENGTH>32</LENGTH>
      </item>
      <item>
       <ID>S</ID>
       <KEY>PA_SORT</KEY>
       <ENTRY>Selection in Sorted Table</ENTRY>
       <LENGTH>35</LENGTH>
      </item>
      <item>
       <ID>S</ID>
       <KEY>PA_STAB</KEY>
       <ENTRY>Sorted Selection</ENTRY>
       <LENGTH>35</LENGTH>
      </item>
     </TEXTPOOL>
    </item>
   </I18N_TPOOL>
  </asx:values>
 </asx:abap>
</abapGit>
