﻿<?xml version="1.0" encoding="utf-8"?>
<abapGit version="v1.0.0" serializer="LCL_OBJECT_FUGR" serializer_version="v1.0.0">
 <asx:abap xmlns:asx="http://www.sap.com/abapxml" version="1.0">
  <asx:values>
   <AREAT>Hilfsfunktionen für  BC402 Übungen</AREAT>
   <INCLUDES>
    <SOBJ_NAME>LBC402_AUXILIARY_FUNCTIONSF01</SOBJ_NAME>
    <SOBJ_NAME>LBC402_AUXILIARY_FUNCTIONSF02</SOBJ_NAME>
    <SOBJ_NAME>LBC402_AUXILIARY_FUNCTIONSI01</SOBJ_NAME>
    <SOBJ_NAME>LBC402_AUXILIARY_FUNCTIONSO01</SOBJ_NAME>
    <SOBJ_NAME>LBC402_AUXILIARY_FUNCTIONSTOP</SOBJ_NAME>
    <SOBJ_NAME>SAPLBC402_AUXILIARY_FUNCTIONS</SOBJ_NAME>
   </INCLUDES>
   <FUNCTIONS>
    <item>
     <FUNCNAME>BC402_CREATE_SEP_STRING</FUNCNAME>
     <SHORT_TEXT>erzeugt Zeichenkette aus Tabellendaten</SHORT_TEXT>
     <IMPORT>
      <RSIMP>
       <PARAMETER>IM_NUMBER</PARAMETER>
       <DEFAULT>&apos;1&apos;</DEFAULT>
       <OPTIONAL>X</OPTIONAL>
       <REFERENCE>X</REFERENCE>
       <TYP>I</TYP>
      </RSIMP>
      <RSIMP>
       <PARAMETER>IM_TABLE_NAME</PARAMETER>
       <DEFAULT>&apos;SFLIGHT&apos;</DEFAULT>
       <OPTIONAL>X</OPTIONAL>
       <REFERENCE>X</REFERENCE>
       <TYP>TABNAME</TYP>
      </RSIMP>
      <RSIMP>
       <PARAMETER>IM_SEPARATOR</PARAMETER>
       <DEFAULT>&apos;#&apos;</DEFAULT>
       <OPTIONAL>X</OPTIONAL>
       <REFERENCE>X</REFERENCE>
       <TYP>C</TYP>
      </RSIMP>
      <RSIMP>
       <PARAMETER>IM_UNIQUE</PARAMETER>
       <DEFAULT>&apos;X&apos;</DEFAULT>
       <OPTIONAL>X</OPTIONAL>
       <REFERENCE>X</REFERENCE>
       <TYP>C</TYP>
      </RSIMP>
     </IMPORT>
     <EXPORT>
      <RSEXP>
       <PARAMETER>EX_STRING</PARAMETER>
       <REFERENCE>X</REFERENCE>
       <TYP>STRING</TYP>
      </RSEXP>
     </EXPORT>
     <EXCEPTION>
      <RSEXC>
       <EXCEPTION>NO_DATA</EXCEPTION>
      </RSEXC>
     </EXCEPTION>
     <DOCUMENTATION>
      <RSFDO>
       <PARAMETER>IM_NUMBER</PARAMETER>
       <KIND>P</KIND>
       <STEXT>Anzahl der heranzuziehenden Datensätze</STEXT>
       <INDEX> 001</INDEX>
      </RSFDO>
      <RSFDO>
       <PARAMETER>IM_TABLE_NAME</PARAMETER>
       <KIND>P</KIND>
       <STEXT>Name einer transparenten Tabelle</STEXT>
       <INDEX> 002</INDEX>
      </RSFDO>
      <RSFDO>
       <PARAMETER>IM_SEPARATOR</PARAMETER>
       <KIND>P</KIND>
       <STEXT>Trennzeichen</STEXT>
       <INDEX> 003</INDEX>
      </RSFDO>
      <RSFDO>
       <PARAMETER>IM_UNIQUE</PARAMETER>
       <KIND>P</KIND>
       <STEXT>alle Datensätze eindeutig</STEXT>
       <INDEX> 004</INDEX>
      </RSFDO>
      <RSFDO>
       <PARAMETER>EX_STRING</PARAMETER>
       <KIND>P</KIND>
       <STEXT>Zeichenkette aus Datensätzen</STEXT>
       <INDEX> 005</INDEX>
      </RSFDO>
      <RSFDO>
       <PARAMETER>NO_DATA</PARAMETER>
       <KIND>X</KIND>
       <STEXT>transparente Tabelle leer</STEXT>
       <INDEX> 006</INDEX>
      </RSFDO>
     </DOCUMENTATION>
    </item>
    <item>
     <FUNCNAME>BC402_DISPLAY_TABLE</FUNCNAME>
     <SHORT_TEXT>Anzeige einer beliebigen Tabelle mit ALV Modell</SHORT_TEXT>
     <CHANGING>
      <RSCHA>
       <PARAMETER>CT_TABLE</PARAMETER>
       <REFERENCE>X</REFERENCE>
       <TYP>STANDARD TABLE</TYP>
      </RSCHA>
     </CHANGING>
     <EXCEPTION>
      <RSEXC>
       <EXCEPTION>CX_SALV_MSG</EXCEPTION>
      </RSEXC>
     </EXCEPTION>
     <DOCUMENTATION>
      <RSFDO>
       <PARAMETER>CT_TABLE</PARAMETER>
       <KIND>P</KIND>
       <INDEX> 001</INDEX>
      </RSFDO>
      <RSFDO>
       <PARAMETER>CX_SALV_MSG</PARAMETER>
       <KIND>X</KIND>
       <STEXT>ALV: Allg. Fehlerklasse  mit Meldung</STEXT>
       <INDEX> 002</INDEX>
      </RSFDO>
     </DOCUMENTATION>
     <EXCEPTION_CLASSES>X</EXCEPTION_CLASSES>
    </item>
    <item>
     <FUNCNAME>BC402_SELECT_COMPONENTS</FUNCNAME>
     <SHORT_TEXT>Zeigt eine Liste mit Komponenten an und gibt ausgewählte Komponenten zurüc</SHORT_TEXT>
     <IMPORT>
      <RSIMP>
       <PARAMETER>IV_TABNAME</PARAMETER>
       <REFERENCE>X</REFERENCE>
       <TYP>CSEQUENCE</TYP>
      </RSIMP>
     </IMPORT>
     <EXPORT>
      <RSEXP>
       <PARAMETER>ET_COMP_NAMES</PARAMETER>
       <REFERENCE>X</REFERENCE>
       <TYP>STRING_TABLE</TYP>
      </RSEXP>
     </EXPORT>
     <EXCEPTION>
      <RSEXC>
       <EXCEPTION>TYPE_NOT_FOUND</EXCEPTION>
      </RSEXC>
      <RSEXC>
       <EXCEPTION>NO_STRUCTURE</EXCEPTION>
      </RSEXC>
      <RSEXC>
       <EXCEPTION>NO_DDIC_TYPE</EXCEPTION>
      </RSEXC>
     </EXCEPTION>
     <DOCUMENTATION>
      <RSFDO>
       <PARAMETER>IV_TABNAME</PARAMETER>
       <KIND>P</KIND>
       <STEXT>Name eines Strukturtyps im Dictionary</STEXT>
       <INDEX> 001</INDEX>
      </RSFDO>
      <RSFDO>
       <PARAMETER>ET_COMP_NAMES</PARAMETER>
       <KIND>P</KIND>
       <STEXT>Tabelle mit Namen von Komponenten</STEXT>
       <INDEX> 002</INDEX>
      </RSFDO>
      <RSFDO>
       <PARAMETER>TYPE_NOT_FOUND</PARAMETER>
       <KIND>X</KIND>
       <STEXT>Der übergebene Typ ist nicht bekannt</STEXT>
       <INDEX> 003</INDEX>
      </RSFDO>
      <RSFDO>
       <PARAMETER>NO_STRUCTURE</PARAMETER>
       <KIND>X</KIND>
       <STEXT>Der übergebene Typ ist keine Struktur</STEXT>
       <INDEX> 004</INDEX>
      </RSFDO>
      <RSFDO>
       <PARAMETER>NO_DDIC_TYPE</PARAMETER>
       <KIND>X</KIND>
       <STEXT>Der übergebene Typ ist kein DDIC Typ</STEXT>
       <INDEX> 005</INDEX>
      </RSFDO>
     </DOCUMENTATION>
    </item>
   </FUNCTIONS>
   <DYNPROS>
    <item>
     <HEADER>
      <PROGRAM>SAPLBC402_AUXILIARY_FUNCTIONS</PROGRAM>
      <SCREEN>0100</SCREEN>
      <LANGUAGE>D</LANGUAGE>
      <DESCRIPT>Grid Control zur Anzeige/Auswahl von Feldern</DESCRIPT>
      <TYPE>N</TYPE>
      <NEXTSCREEN>0100</NEXTSCREEN>
      <LINES>027</LINES>
      <COLUMNS>120</COLUMNS>
     </HEADER>
     <CONTAINERS>
      <RPY_DYCATT>
       <TYPE>SCREEN</TYPE>
       <NAME>SCREEN</NAME>
      </RPY_DYCATT>
      <RPY_DYCATT>
       <TYPE>CUST_CTRL</TYPE>
       <NAME>CONTROL_AREA</NAME>
       <ELEMENT_OF>SCREEN</ELEMENT_OF>
       <LINE>001</LINE>
       <COLUMN>001</COLUMN>
       <LENGTH>107</LENGTH>
       <HEIGHT>027</HEIGHT>
       <C_LINE_MIN>001</C_LINE_MIN>
       <C_COLN_MIN>001</C_COLN_MIN>
      </RPY_DYCATT>
     </CONTAINERS>
     <FIELDS>
      <RPY_DYFATC>
       <CONT_TYPE>SCREEN</CONT_TYPE>
       <CONT_NAME>SCREEN</CONT_NAME>
       <TYPE>OKCODE</TYPE>
       <NAME>OK_CODE</NAME>
       <TEXT>____________________</TEXT>
       <LENGTH>020</LENGTH>
       <VISLENGTH>020</VISLENGTH>
       <HEIGHT>001</HEIGHT>
       <FORMAT>CHAR</FORMAT>
       <INPUT_FLD>X</INPUT_FLD>
      </RPY_DYFATC>
     </FIELDS>
     <FLOW_LOGIC>
      <RPY_DYFLOW/>
      <RPY_DYFLOW>
       <LINE>PROCESS BEFORE OUTPUT.</LINE>
      </RPY_DYFLOW>
      <RPY_DYFLOW>
       <LINE>MODULE STATUS_0100.</LINE>
      </RPY_DYFLOW>
      <RPY_DYFLOW>
       <LINE>*</LINE>
      </RPY_DYFLOW>
      <RPY_DYFLOW>
       <LINE>MODULE clear_ok_code.</LINE>
      </RPY_DYFLOW>
      <RPY_DYFLOW>
       <LINE>MODULE init_control_processing_0100.</LINE>
      </RPY_DYFLOW>
      <RPY_DYFLOW/>
      <RPY_DYFLOW>
       <LINE>PROCESS AFTER INPUT.</LINE>
      </RPY_DYFLOW>
      <RPY_DYFLOW>
       <LINE>MODULE user_command_0100.</LINE>
      </RPY_DYFLOW>
     </FLOW_LOGIC>
     <SPACES>
      <item>0</item>
      <item>0</item>
      <item>2</item>
      <item>0</item>
      <item>2</item>
      <item>2</item>
      <item>0</item>
      <item>0</item>
      <item>2</item>
     </SPACES>
    </item>
   </DYNPROS>
   <CUA>
    <ADM>
     <ACTCODE>000001</ACTCODE>
     <PFKCODE>000001</PFKCODE>
    </ADM>
    <STA>
     <RSMPE_STAT>
      <CODE>STATUS_0100</CODE>
      <MODAL>D</MODAL>
      <ACTCODE>000001</ACTCODE>
      <PFKCODE>000001</PFKCODE>
      <BUTCODE>0001</BUTCODE>
      <INT_NOTE>Standardstatus for Dynpro 100</INT_NOTE>
     </RSMPE_STAT>
    </STA>
    <FUN>
     <RSMPE_FUNT>
      <CODE>TAKE</CODE>
      <TEXTNO>001</TEXTNO>
      <TEXT_TYPE>S</TEXT_TYPE>
      <TEXT_NAME>ICON_EXECUTE_OBJECT</TEXT_NAME>
      <ICON_ID>@15@</ICON_ID>
      <FUN_TEXT>Selektion übernehmen</FUN_TEXT>
     </RSMPE_FUNT>
    </FUN>
    <BUT>
     <RSMPE_BUT>
      <PFK_CODE>000001</PFK_CODE>
      <CODE>0001</CODE>
      <NO>01</NO>
      <PFNO>08</PFNO>
     </RSMPE_BUT>
    </BUT>
    <PFK>
     <RSMPE_PFK>
      <CODE>000001</CODE>
      <PFNO>08</PFNO>
      <FUNCODE>TAKE</FUNCODE>
      <FUNNO>001</FUNNO>
     </RSMPE_PFK>
    </PFK>
    <SET>
     <RSMPE_STAF>
      <STATUS>STATUS_0100</STATUS>
      <FUNCTION>TAKE</FUNCTION>
     </RSMPE_STAF>
    </SET>
    <DOC>
     <RSMPE_ATRT>
      <OBJ_TYPE>A</OBJ_TYPE>
      <OBJ_CODE>000001</OBJ_CODE>
      <MODAL>D</MODAL>
      <INT_NOTE>Standardstatus for Dynpro 100</INT_NOTE>
     </RSMPE_ATRT>
     <RSMPE_ATRT>
      <OBJ_TYPE>P</OBJ_TYPE>
      <OBJ_CODE>000001</OBJ_CODE>
      <MODAL>D</MODAL>
      <INT_NOTE>Standardstatus for Dynpro 100</INT_NOTE>
     </RSMPE_ATRT>
     <RSMPE_ATRT>
      <OBJ_TYPE>B</OBJ_TYPE>
      <OBJ_CODE>000001</OBJ_CODE>
      <SUB_CODE>0001</SUB_CODE>
      <MODAL>D</MODAL>
      <INT_NOTE>Standardstatus for Dynpro 100</INT_NOTE>
     </RSMPE_ATRT>
    </DOC>
   </CUA>
  </asx:values>
 </asx:abap>
</abapGit>
