﻿<?xml version="1.0" encoding="utf-8"?>
<abapGit version="v1.0.0" serializer="LCL_OBJECT_TTYP" serializer_version="v1.0.0">
 <asx:abap xmlns:asx="http://www.sap.com/abapxml" version="1.0">
  <asx:values>
   <DD40V>
    <TYPENAME>BC402_T_BOOKINGS</TYPENAME>
    <DDLANGUAGE>D</DDLANGUAGE>
    <ROWTYPE>BC402_S_BOOKING</ROWTYPE>
    <ROWKIND>S</ROWKIND>
    <DATATYPE>STRU</DATATYPE>
    <ACCESSMODE>A</ACCESSMODE>
    <KEYDEF>G</KEYDEF>
    <KEYKIND>G</KEYKIND>
    <GENERIC>X</GENERIC>
    <DDTEXT>Flugbuchungen</DDTEXT>
   </DD40V>
  </asx:values>
 </asx:abap>
</abapGit>
