﻿<?xml version="1.0" encoding="utf-8"?>
<abapGit version="v1.0.0" serializer="LCL_OBJECT_MSAG" serializer_version="v1.0.0">
 <asx:abap xmlns:asx="http://www.sap.com/abapxml" version="1.0">
  <asx:values>
   <T100A>
    <ARBGB>BC402</ARBGB>
    <MASTERLANG>D</MASTERLANG>
    <STEXT>Schulung: BC402 - Advanced ABAP</STEXT>
   </T100A>
   <T100>
    <T100>
     <SPRSL>D</SPRSL>
     <ARBGB>BC402</ARBGB>
     <MSGNR>000</MSGNR>
     <TEXT>&amp; &amp; &amp; &amp;</TEXT>
    </T100>
    <T100>
     <SPRSL>D</SPRSL>
     <ARBGB>BC402</ARBGB>
     <MSGNR>010</MSGNR>
     <TEXT>Fluggesellschaft &amp;1 existiert nicht</TEXT>
    </T100>
    <T100>
     <SPRSL>D</SPRSL>
     <ARBGB>BC402</ARBGB>
     <MSGNR>015</MSGNR>
     <TEXT>Kunde Nr. &amp;1 erfolgreich angelegt</TEXT>
    </T100>
    <T100>
     <SPRSL>D</SPRSL>
     <ARBGB>BC402</ARBGB>
     <MSGNR>020</MSGNR>
     <TEXT>Fehler beim dynamische Aufruf</TEXT>
    </T100>
    <T100>
     <SPRSL>D</SPRSL>
     <ARBGB>BC402</ARBGB>
     <MSGNR>021</MSGNR>
     <TEXT>Wählen Sie eine oder mehrere Komponenten aus (gedrückte Strg-Taste)</TEXT>
    </T100>
    <T100>
     <SPRSL>D</SPRSL>
     <ARBGB>BC402</ARBGB>
     <MSGNR>024</MSGNR>
    </T100>
    <T100>
     <SPRSL>D</SPRSL>
     <ARBGB>BC402</ARBGB>
     <MSGNR>025</MSGNR>
     <TEXT>Das Ereignis &amp; wurde ausgelöst.</TEXT>
    </T100>
    <T100>
     <SPRSL>D</SPRSL>
     <ARBGB>BC402</ARBGB>
     <MSGNR>028</MSGNR>
    </T100>
    <T100>
     <SPRSL>D</SPRSL>
     <ARBGB>BC402</ARBGB>
     <MSGNR>029</MSGNR>
    </T100>
    <T100>
     <SPRSL>D</SPRSL>
     <ARBGB>BC402</ARBGB>
     <MSGNR>030</MSGNR>
     <TEXT>Ungültiger Stichtag</TEXT>
    </T100>
    <T100>
     <SPRSL>D</SPRSL>
     <ARBGB>BC402</ARBGB>
     <MSGNR>031</MSGNR>
     <TEXT>Fehler beim Anlegen des Containers</TEXT>
    </T100>
    <T100>
     <SPRSL>D</SPRSL>
     <ARBGB>BC402</ARBGB>
     <MSGNR>032</MSGNR>
     <TEXT>Fehler beim Anlegen des ALV Controls</TEXT>
    </T100>
    <T100>
     <SPRSL>D</SPRSL>
     <ARBGB>BC402</ARBGB>
     <MSGNR>033</MSGNR>
     <TEXT>Fehlerhafter Methodenaufruf</TEXT>
    </T100>
    <T100>
     <SPRSL>D</SPRSL>
     <ARBGB>BC402</ARBGB>
     <MSGNR>034</MSGNR>
    </T100>
    <T100>
     <SPRSL>D</SPRSL>
     <ARBGB>BC402</ARBGB>
     <MSGNR>038</MSGNR>
     <TEXT>Zu dieser Selektion existieren keine Daten (Bitte Neueingabe)</TEXT>
    </T100>
    <T100>
     <SPRSL>D</SPRSL>
     <ARBGB>BC402</ARBGB>
     <MSGNR>040</MSGNR>
     <TEXT>Trennzeichen kommt in der Zeichenkette nicht vor.</TEXT>
    </T100>
    <T100>
     <SPRSL>D</SPRSL>
     <ARBGB>BC402</ARBGB>
     <MSGNR>041</MSGNR>
     <TEXT>Haben Sie sich die Eingabe gut überlegt?</TEXT>
    </T100>
    <T100>
     <SPRSL>D</SPRSL>
     <ARBGB>BC402</ARBGB>
     <MSGNR>042</MSGNR>
    </T100>
    <T100>
     <SPRSL>D</SPRSL>
     <ARBGB>BC402</ARBGB>
     <MSGNR>043</MSGNR>
    </T100>
    <T100>
     <SPRSL>D</SPRSL>
     <ARBGB>BC402</ARBGB>
     <MSGNR>050</MSGNR>
     <TEXT>Der Typ &amp;1 existiert nicht</TEXT>
    </T100>
    <T100>
     <SPRSL>D</SPRSL>
     <ARBGB>BC402</ARBGB>
     <MSGNR>051</MSGNR>
     <TEXT>Der Typ &amp;1 ist kein Strukturtyp</TEXT>
    </T100>
    <T100>
     <SPRSL>D</SPRSL>
     <ARBGB>BC402</ARBGB>
     <MSGNR>052</MSGNR>
     <TEXT>Der Typ &amp;1 ist kein Typ aus dem ABAP Dictionary</TEXT>
    </T100>
    <T100>
     <SPRSL>D</SPRSL>
     <ARBGB>BC402</ARBGB>
     <MSGNR>053</MSGNR>
     <TEXT>Der Typ &amp;1 enthält eine nicht-elementare Komponente</TEXT>
    </T100>
    <T100>
     <SPRSL>D</SPRSL>
     <ARBGB>BC402</ARBGB>
     <MSGNR>060</MSGNR>
     <TEXT>Fehler beim dynamischen Methodenaufruf</TEXT>
    </T100>
    <T100>
     <SPRSL>D</SPRSL>
     <ARBGB>BC402</ARBGB>
     <MSGNR>061</MSGNR>
     <TEXT>Fehler beim dynamischen Datenbankzugriff</TEXT>
    </T100>
    <T100>
     <SPRSL>D</SPRSL>
     <ARBGB>BC402</ARBGB>
     <MSGNR>063</MSGNR>
    </T100>
    <T100>
     <SPRSL>D</SPRSL>
     <ARBGB>BC402</ARBGB>
     <MSGNR>064</MSGNR>
    </T100>
    <T100>
     <SPRSL>D</SPRSL>
     <ARBGB>BC402</ARBGB>
     <MSGNR>065</MSGNR>
    </T100>
    <T100>
     <SPRSL>D</SPRSL>
     <ARBGB>BC402</ARBGB>
     <MSGNR>066</MSGNR>
     <TEXT>Die max. Belegung ist für den ausgewählten Flugzeugtyp nicht gepflegt.</TEXT>
    </T100>
    <T100>
     <SPRSL>D</SPRSL>
     <ARBGB>BC402</ARBGB>
     <MSGNR>070</MSGNR>
     <TEXT>Nummernvorrat hat kritische Marke unterschritten.</TEXT>
    </T100>
    <T100>
     <SPRSL>D</SPRSL>
     <ARBGB>BC402</ARBGB>
     <MSGNR>071</MSGNR>
     <TEXT>letzte Nummer wurde gezogen</TEXT>
    </T100>
    <T100>
     <SPRSL>D</SPRSL>
     <ARBGB>BC402</ARBGB>
     <MSGNR>072</MSGNR>
     <TEXT>keine freie Nummer mehr verfügbar</TEXT>
    </T100>
    <T100>
     <SPRSL>D</SPRSL>
     <ARBGB>BC402</ARBGB>
     <MSGNR>073</MSGNR>
     <TEXT>interner Fehler bei Nummernvergabe (sy-subrc = &amp;1)</TEXT>
    </T100>
    <T100>
     <SPRSL>D</SPRSL>
     <ARBGB>BC402</ARBGB>
     <MSGNR>090</MSGNR>
     <TEXT>Datensatz wird zur Zeit bearbeitet</TEXT>
    </T100>
    <T100>
     <SPRSL>D</SPRSL>
     <ARBGB>BC402</ARBGB>
     <MSGNR>093</MSGNR>
     <TEXT>Sperranforderung nicht erfolgreich (sy-subc = &amp;1)</TEXT>
    </T100>
    <T100>
     <SPRSL>D</SPRSL>
     <ARBGB>BC402</ARBGB>
     <MSGNR>096</MSGNR>
     <TEXT>Die Daten konnten nicht gesichert werden! (sy-subrc = &amp;1)</TEXT>
    </T100>
    <T100>
     <SPRSL>D</SPRSL>
     <ARBGB>BC402</ARBGB>
     <MSGNR>098</MSGNR>
    </T100>
    <T100>
     <SPRSL>D</SPRSL>
     <ARBGB>BC402</ARBGB>
     <MSGNR>099</MSGNR>
     <TEXT>Keine freien Plätze mehr vorhanden</TEXT>
    </T100>
    <T100>
     <SPRSL>D</SPRSL>
     <ARBGB>BC402</ARBGB>
     <MSGNR>100</MSGNR>
     <TEXT>Klappstuhl mitbringen!</TEXT>
    </T100>
    <T100>
     <SPRSL>D</SPRSL>
     <ARBGB>BC402</ARBGB>
     <MSGNR>101</MSGNR>
    </T100>
    <T100>
     <SPRSL>D</SPRSL>
     <ARBGB>BC402</ARBGB>
     <MSGNR>102</MSGNR>
    </T100>
    <T100>
     <SPRSL>D</SPRSL>
     <ARBGB>BC402</ARBGB>
     <MSGNR>103</MSGNR>
    </T100>
    <T100>
     <SPRSL>D</SPRSL>
     <ARBGB>BC402</ARBGB>
     <MSGNR>105</MSGNR>
    </T100>
    <T100>
     <SPRSL>D</SPRSL>
     <ARBGB>BC402</ARBGB>
     <MSGNR>106</MSGNR>
    </T100>
    <T100>
     <SPRSL>D</SPRSL>
     <ARBGB>BC402</ARBGB>
     <MSGNR>107</MSGNR>
     <TEXT>Keine Einträge zum Schlüssel &amp; &amp; gefunden</TEXT>
    </T100>
    <T100>
     <SPRSL>D</SPRSL>
     <ARBGB>BC402</ARBGB>
     <MSGNR>108</MSGNR>
    </T100>
    <T100>
     <SPRSL>D</SPRSL>
     <ARBGB>BC402</ARBGB>
     <MSGNR>151</MSGNR>
     <TEXT>Falsche Kundennummer (Tabelle SCUSTOM)</TEXT>
    </T100>
    <T100>
     <SPRSL>D</SPRSL>
     <ARBGB>BC402</ARBGB>
     <MSGNR>152</MSGNR>
    </T100>
    <T100>
     <SPRSL>D</SPRSL>
     <ARBGB>BC402</ARBGB>
     <MSGNR>153</MSGNR>
    </T100>
    <T100>
     <SPRSL>D</SPRSL>
     <ARBGB>BC402</ARBGB>
     <MSGNR>155</MSGNR>
    </T100>
    <T100>
     <SPRSL>D</SPRSL>
     <ARBGB>BC402</ARBGB>
     <MSGNR>156</MSGNR>
    </T100>
    <T100>
     <SPRSL>D</SPRSL>
     <ARBGB>BC402</ARBGB>
     <MSGNR>157</MSGNR>
    </T100>
    <T100>
     <SPRSL>D</SPRSL>
     <ARBGB>BC402</ARBGB>
     <MSGNR>158</MSGNR>
    </T100>
    <T100>
     <SPRSL>D</SPRSL>
     <ARBGB>BC402</ARBGB>
     <MSGNR>160</MSGNR>
    </T100>
    <T100>
     <SPRSL>D</SPRSL>
     <ARBGB>BC402</ARBGB>
     <MSGNR>161</MSGNR>
    </T100>
    <T100>
     <SPRSL>D</SPRSL>
     <ARBGB>BC402</ARBGB>
     <MSGNR>171</MSGNR>
     <TEXT>Keine passenden Verbindungen gefunden</TEXT>
    </T100>
    <T100>
     <SPRSL>D</SPRSL>
     <ARBGB>BC402</ARBGB>
     <MSGNR>172</MSGNR>
     <TEXT>Keine Daten zur gewählten Verbindung vorhanden</TEXT>
    </T100>
    <T100>
     <SPRSL>D</SPRSL>
     <ARBGB>BC402</ARBGB>
     <MSGNR>173</MSGNR>
     <TEXT>Interner Fehler: Falsche Aufrufreihenfolge</TEXT>
    </T100>
    <T100>
     <SPRSL>D</SPRSL>
     <ARBGB>BC402</ARBGB>
     <MSGNR>174</MSGNR>
    </T100>
    <T100>
     <SPRSL>D</SPRSL>
     <ARBGB>BC402</ARBGB>
     <MSGNR>175</MSGNR>
    </T100>
    <T100>
     <SPRSL>D</SPRSL>
     <ARBGB>BC402</ARBGB>
     <MSGNR>180</MSGNR>
    </T100>
    <T100>
     <SPRSL>D</SPRSL>
     <ARBGB>BC402</ARBGB>
     <MSGNR>181</MSGNR>
    </T100>
    <T100>
     <SPRSL>D</SPRSL>
     <ARBGB>BC402</ARBGB>
     <MSGNR>182</MSGNR>
    </T100>
    <T100>
     <SPRSL>D</SPRSL>
     <ARBGB>BC402</ARBGB>
     <MSGNR>183</MSGNR>
    </T100>
    <T100>
     <SPRSL>D</SPRSL>
     <ARBGB>BC402</ARBGB>
     <MSGNR>190</MSGNR>
    </T100>
    <T100>
     <SPRSL>D</SPRSL>
     <ARBGB>BC402</ARBGB>
     <MSGNR>191</MSGNR>
    </T100>
    <T100>
     <SPRSL>D</SPRSL>
     <ARBGB>BC402</ARBGB>
     <MSGNR>194</MSGNR>
     <TEXT>Sie haben heute schon nach &amp; Kunde(n) Ausschau gehalten.</TEXT>
    </T100>
    <T100>
     <SPRSL>D</SPRSL>
     <ARBGB>BC402</ARBGB>
     <MSGNR>195</MSGNR>
     <TEXT>Fragen Sie, ob der Flugzeugtyp geändert werden kann.</TEXT>
    </T100>
    <T100>
     <SPRSL>D</SPRSL>
     <ARBGB>BC402</ARBGB>
     <MSGNR>197</MSGNR>
     <TEXT>Beruhigen Sie den Kunden. Unternehmen Sie irgendetwas.</TEXT>
    </T100>
    <T100>
     <SPRSL>D</SPRSL>
     <ARBGB>BC402</ARBGB>
     <MSGNR>198</MSGNR>
     <TEXT>Die Kundennummer wird aus einem Nummernkreis gezogen!</TEXT>
    </T100>
    <T100>
     <SPRSL>D</SPRSL>
     <ARBGB>BC402</ARBGB>
     <MSGNR>199</MSGNR>
     <TEXT>Der jetzt angezeigte Kunde ist von der Warteliste gestrichen worden.</TEXT>
    </T100>
    <T100>
     <SPRSL>D</SPRSL>
     <ARBGB>BC402</ARBGB>
     <MSGNR>200</MSGNR>
     <TEXT>Die Warteliste ist leer.</TEXT>
    </T100>
    <T100>
     <SPRSL>D</SPRSL>
     <ARBGB>BC402</ARBGB>
     <MSGNR>201</MSGNR>
     <TEXT>Der Wartende befindet sich an Warteposition &amp;.</TEXT>
    </T100>
    <T100>
     <SPRSL>D</SPRSL>
     <ARBGB>BC402</ARBGB>
     <MSGNR>202</MSGNR>
     <TEXT>Dieser Kunde wartet bereits.</TEXT>
    </T100>
    <T100>
     <SPRSL>D</SPRSL>
     <ARBGB>BC402</ARBGB>
     <MSGNR>203</MSGNR>
     <TEXT>Dieser Kunde wartet gar nicht.</TEXT>
    </T100>
    <T100>
     <SPRSL>D</SPRSL>
     <ARBGB>BC402</ARBGB>
     <MSGNR>204</MSGNR>
     <TEXT>Keine Anzeigeberechtigung für Fluggesellschaft &amp;1</TEXT>
    </T100>
    <T100>
     <SPRSL>D</SPRSL>
     <ARBGB>BC402</ARBGB>
     <MSGNR>250</MSGNR>
    </T100>
    <T100>
     <SPRSL>D</SPRSL>
     <ARBGB>BC402</ARBGB>
     <MSGNR>260</MSGNR>
    </T100>
    <T100>
     <SPRSL>D</SPRSL>
     <ARBGB>BC402</ARBGB>
     <MSGNR>301</MSGNR>
     <TEXT>Jetzt wird Dynpro in Funktionsgruppe gerufen</TEXT>
    </T100>
    <T100>
     <SPRSL>D</SPRSL>
     <ARBGB>BC402</ARBGB>
     <MSGNR>310</MSGNR>
     <TEXT>Keine doppelten Datensätze vorhanden.</TEXT>
    </T100>
    <T100>
     <SPRSL>D</SPRSL>
     <ARBGB>BC402</ARBGB>
     <MSGNR>315</MSGNR>
     <TEXT>Das Trennzeichen &amp; ist in der Zeichenkette nicht vorhanden.</TEXT>
    </T100>
    <T100>
     <SPRSL>D</SPRSL>
     <ARBGB>BC402</ARBGB>
     <MSGNR>317</MSGNR>
    </T100>
    <T100>
     <SPRSL>D</SPRSL>
     <ARBGB>BC402</ARBGB>
     <MSGNR>318</MSGNR>
    </T100>
    <T100>
     <SPRSL>D</SPRSL>
     <ARBGB>BC402</ARBGB>
     <MSGNR>321</MSGNR>
    </T100>
    <T100>
     <SPRSL>D</SPRSL>
     <ARBGB>BC402</ARBGB>
     <MSGNR>322</MSGNR>
    </T100>
    <T100>
     <SPRSL>D</SPRSL>
     <ARBGB>BC402</ARBGB>
     <MSGNR>331</MSGNR>
    </T100>
    <T100>
     <SPRSL>D</SPRSL>
     <ARBGB>BC402</ARBGB>
     <MSGNR>341</MSGNR>
    </T100>
    <T100>
     <SPRSL>D</SPRSL>
     <ARBGB>BC402</ARBGB>
     <MSGNR>342</MSGNR>
    </T100>
    <T100>
     <SPRSL>D</SPRSL>
     <ARBGB>BC402</ARBGB>
     <MSGNR>343</MSGNR>
    </T100>
    <T100>
     <SPRSL>D</SPRSL>
     <ARBGB>BC402</ARBGB>
     <MSGNR>344</MSGNR>
    </T100>
    <T100>
     <SPRSL>D</SPRSL>
     <ARBGB>BC402</ARBGB>
     <MSGNR>345</MSGNR>
    </T100>
    <T100>
     <SPRSL>D</SPRSL>
     <ARBGB>BC402</ARBGB>
     <MSGNR>346</MSGNR>
    </T100>
    <T100>
     <SPRSL>D</SPRSL>
     <ARBGB>BC402</ARBGB>
     <MSGNR>360</MSGNR>
     <TEXT>Fehler beim Export ins ABAP Memory</TEXT>
    </T100>
    <T100>
     <SPRSL>D</SPRSL>
     <ARBGB>BC402</ARBGB>
     <MSGNR>361</MSGNR>
     <TEXT>Fehler beim Import vom ABAP Memory</TEXT>
    </T100>
    <T100>
     <SPRSL>D</SPRSL>
     <ARBGB>BC402</ARBGB>
     <MSGNR>400</MSGNR>
     <TEXT>Das von Ihnen gewählte Land &amp; ist nicht in der Tabelle enthalten</TEXT>
    </T100>
    <T100>
     <SPRSL>D</SPRSL>
     <ARBGB>BC402</ARBGB>
     <MSGNR>401</MSGNR>
    </T100>
    <T100>
     <SPRSL>D</SPRSL>
     <ARBGB>BC402</ARBGB>
     <MSGNR>402</MSGNR>
    </T100>
    <T100>
     <SPRSL>D</SPRSL>
     <ARBGB>BC402</ARBGB>
     <MSGNR>450</MSGNR>
    </T100>
    <T100>
     <SPRSL>D</SPRSL>
     <ARBGB>BC402</ARBGB>
     <MSGNR>490</MSGNR>
    </T100>
    <T100>
     <SPRSL>D</SPRSL>
     <ARBGB>BC402</ARBGB>
     <MSGNR>500</MSGNR>
     <TEXT>Query-String hat nicht das erwartete Format</TEXT>
    </T100>
    <T100>
     <SPRSL>D</SPRSL>
     <ARBGB>BC402</ARBGB>
     <MSGNR>501</MSGNR>
    </T100>
    <T100>
     <SPRSL>D</SPRSL>
     <ARBGB>BC402</ARBGB>
     <MSGNR>502</MSGNR>
    </T100>
    <T100>
     <SPRSL>D</SPRSL>
     <ARBGB>BC402</ARBGB>
     <MSGNR>503</MSGNR>
    </T100>
    <T100>
     <SPRSL>D</SPRSL>
     <ARBGB>BC402</ARBGB>
     <MSGNR>504</MSGNR>
    </T100>
    <T100>
     <SPRSL>D</SPRSL>
     <ARBGB>BC402</ARBGB>
     <MSGNR>505</MSGNR>
    </T100>
    <T100>
     <SPRSL>D</SPRSL>
     <ARBGB>BC402</ARBGB>
     <MSGNR>506</MSGNR>
    </T100>
    <T100>
     <SPRSL>D</SPRSL>
     <ARBGB>BC402</ARBGB>
     <MSGNR>507</MSGNR>
    </T100>
    <T100>
     <SPRSL>D</SPRSL>
     <ARBGB>BC402</ARBGB>
     <MSGNR>508</MSGNR>
    </T100>
    <T100>
     <SPRSL>D</SPRSL>
     <ARBGB>BC402</ARBGB>
     <MSGNR>509</MSGNR>
    </T100>
    <T100>
     <SPRSL>D</SPRSL>
     <ARBGB>BC402</ARBGB>
     <MSGNR>510</MSGNR>
     <TEXT>Fehler in Transaktion &amp;1 ! (sy-subrc = &amp;2)</TEXT>
    </T100>
    <T100>
     <SPRSL>D</SPRSL>
     <ARBGB>BC402</ARBGB>
     <MSGNR>520</MSGNR>
     <TEXT>Kunde ist bereits auf diesen Flug gebucht</TEXT>
    </T100>
    <T100>
     <SPRSL>D</SPRSL>
     <ARBGB>BC402</ARBGB>
     <MSGNR>555</MSGNR>
     <TEXT>&amp; &amp; &amp; &amp;</TEXT>
    </T100>
    <T100>
     <SPRSL>D</SPRSL>
     <ARBGB>BC402</ARBGB>
     <MSGNR>601</MSGNR>
    </T100>
    <T100>
     <SPRSL>D</SPRSL>
     <ARBGB>BC402</ARBGB>
     <MSGNR>602</MSGNR>
    </T100>
    <T100>
     <SPRSL>D</SPRSL>
     <ARBGB>BC402</ARBGB>
     <MSGNR>603</MSGNR>
    </T100>
    <T100>
     <SPRSL>D</SPRSL>
     <ARBGB>BC402</ARBGB>
     <MSGNR>604</MSGNR>
    </T100>
    <T100>
     <SPRSL>D</SPRSL>
     <ARBGB>BC402</ARBGB>
     <MSGNR>605</MSGNR>
    </T100>
    <T100>
     <SPRSL>D</SPRSL>
     <ARBGB>BC402</ARBGB>
     <MSGNR>606</MSGNR>
    </T100>
    <T100>
     <SPRSL>D</SPRSL>
     <ARBGB>BC402</ARBGB>
     <MSGNR>607</MSGNR>
    </T100>
    <T100>
     <SPRSL>D</SPRSL>
     <ARBGB>BC402</ARBGB>
     <MSGNR>608</MSGNR>
    </T100>
    <T100>
     <SPRSL>D</SPRSL>
     <ARBGB>BC402</ARBGB>
     <MSGNR>609</MSGNR>
    </T100>
    <T100>
     <SPRSL>D</SPRSL>
     <ARBGB>BC402</ARBGB>
     <MSGNR>610</MSGNR>
     <TEXT>Es wurden &amp;1 Flugverbindungen auf der Liste ausgegeben.</TEXT>
    </T100>
    <T100>
     <SPRSL>D</SPRSL>
     <ARBGB>BC402</ARBGB>
     <MSGNR>611</MSGNR>
     <TEXT>Es konnten keine Daten aus dem ABAP Memory gelesen werden.</TEXT>
    </T100>
    <T100>
     <SPRSL>D</SPRSL>
     <ARBGB>BC402</ARBGB>
     <MSGNR>640</MSGNR>
    </T100>
    <T100>
     <SPRSL>D</SPRSL>
     <ARBGB>BC402</ARBGB>
     <MSGNR>650</MSGNR>
    </T100>
    <T100>
     <SPRSL>D</SPRSL>
     <ARBGB>BC402</ARBGB>
     <MSGNR>651</MSGNR>
    </T100>
    <T100>
     <SPRSL>D</SPRSL>
     <ARBGB>BC402</ARBGB>
     <MSGNR>652</MSGNR>
    </T100>
    <T100>
     <SPRSL>D</SPRSL>
     <ARBGB>BC402</ARBGB>
     <MSGNR>653</MSGNR>
    </T100>
    <T100>
     <SPRSL>D</SPRSL>
     <ARBGB>BC402</ARBGB>
     <MSGNR>654</MSGNR>
    </T100>
    <T100>
     <SPRSL>D</SPRSL>
     <ARBGB>BC402</ARBGB>
     <MSGNR>655</MSGNR>
    </T100>
    <T100>
     <SPRSL>D</SPRSL>
     <ARBGB>BC402</ARBGB>
     <MSGNR>656</MSGNR>
    </T100>
    <T100>
     <SPRSL>D</SPRSL>
     <ARBGB>BC402</ARBGB>
     <MSGNR>657</MSGNR>
    </T100>
    <T100>
     <SPRSL>D</SPRSL>
     <ARBGB>BC402</ARBGB>
     <MSGNR>658</MSGNR>
    </T100>
    <T100>
     <SPRSL>D</SPRSL>
     <ARBGB>BC402</ARBGB>
     <MSGNR>659</MSGNR>
    </T100>
    <T100>
     <SPRSL>D</SPRSL>
     <ARBGB>BC402</ARBGB>
     <MSGNR>660</MSGNR>
    </T100>
    <T100>
     <SPRSL>D</SPRSL>
     <ARBGB>BC402</ARBGB>
     <MSGNR>661</MSGNR>
    </T100>
    <T100>
     <SPRSL>D</SPRSL>
     <ARBGB>BC402</ARBGB>
     <MSGNR>701</MSGNR>
     <TEXT>Unerkannter Fehler!</TEXT>
    </T100>
    <T100>
     <SPRSL>D</SPRSL>
     <ARBGB>BC402</ARBGB>
     <MSGNR>800</MSGNR>
     <TEXT>Typ &amp;1 ist kein Tabellentyp</TEXT>
    </T100>
    <T100>
     <SPRSL>D</SPRSL>
     <ARBGB>BC402</ARBGB>
     <MSGNR>801</MSGNR>
     <TEXT>Typ &amp;1 wurde nicht gefunden</TEXT>
    </T100>
    <T100>
     <SPRSL>D</SPRSL>
     <ARBGB>BC402</ARBGB>
     <MSGNR>802</MSGNR>
     <TEXT>Typ &amp;1 ist kein Strukturtyp</TEXT>
    </T100>
    <T100>
     <SPRSL>D</SPRSL>
     <ARBGB>BC402</ARBGB>
     <MSGNR>803</MSGNR>
     <TEXT>Typ &amp;1 ist nicht aktiv im Data Dictionary vorhanden</TEXT>
    </T100>
    <T100>
     <SPRSL>D</SPRSL>
     <ARBGB>BC402</ARBGB>
     <MSGNR>804</MSGNR>
     <TEXT>Fehler beim Erzeugen des Strukturtyps</TEXT>
    </T100>
    <T100>
     <SPRSL>D</SPRSL>
     <ARBGB>BC402</ARBGB>
     <MSGNR>805</MSGNR>
     <TEXT>Fehler beim Erzeugen des Tabellentyps</TEXT>
    </T100>
    <T100>
     <SPRSL>D</SPRSL>
     <ARBGB>BC402</ARBGB>
     <MSGNR>806</MSGNR>
     <TEXT>&amp;1 ist keine Klasse</TEXT>
    </T100>
    <T100>
     <SPRSL>D</SPRSL>
     <ARBGB>BC402</ARBGB>
     <MSGNR>807</MSGNR>
    </T100>
    <T100>
     <SPRSL>D</SPRSL>
     <ARBGB>BC402</ARBGB>
     <MSGNR>808</MSGNR>
    </T100>
    <T100>
     <SPRSL>D</SPRSL>
     <ARBGB>BC402</ARBGB>
     <MSGNR>809</MSGNR>
    </T100>
    <T100>
     <SPRSL>D</SPRSL>
     <ARBGB>BC402</ARBGB>
     <MSGNR>810</MSGNR>
    </T100>
    <T100>
     <SPRSL>D</SPRSL>
     <ARBGB>BC402</ARBGB>
     <MSGNR>811</MSGNR>
    </T100>
    <T100>
     <SPRSL>D</SPRSL>
     <ARBGB>BC402</ARBGB>
     <MSGNR>813</MSGNR>
    </T100>
    <T100>
     <SPRSL>D</SPRSL>
     <ARBGB>BC402</ARBGB>
     <MSGNR>815</MSGNR>
    </T100>
    <T100>
     <SPRSL>D</SPRSL>
     <ARBGB>BC402</ARBGB>
     <MSGNR>841</MSGNR>
    </T100>
    <T100>
     <SPRSL>D</SPRSL>
     <ARBGB>BC402</ARBGB>
     <MSGNR>850</MSGNR>
    </T100>
    <T100>
     <SPRSL>D</SPRSL>
     <ARBGB>BC402</ARBGB>
     <MSGNR>852</MSGNR>
    </T100>
    <T100>
     <SPRSL>D</SPRSL>
     <ARBGB>BC402</ARBGB>
     <MSGNR>853</MSGNR>
    </T100>
    <T100>
     <SPRSL>D</SPRSL>
     <ARBGB>BC402</ARBGB>
     <MSGNR>855</MSGNR>
    </T100>
    <T100>
     <SPRSL>D</SPRSL>
     <ARBGB>BC402</ARBGB>
     <MSGNR>864</MSGNR>
    </T100>
    <T100>
     <SPRSL>D</SPRSL>
     <ARBGB>BC402</ARBGB>
     <MSGNR>888</MSGNR>
     <TEXT>Bitte alle Markierungen herausnehmen!</TEXT>
    </T100>
    <T100>
     <SPRSL>D</SPRSL>
     <ARBGB>BC402</ARBGB>
     <MSGNR>999</MSGNR>
     <TEXT>Test: &amp; &amp; &amp; &amp;</TEXT>
    </T100>
   </T100>
   <I18N_LANGS>
    <LANGU>E</LANGU>
   </I18N_LANGS>
   <T100T>
    <T100T>
     <SPRSL>E</SPRSL>
     <ARBGB>BC402</ARBGB>
     <STEXT>Training Course: BC402 - Advanced ABAP</STEXT>
    </T100T>
   </T100T>
   <T100_TEXTS>
    <item>
     <SPRSL>E</SPRSL>
     <MSGNR>000</MSGNR>
     <TEXT>&amp; &amp; &amp; &amp;</TEXT>
    </item>
    <item>
     <SPRSL>E</SPRSL>
     <MSGNR>010</MSGNR>
     <TEXT>Carrier &amp;1 does not exist</TEXT>
    </item>
    <item>
     <SPRSL>E</SPRSL>
     <MSGNR>015</MSGNR>
     <TEXT>Customer number &amp;1 successfully created</TEXT>
    </item>
    <item>
     <SPRSL>E</SPRSL>
     <MSGNR>020</MSGNR>
     <TEXT>Error during dynamic call</TEXT>
    </item>
    <item>
     <SPRSL>E</SPRSL>
     <MSGNR>021</MSGNR>
     <TEXT>Select one or more components (press ctrl key)</TEXT>
    </item>
    <item>
     <SPRSL>E</SPRSL>
     <MSGNR>024</MSGNR>
     <TEXT>Select several instructors</TEXT>
    </item>
    <item>
     <SPRSL>E</SPRSL>
     <MSGNR>025</MSGNR>
     <TEXT>Event &amp; triggered</TEXT>
    </item>
    <item>
     <SPRSL>E</SPRSL>
     <MSGNR>030</MSGNR>
     <TEXT>Invalid key date</TEXT>
    </item>
    <item>
     <SPRSL>E</SPRSL>
     <MSGNR>031</MSGNR>
     <TEXT>Error while creating container</TEXT>
    </item>
    <item>
     <SPRSL>E</SPRSL>
     <MSGNR>032</MSGNR>
     <TEXT>Error when creating ALV control</TEXT>
    </item>
    <item>
     <SPRSL>E</SPRSL>
     <MSGNR>033</MSGNR>
     <TEXT>Incorrect method call</TEXT>
    </item>
    <item>
     <SPRSL>E</SPRSL>
     <MSGNR>038</MSGNR>
     <TEXT>No data to match this selection - make a new entry</TEXT>
    </item>
    <item>
     <SPRSL>E</SPRSL>
     <MSGNR>040</MSGNR>
     <TEXT>Separator does not occur in character string</TEXT>
    </item>
    <item>
     <SPRSL>E</SPRSL>
     <MSGNR>041</MSGNR>
     <TEXT>Are you sure?</TEXT>
    </item>
    <item>
     <SPRSL>E</SPRSL>
     <MSGNR>042</MSGNR>
     <TEXT>The name of the transaction you are creating is reserved for training</TEXT>
    </item>
    <item>
     <SPRSL>E</SPRSL>
     <MSGNR>043</MSGNR>
     <TEXT>This is not a valid function!!!</TEXT>
    </item>
    <item>
     <SPRSL>E</SPRSL>
     <MSGNR>050</MSGNR>
     <TEXT>Type &amp;1 does not exist</TEXT>
    </item>
    <item>
     <SPRSL>E</SPRSL>
     <MSGNR>051</MSGNR>
     <TEXT>Type &amp;1 is not a structure type</TEXT>
    </item>
    <item>
     <SPRSL>E</SPRSL>
     <MSGNR>052</MSGNR>
     <TEXT>Type &amp;1 is not a type from ABAP Dictionary</TEXT>
    </item>
    <item>
     <SPRSL>E</SPRSL>
     <MSGNR>053</MSGNR>
     <TEXT>Type &amp;1 contains a non-elementary component</TEXT>
    </item>
    <item>
     <SPRSL>E</SPRSL>
     <MSGNR>060</MSGNR>
     <TEXT>Error during dynamic method call</TEXT>
    </item>
    <item>
     <SPRSL>E</SPRSL>
     <MSGNR>061</MSGNR>
     <TEXT>Error during dynamic database access</TEXT>
    </item>
    <item>
     <SPRSL>E</SPRSL>
     <MSGNR>063</MSGNR>
     <TEXT>No number range object has been defined under this object name</TEXT>
    </item>
    <item>
     <SPRSL>E</SPRSL>
     <MSGNR>064</MSGNR>
     <TEXT>The interval of the specified number range number is not internal</TEXT>
    </item>
    <item>
     <SPRSL>E</SPRSL>
     <MSGNR>065</MSGNR>
     <TEXT>Interval used up. Change not possible.</TEXT>
    </item>
    <item>
     <SPRSL>E</SPRSL>
     <MSGNR>066</MSGNR>
     <TEXT>No maximum occupancy defined for selected aircraft type</TEXT>
    </item>
    <item>
     <SPRSL>E</SPRSL>
     <MSGNR>070</MSGNR>
     <TEXT>Available numbers reached critical point</TEXT>
    </item>
    <item>
     <SPRSL>E</SPRSL>
     <MSGNR>071</MSGNR>
     <TEXT>Final number has been assigned</TEXT>
    </item>
    <item>
     <SPRSL>E</SPRSL>
     <MSGNR>072</MSGNR>
     <TEXT>No more free numbers available</TEXT>
    </item>
    <item>
     <SPRSL>E</SPRSL>
     <MSGNR>073</MSGNR>
     <TEXT>Internal error in number assignment (sy-subrc = &amp;1)</TEXT>
    </item>
    <item>
     <SPRSL>E</SPRSL>
     <MSGNR>090</MSGNR>
     <TEXT>Data record is currently being processed</TEXT>
    </item>
    <item>
     <SPRSL>E</SPRSL>
     <MSGNR>093</MSGNR>
     <TEXT>Lock request unsuccessful (sy-subrc = &amp;1)</TEXT>
    </item>
    <item>
     <SPRSL>E</SPRSL>
     <MSGNR>096</MSGNR>
     <TEXT>Data could not be saved (sy-subrc = &amp;1)</TEXT>
    </item>
    <item>
     <SPRSL>E</SPRSL>
     <MSGNR>098</MSGNR>
     <TEXT>Object could not be locked</TEXT>
    </item>
    <item>
     <SPRSL>E</SPRSL>
     <MSGNR>099</MSGNR>
     <TEXT>No free seats left</TEXT>
    </item>
    <item>
     <SPRSL>E</SPRSL>
     <MSGNR>100</MSGNR>
     <TEXT>Bring a deckchair</TEXT>
    </item>
    <item>
     <SPRSL>E</SPRSL>
     <MSGNR>101</MSGNR>
     <TEXT>Object already locked</TEXT>
    </item>
    <item>
     <SPRSL>E</SPRSL>
     <MSGNR>102</MSGNR>
     <TEXT>System error (Could not set locks)</TEXT>
    </item>
    <item>
     <SPRSL>E</SPRSL>
     <MSGNR>103</MSGNR>
     <TEXT>Table entry exists already</TEXT>
    </item>
    <item>
     <SPRSL>E</SPRSL>
     <MSGNR>105</MSGNR>
     <TEXT>Error during UPDATE</TEXT>
    </item>
    <item>
     <SPRSL>E</SPRSL>
     <MSGNR>106</MSGNR>
     <TEXT>Error during INSERT</TEXT>
    </item>
    <item>
     <SPRSL>E</SPRSL>
     <MSGNR>107</MSGNR>
     <TEXT>No entries found for key &amp; &amp;</TEXT>
    </item>
    <item>
     <SPRSL>E</SPRSL>
     <MSGNR>108</MSGNR>
     <TEXT>Update termination (Table SFLIGHT)</TEXT>
    </item>
    <item>
     <SPRSL>E</SPRSL>
     <MSGNR>151</MSGNR>
     <TEXT>Incorrect customer number (table SCUSTOM)</TEXT>
    </item>
    <item>
     <SPRSL>E</SPRSL>
     <MSGNR>152</MSGNR>
     <TEXT>This flight entry already locked (table SFLIGHT)</TEXT>
    </item>
    <item>
     <SPRSL>E</SPRSL>
     <MSGNR>153</MSGNR>
     <TEXT>This flight entry cannot be locked (table SFLIGHT)</TEXT>
    </item>
    <item>
     <SPRSL>E</SPRSL>
     <MSGNR>155</MSGNR>
     <TEXT>Flight fully booked (please choose another date)</TEXT>
    </item>
    <item>
     <SPRSL>E</SPRSL>
     <MSGNR>156</MSGNR>
     <TEXT>No booking number received (table SBOOK, object SBOOKNO)</TEXT>
    </item>
    <item>
     <SPRSL>E</SPRSL>
     <MSGNR>157</MSGNR>
     <TEXT>Unable to save booking (table SBOOK)</TEXT>
    </item>
    <item>
     <SPRSL>E</SPRSL>
     <MSGNR>158</MSGNR>
     <TEXT>Change to the flight occupancy could not be saved (table SFLIGHT)</TEXT>
    </item>
    <item>
     <SPRSL>E</SPRSL>
     <MSGNR>160</MSGNR>
     <TEXT>Customer &amp; is booked on flight &amp; on &amp; (booking no. &amp;)</TEXT>
    </item>
    <item>
     <SPRSL>E</SPRSL>
     <MSGNR>161</MSGNR>
     <TEXT>Flight &amp; is full on &amp;. Please choose another date.</TEXT>
    </item>
    <item>
     <SPRSL>E</SPRSL>
     <MSGNR>171</MSGNR>
     <TEXT>No suitable connections found</TEXT>
    </item>
    <item>
     <SPRSL>E</SPRSL>
     <MSGNR>172</MSGNR>
     <TEXT>No data exists for selected connection</TEXT>
    </item>
    <item>
     <SPRSL>E</SPRSL>
     <MSGNR>173</MSGNR>
     <TEXT>Internal error: Incorrect call sequence</TEXT>
    </item>
    <item>
     <SPRSL>E</SPRSL>
     <MSGNR>174</MSGNR>
     <TEXT>Booking entry already locked (table SBOOK)</TEXT>
    </item>
    <item>
     <SPRSL>E</SPRSL>
     <MSGNR>175</MSGNR>
     <TEXT>Booking entry cannot be locked (table SBOOK)</TEXT>
    </item>
    <item>
     <SPRSL>E</SPRSL>
     <MSGNR>180</MSGNR>
     <TEXT>This customer ID has already been assigned (Largest existing cust. ID &amp;)</TEXT>
    </item>
    <item>
     <SPRSL>E</SPRSL>
     <MSGNR>181</MSGNR>
     <TEXT>Incompatible data (SCUSTOM)</TEXT>
    </item>
    <item>
     <SPRSL>E</SPRSL>
     <MSGNR>182</MSGNR>
     <TEXT>No matching objects found</TEXT>
    </item>
    <item>
     <SPRSL>E</SPRSL>
     <MSGNR>183</MSGNR>
     <TEXT>&amp; object(s) found</TEXT>
    </item>
    <item>
     <SPRSL>E</SPRSL>
     <MSGNR>190</MSGNR>
     <TEXT>Password correct</TEXT>
    </item>
    <item>
     <SPRSL>E</SPRSL>
     <MSGNR>191</MSGNR>
     <TEXT>Password changed</TEXT>
    </item>
    <item>
     <SPRSL>E</SPRSL>
     <MSGNR>194</MSGNR>
     <TEXT>You have already looked for &amp; customer(s) today</TEXT>
    </item>
    <item>
     <SPRSL>E</SPRSL>
     <MSGNR>195</MSGNR>
     <TEXT>Ask if it is possible to change the aircraft type</TEXT>
    </item>
    <item>
     <SPRSL>E</SPRSL>
     <MSGNR>197</MSGNR>
     <TEXT>Do something to calm the customer down</TEXT>
    </item>
    <item>
     <SPRSL>E</SPRSL>
     <MSGNR>198</MSGNR>
     <TEXT>Customer number is generated from a number range</TEXT>
    </item>
    <item>
     <SPRSL>E</SPRSL>
     <MSGNR>199</MSGNR>
     <TEXT>Current customer has been removed from waiting list</TEXT>
    </item>
    <item>
     <SPRSL>E</SPRSL>
     <MSGNR>200</MSGNR>
     <TEXT>Waiting list is empty</TEXT>
    </item>
    <item>
     <SPRSL>E</SPRSL>
     <MSGNR>201</MSGNR>
     <TEXT>Customer is number &amp; in waiting list</TEXT>
    </item>
    <item>
     <SPRSL>E</SPRSL>
     <MSGNR>202</MSGNR>
     <TEXT>This customer is already on waiting list</TEXT>
    </item>
    <item>
     <SPRSL>E</SPRSL>
     <MSGNR>203</MSGNR>
     <TEXT>This customer is not on waiting list</TEXT>
    </item>
    <item>
     <SPRSL>E</SPRSL>
     <MSGNR>204</MSGNR>
     <TEXT>No read authorization for carrier &amp;1</TEXT>
    </item>
    <item>
     <SPRSL>E</SPRSL>
     <MSGNR>250</MSGNR>
     <TEXT>Enter flight time in valid format</TEXT>
    </item>
    <item>
     <SPRSL>E</SPRSL>
     <MSGNR>301</MSGNR>
     <TEXT>Calling screen in function group</TEXT>
    </item>
    <item>
     <SPRSL>E</SPRSL>
     <MSGNR>310</MSGNR>
     <TEXT>No duplicate data records exist</TEXT>
    </item>
    <item>
     <SPRSL>E</SPRSL>
     <MSGNR>315</MSGNR>
     <TEXT>Separator &amp; does not exist in character string</TEXT>
    </item>
    <item>
     <SPRSL>E</SPRSL>
     <MSGNR>317</MSGNR>
     <TEXT>Data record incomplete</TEXT>
    </item>
    <item>
     <SPRSL>E</SPRSL>
     <MSGNR>318</MSGNR>
     <TEXT>Please select at least one line</TEXT>
    </item>
    <item>
     <SPRSL>E</SPRSL>
     <MSGNR>321</MSGNR>
     <TEXT>Object &amp; is currently locked; please wait.</TEXT>
    </item>
    <item>
     <SPRSL>E</SPRSL>
     <MSGNR>322</MSGNR>
     <TEXT>System error when blocking</TEXT>
    </item>
    <item>
     <SPRSL>E</SPRSL>
     <MSGNR>331</MSGNR>
     <TEXT>Insert in Table &amp; not successful</TEXT>
    </item>
    <item>
     <SPRSL>E</SPRSL>
     <MSGNR>341</MSGNR>
     <TEXT>Table &amp; not changed</TEXT>
    </item>
    <item>
     <SPRSL>E</SPRSL>
     <MSGNR>342</MSGNR>
     <TEXT>Table &amp; not updated successfully</TEXT>
    </item>
    <item>
     <SPRSL>E</SPRSL>
     <MSGNR>343</MSGNR>
     <TEXT>Table &amp; updated successfully</TEXT>
    </item>
    <item>
     <SPRSL>E</SPRSL>
     <MSGNR>344</MSGNR>
     <TEXT>Tables &amp; and &amp; updated successfully</TEXT>
    </item>
    <item>
     <SPRSL>E</SPRSL>
     <MSGNR>345</MSGNR>
     <TEXT>Data not changed, no update</TEXT>
    </item>
    <item>
     <SPRSL>E</SPRSL>
     <MSGNR>346</MSGNR>
     <TEXT>Unable to create &amp; &amp; (table &amp;)</TEXT>
    </item>
    <item>
     <SPRSL>E</SPRSL>
     <MSGNR>360</MSGNR>
     <TEXT>Error in export to ABAP Memory</TEXT>
    </item>
    <item>
     <SPRSL>E</SPRSL>
     <MSGNR>361</MSGNR>
     <TEXT>Error in import from ABAP Memory</TEXT>
    </item>
    <item>
     <SPRSL>E</SPRSL>
     <MSGNR>400</MSGNR>
     <TEXT>The selected country &amp; is not contained in the table</TEXT>
    </item>
    <item>
     <SPRSL>E</SPRSL>
     <MSGNR>401</MSGNR>
     <TEXT>Place the cursor on an area or course</TEXT>
    </item>
    <item>
     <SPRSL>E</SPRSL>
     <MSGNR>402</MSGNR>
     <TEXT>Position the cursor on the line containing the required booking</TEXT>
    </item>
    <item>
     <SPRSL>E</SPRSL>
     <MSGNR>450</MSGNR>
     <TEXT>Instructor numbers changed</TEXT>
    </item>
    <item>
     <SPRSL>E</SPRSL>
     <MSGNR>490</MSGNR>
     <TEXT>Object &amp; is currently locked; please wait.</TEXT>
    </item>
    <item>
     <SPRSL>E</SPRSL>
     <MSGNR>500</MSGNR>
     <TEXT>Query string does not have expected format</TEXT>
    </item>
    <item>
     <SPRSL>E</SPRSL>
     <MSGNR>501</MSGNR>
     <TEXT>No document class selected</TEXT>
    </item>
    <item>
     <SPRSL>E</SPRSL>
     <MSGNR>502</MSGNR>
     <TEXT>Error while initializing control framework</TEXT>
    </item>
    <item>
     <SPRSL>E</SPRSL>
     <MSGNR>503</MSGNR>
     <TEXT>Entry &amp; &amp; &amp; could not be deleted from table SFLIGHT!</TEXT>
    </item>
    <item>
     <SPRSL>E</SPRSL>
     <MSGNR>504</MSGNR>
     <TEXT>SBOOK table entries could not be deleted!</TEXT>
    </item>
    <item>
     <SPRSL>E</SPRSL>
     <MSGNR>505</MSGNR>
     <TEXT>Deletion in SFLIGHT/SBOOK successful!</TEXT>
    </item>
    <item>
     <SPRSL>E</SPRSL>
     <MSGNR>506</MSGNR>
     <TEXT>The SBOOK entries for key &amp; &amp; &amp; could not be restored!</TEXT>
    </item>
    <item>
     <SPRSL>E</SPRSL>
     <MSGNR>507</MSGNR>
     <TEXT>The SFLIGHT entry &amp; &amp; &amp; could not be successfully restored!</TEXT>
    </item>
    <item>
     <SPRSL>E</SPRSL>
     <MSGNR>508</MSGNR>
     <TEXT>Table entry &amp; &amp; &amp; is not available in table SFLIGHT!</TEXT>
    </item>
    <item>
     <SPRSL>E</SPRSL>
     <MSGNR>509</MSGNR>
     <TEXT>No table entries for generic key &amp; &amp; &amp; in table SBOOK</TEXT>
    </item>
    <item>
     <SPRSL>E</SPRSL>
     <MSGNR>510</MSGNR>
     <TEXT>Error in transaction &amp;1 (sy-subrc = &amp;2)</TEXT>
    </item>
    <item>
     <SPRSL>E</SPRSL>
     <MSGNR>520</MSGNR>
     <TEXT>Customer is already booked on this flight</TEXT>
    </item>
    <item>
     <SPRSL>E</SPRSL>
     <MSGNR>555</MSGNR>
     <TEXT>&amp; &amp; &amp; &amp;</TEXT>
    </item>
    <item>
     <SPRSL>E</SPRSL>
     <MSGNR>601</MSGNR>
     <TEXT>No &amp; available (number range object &amp;)</TEXT>
    </item>
    <item>
     <SPRSL>E</SPRSL>
     <MSGNR>602</MSGNR>
     <TEXT>&amp; &amp; cannot be created (table &amp;)</TEXT>
    </item>
    <item>
     <SPRSL>E</SPRSL>
     <MSGNR>603</MSGNR>
     <TEXT>&amp; &amp; created (table &amp;)</TEXT>
    </item>
    <item>
     <SPRSL>E</SPRSL>
     <MSGNR>604</MSGNR>
     <TEXT>&amp; &amp; cannot be locked (lock object &amp;)</TEXT>
    </item>
    <item>
     <SPRSL>E</SPRSL>
     <MSGNR>605</MSGNR>
     <TEXT>Changes to &amp; &amp; cannot be saved (table &amp;)</TEXT>
    </item>
    <item>
     <SPRSL>E</SPRSL>
     <MSGNR>606</MSGNR>
     <TEXT>Changes to &amp; &amp; saved (table &amp;)</TEXT>
    </item>
    <item>
     <SPRSL>E</SPRSL>
     <MSGNR>607</MSGNR>
     <TEXT>&amp; &amp; cannot be deleted (table &amp;)</TEXT>
    </item>
    <item>
     <SPRSL>E</SPRSL>
     <MSGNR>608</MSGNR>
     <TEXT>&amp; &amp; deleted (table &amp;)</TEXT>
    </item>
    <item>
     <SPRSL>E</SPRSL>
     <MSGNR>609</MSGNR>
     <TEXT>&amp; &amp; already exists (table &amp;)</TEXT>
    </item>
    <item>
     <SPRSL>E</SPRSL>
     <MSGNR>610</MSGNR>
     <TEXT>&amp;1 flight connections displayed on the list</TEXT>
    </item>
    <item>
     <SPRSL>E</SPRSL>
     <MSGNR>611</MSGNR>
     <TEXT>No data could be read from the ABAP memory</TEXT>
    </item>
    <item>
     <SPRSL>E</SPRSL>
     <MSGNR>640</MSGNR>
     <TEXT>No output possible: Output area too small</TEXT>
    </item>
    <item>
     <SPRSL>E</SPRSL>
     <MSGNR>650</MSGNR>
     <TEXT>No print parameter records could be created (valid=&amp;1)</TEXT>
    </item>
    <item>
     <SPRSL>E</SPRSL>
     <MSGNR>651</MSGNR>
     <TEXT>Print parameter record created (valid=&amp;1)</TEXT>
    </item>
    <item>
     <SPRSL>E</SPRSL>
     <MSGNR>652</MSGNR>
     <TEXT>Spool task &amp;1 created.</TEXT>
    </item>
    <item>
     <SPRSL>E</SPRSL>
     <MSGNR>653</MSGNR>
     <TEXT>Sending list to SAP Spool</TEXT>
    </item>
    <item>
     <SPRSL>E</SPRSL>
     <MSGNR>654</MSGNR>
     <TEXT>Printing canceled: List will be displayed on screen</TEXT>
    </item>
    <item>
     <SPRSL>E</SPRSL>
     <MSGNR>660</MSGNR>
     <TEXT>A &amp;1 message has been triggered.</TEXT>
    </item>
    <item>
     <SPRSL>E</SPRSL>
     <MSGNR>661</MSGNR>
     <TEXT>&amp;1 is not a valid message type.</TEXT>
    </item>
    <item>
     <SPRSL>E</SPRSL>
     <MSGNR>701</MSGNR>
     <TEXT>Unidentifiable error</TEXT>
    </item>
    <item>
     <SPRSL>E</SPRSL>
     <MSGNR>800</MSGNR>
     <TEXT>Type &amp;1 is not a table type</TEXT>
    </item>
    <item>
     <SPRSL>E</SPRSL>
     <MSGNR>801</MSGNR>
     <TEXT>Type &amp;1 not found</TEXT>
    </item>
    <item>
     <SPRSL>E</SPRSL>
     <MSGNR>802</MSGNR>
     <TEXT>Type &amp;1 is not a structure type</TEXT>
    </item>
    <item>
     <SPRSL>E</SPRSL>
     <MSGNR>803</MSGNR>
     <TEXT>Type &amp;1 is not active in ABAP Dictionary</TEXT>
    </item>
    <item>
     <SPRSL>E</SPRSL>
     <MSGNR>804</MSGNR>
     <TEXT>Error when generating structure type</TEXT>
    </item>
    <item>
     <SPRSL>E</SPRSL>
     <MSGNR>805</MSGNR>
     <TEXT>Error when generating table type</TEXT>
    </item>
    <item>
     <SPRSL>E</SPRSL>
     <MSGNR>806</MSGNR>
     <TEXT>&amp;1 is not a class</TEXT>
    </item>
    <item>
     <SPRSL>E</SPRSL>
     <MSGNR>810</MSGNR>
     <TEXT>No authorization for specified company codes</TEXT>
    </item>
    <item>
     <SPRSL>E</SPRSL>
     <MSGNR>811</MSGNR>
     <TEXT>No authorization for company code &amp;</TEXT>
    </item>
    <item>
     <SPRSL>E</SPRSL>
     <MSGNR>813</MSGNR>
     <TEXT>Company code display only with authorization</TEXT>
    </item>
    <item>
     <SPRSL>E</SPRSL>
     <MSGNR>815</MSGNR>
     <TEXT>Invalid field selection</TEXT>
    </item>
    <item>
     <SPRSL>E</SPRSL>
     <MSGNR>841</MSGNR>
     <TEXT>Error in job scheduling or execution (SY-SUBRC = &amp;)</TEXT>
    </item>
    <item>
     <SPRSL>E</SPRSL>
     <MSGNR>850</MSGNR>
     <TEXT>Error when inserting to Table SBOOK!</TEXT>
    </item>
    <item>
     <SPRSL>E</SPRSL>
     <MSGNR>852</MSGNR>
     <TEXT>Error when changing Table SFLIGHT!</TEXT>
    </item>
    <item>
     <SPRSL>E</SPRSL>
     <MSGNR>853</MSGNR>
     <TEXT>Customer not in Table SCUSTOM --&gt; Please maintain</TEXT>
    </item>
    <item>
     <SPRSL>E</SPRSL>
     <MSGNR>855</MSGNR>
     <TEXT>Error in internal number assignment for customer ID</TEXT>
    </item>
    <item>
     <SPRSL>E</SPRSL>
     <MSGNR>888</MSGNR>
     <TEXT>Remove all selections</TEXT>
    </item>
    <item>
     <SPRSL>E</SPRSL>
     <MSGNR>999</MSGNR>
     <TEXT>Test: &amp; &amp; &amp; &amp;</TEXT>
    </item>
   </T100_TEXTS>
  </asx:values>
 </asx:abap>
</abapGit>
