﻿<?xml version="1.0" encoding="utf-8"?>
<abapGit version="v1.0.0" serializer="LCL_OBJECT_PROG" serializer_version="v1.0.0">
 <asx:abap xmlns:asx="http://www.sap.com/abapxml" version="1.0">
  <asx:values>
   <PROGDIR>
    <NAME>BC402_DBD_DISTINCT</NAME>
    <STATE>A</STATE>
    <VARCL>X</VARCL>
    <SUBC>1</SUBC>
    <RLOAD>E</RLOAD>
    <FIXPT>X</FIXPT>
    <UCCHECK>X</UCCHECK>
   </PROGDIR>
   <TPOOL>
    <item>
     <ID>R</ID>
     <ENTRY>Demo: SELECT mit DISTINCT</ENTRY>
     <LENGTH>25</LENGTH>
    </item>
    <item>
     <ID>S</ID>
     <KEY>PA_ALL</KEY>
     <ENTRY>Alle nacheinander</ENTRY>
     <LENGTH>25</LENGTH>
    </item>
    <item>
     <ID>S</ID>
     <KEY>PA_DELE</KEY>
     <ENTRY>Delete Adjacent nach Selektion</ENTRY>
     <LENGTH>38</LENGTH>
    </item>
    <item>
     <ID>S</ID>
     <KEY>PA_DIST</KEY>
     <ENTRY>Selektion mit Distinct</ENTRY>
     <LENGTH>30</LENGTH>
    </item>
    <item>
     <ID>S</ID>
     <KEY>PA_INSE</KEY>
     <ENTRY>Sorted Tab. mit Unique Key</ENTRY>
     <LENGTH>34</LENGTH>
    </item>
   </TPOOL>
   <I18N_TPOOL>
    <item>
     <LANGUAGE>E</LANGUAGE>
     <TEXTPOOL>
      <item>
       <ID>R</ID>
       <ENTRY>Demo: SELECT with DISTINCT</ENTRY>
       <LENGTH>26</LENGTH>
      </item>
      <item>
       <ID>S</ID>
       <KEY>PA_ALL</KEY>
       <ENTRY>All Chronologically</ENTRY>
       <LENGTH>27</LENGTH>
      </item>
      <item>
       <ID>S</ID>
       <KEY>PA_DELE</KEY>
       <ENTRY>Delete Adjacent After Selectn</ENTRY>
       <LENGTH>38</LENGTH>
      </item>
      <item>
       <ID>S</ID>
       <KEY>PA_DIST</KEY>
       <ENTRY>Selection with Distinct</ENTRY>
       <LENGTH>31</LENGTH>
      </item>
      <item>
       <ID>S</ID>
       <KEY>PA_INSE</KEY>
       <ENTRY>Sorted Tab. with Unique Key</ENTRY>
       <LENGTH>35</LENGTH>
      </item>
     </TEXTPOOL>
    </item>
   </I18N_TPOOL>
  </asx:values>
 </asx:abap>
</abapGit>
