﻿<?xml version="1.0" encoding="utf-8"?>
<abapGit version="v1.0.0" serializer="LCL_OBJECT_PROG" serializer_version="v1.0.0">
 <asx:abap xmlns:asx="http://www.sap.com/abapxml" version="1.0">
  <asx:values>
   <PROGDIR>
    <NAME>BC402_DBD_INDEX</NAME>
    <STATE>A</STATE>
    <VARCL>X</VARCL>
    <SUBC>1</SUBC>
    <APPL>S</APPL>
    <RSTAT>T</RSTAT>
    <RLOAD>E</RLOAD>
    <FIXPT>X</FIXPT>
    <UCCHECK>X</UCCHECK>
   </PROGDIR>
   <TPOOL>
    <item>
     <ID>R</ID>
     <ENTRY>Demonstration eines Index-Zugriffs</ENTRY>
     <LENGTH>34</LENGTH>
    </item>
    <item>
     <ID>S</ID>
     <KEY>PAR</KEY>
     <ENTRY>.</ENTRY>
     <LENGTH>20</LENGTH>
     <SPLIT>D</SPLIT>
    </item>
   </TPOOL>
   <I18N_TPOOL>
    <item>
     <LANGUAGE>E</LANGUAGE>
     <TEXTPOOL>
      <item>
       <ID>R</ID>
       <ENTRY>Demonstration of Index Access</ENTRY>
       <LENGTH>29</LENGTH>
      </item>
      <item>
       <ID>S</ID>
       <KEY>PA_AGCY</KEY>
       <ENTRY>.</ENTRY>
       <LENGTH>9</LENGTH>
       <SPLIT>D</SPLIT>
      </item>
     </TEXTPOOL>
    </item>
   </I18N_TPOOL>
  </asx:values>
 </asx:abap>
</abapGit>
