﻿<?xml version="1.0" encoding="utf-8"?>
<abapGit version="v1.0.0" serializer="LCL_OBJECT_ENHS" serializer_version="v1.0.0">
 <asx:abap xmlns:asx="http://www.sap.com/abapxml" version="1.0">
  <asx:values>
   <TOOL>BADI_DEF</TOOL>
   <SHORTTEXT>Zusätzliche Felder zu Liste mit Buchungen</SHORTTEXT>
   <BADI_DATA>
    <ENH_BADI_DATA>
     <BADI_NAME>BC402_DB</BADI_NAME>
     <INTERFACE_NAME>IF_BC402_DB</INTERFACE_NAME>
     <SINGLE_USE>X</SINGLE_USE>
     <CONTEXT_MODE>N</CONTEXT_MODE>
     <DEFAULT_CLASS>CL_IM_BC402_DB_DO_NOTHING</DEFAULT_CLASS>
     <BADI_SHORTTEXT>Zusätzliche Felder in der Buchungsanzeige</BADI_SHORTTEXT>
     <BADI_SHORTTEXT_ID>DE113FD41B0DE2F1AA7B0019BBD30D34</BADI_SHORTTEXT_ID>
     <USE_FALLBACK_CLASS>X</USE_FALLBACK_CLASS>
    </ENH_BADI_DATA>
   </BADI_DATA>
  </asx:values>
 </asx:abap>
</abapGit>
