﻿<?xml version="1.0" encoding="utf-8"?>
<abapGit version="v1.0.0" serializer="LCL_OBJECT_PROG" serializer_version="v1.0.0">
 <asx:abap xmlns:asx="http://www.sap.com/abapxml" version="1.0">
  <asx:values>
   <PROGDIR>
    <NAME>BC402_IDD_TABKIND_READ_KEY</NAME>
    <STATE>A</STATE>
    <VARCL>X</VARCL>
    <SUBC>1</SUBC>
    <RLOAD>D</RLOAD>
    <FIXPT>X</FIXPT>
    <UCCHECK>X</UCCHECK>
   </PROGDIR>
   <TPOOL>
    <item>
     <ID>I</ID>
     <KEY>020</KEY>
     <ENTRY>Einfügestelle der zu lesenden Zeile (in STANDARD Tabelle )</ENTRY>
     <LENGTH>70</LENGTH>
    </item>
    <item>
     <ID>I</ID>
     <KEY>021</KEY>
     <ENTRY>Laufzeitmessung</ENTRY>
     <LENGTH>25</LENGTH>
    </item>
    <item>
     <ID>I</ID>
     <KEY>022</KEY>
     <ENTRY>Größe der Datenmenge (Anzahl Zeilen in Buchungstabellen)</ENTRY>
     <LENGTH>70</LENGTH>
    </item>
    <item>
     <ID>I</ID>
     <KEY>030</KEY>
     <ENTRY>Voll qualifizierter Schlüssel</ENTRY>
     <LENGTH>45</LENGTH>
    </item>
    <item>
     <ID>I</ID>
     <KEY>034</KEY>
     <ENTRY>Anzahl Zeilen in den Tabellen:</ENTRY>
     <LENGTH>50</LENGTH>
    </item>
    <item>
     <ID>I</ID>
     <KEY>035</KEY>
     <ENTRY>Einfügestelle:</ENTRY>
     <LENGTH>25</LENGTH>
    </item>
    <item>
     <ID>I</ID>
     <KEY>036</KEY>
     <ENTRY>Erste Zeile</ENTRY>
     <LENGTH>20</LENGTH>
    </item>
    <item>
     <ID>I</ID>
     <KEY>037</KEY>
     <ENTRY>In der Mitte</ENTRY>
     <LENGTH>20</LENGTH>
    </item>
    <item>
     <ID>I</ID>
     <KEY>038</KEY>
     <ENTRY>Letzte Zeile</ENTRY>
     <LENGTH>20</LENGTH>
    </item>
    <item>
     <ID>R</ID>
     <ENTRY>Demo: Laufzeit für Schlüsselzugriff auf versch. Tabellenarten</ENTRY>
     <LENGTH>61</LENGTH>
    </item>
    <item>
     <ID>S</ID>
     <KEY>PA</KEY>
     <ENTRY>Anzahl Wiederholungen</ENTRY>
     <LENGTH>29</LENGTH>
    </item>
    <item>
     <ID>S</ID>
     <KEY>PA_A1</KEY>
     <ENTRY>Als erste Zeile</ENTRY>
     <LENGTH>23</LENGTH>
    </item>
    <item>
     <ID>S</ID>
     <KEY>PA_A2</KEY>
     <ENTRY>In der Mitte</ENTRY>
     <LENGTH>20</LENGTH>
    </item>
    <item>
     <ID>S</ID>
     <KEY>PA_A3</KEY>
     <ENTRY>Als letzte Zeile</ENTRY>
     <LENGTH>24</LENGTH>
    </item>
    <item>
     <ID>S</ID>
     <KEY>PA_B1</KEY>
     <ENTRY>Minimale Anzahl</ENTRY>
     <LENGTH>23</LENGTH>
    </item>
    <item>
     <ID>S</ID>
     <KEY>PA_B2</KEY>
     <ENTRY>Mittlere Anzahl</ENTRY>
     <LENGTH>23</LENGTH>
    </item>
    <item>
     <ID>S</ID>
     <KEY>PA_B3</KEY>
     <ENTRY>Maximale Anzahl</ENTRY>
     <LENGTH>23</LENGTH>
    </item>
   </TPOOL>
   <I18N_TPOOL>
    <item>
     <LANGUAGE>E</LANGUAGE>
     <TEXTPOOL>
      <item>
       <ID>I</ID>
       <KEY>020</KEY>
       <ENTRY>Insertion Point for Row to Be Read (in STANDARD Table)</ENTRY>
       <LENGTH>70</LENGTH>
      </item>
      <item>
       <ID>I</ID>
       <KEY>021</KEY>
       <ENTRY>Runtime Measurement</ENTRY>
       <LENGTH>25</LENGTH>
      </item>
      <item>
       <ID>I</ID>
       <KEY>022</KEY>
       <ENTRY>Size of Dataset (Number of Rows in Booking Tables)</ENTRY>
       <LENGTH>70</LENGTH>
      </item>
      <item>
       <ID>I</ID>
       <KEY>030</KEY>
       <ENTRY>Fully Qualified Key</ENTRY>
       <LENGTH>45</LENGTH>
      </item>
      <item>
       <ID>I</ID>
       <KEY>034</KEY>
       <ENTRY>Number of Rows in Tables:</ENTRY>
       <LENGTH>50</LENGTH>
      </item>
      <item>
       <ID>I</ID>
       <KEY>035</KEY>
       <ENTRY>Insertion Point:</ENTRY>
       <LENGTH>25</LENGTH>
      </item>
      <item>
       <ID>I</ID>
       <KEY>036</KEY>
       <ENTRY>First Row</ENTRY>
       <LENGTH>20</LENGTH>
      </item>
      <item>
       <ID>I</ID>
       <KEY>037</KEY>
       <ENTRY>In the Middle</ENTRY>
       <LENGTH>20</LENGTH>
      </item>
      <item>
       <ID>I</ID>
       <KEY>038</KEY>
       <ENTRY>Last Row</ENTRY>
       <LENGTH>20</LENGTH>
      </item>
      <item>
       <ID>R</ID>
       <ENTRY>Demo: Runtime for Key Access to Different Table Types</ENTRY>
       <LENGTH>70</LENGTH>
      </item>
      <item>
       <ID>S</ID>
       <KEY>PA</KEY>
       <ENTRY>Number of Repetitions</ENTRY>
       <LENGTH>29</LENGTH>
      </item>
      <item>
       <ID>S</ID>
       <KEY>PA_A1</KEY>
       <ENTRY>As First Row</ENTRY>
       <LENGTH>23</LENGTH>
      </item>
      <item>
       <ID>S</ID>
       <KEY>PA_A2</KEY>
       <ENTRY>In the Middle</ENTRY>
       <LENGTH>21</LENGTH>
      </item>
      <item>
       <ID>S</ID>
       <KEY>PA_A3</KEY>
       <ENTRY>As Last Row</ENTRY>
       <LENGTH>24</LENGTH>
      </item>
      <item>
       <ID>S</ID>
       <KEY>PA_B1</KEY>
       <ENTRY>Minimum Number</ENTRY>
       <LENGTH>23</LENGTH>
      </item>
      <item>
       <ID>S</ID>
       <KEY>PA_B2</KEY>
       <ENTRY>Medium-Sized Number</ENTRY>
       <LENGTH>27</LENGTH>
      </item>
      <item>
       <ID>S</ID>
       <KEY>PA_B3</KEY>
       <ENTRY>Maximum Number</ENTRY>
       <LENGTH>23</LENGTH>
      </item>
     </TEXTPOOL>
    </item>
   </I18N_TPOOL>
  </asx:values>
 </asx:abap>
</abapGit>
