﻿<?xml version="1.0" encoding="utf-8"?>
<abapGit version="v1.0.0" serializer="LCL_OBJECT_PROG" serializer_version="v1.0.0">
 <asx:abap xmlns:asx="http://www.sap.com/abapxml" version="1.0">
  <asx:values>
   <PROGDIR>
    <NAME>BC402_DBD_PACKAGE_SIZE</NAME>
    <STATE>A</STATE>
    <VARCL>X</VARCL>
    <SUBC>1</SUBC>
    <RLOAD>D</RLOAD>
    <FIXPT>X</FIXPT>
    <UCCHECK>X</UCCHECK>
   </PROGDIR>
   <TPOOL>
    <item>
     <ID>R</ID>
     <ENTRY>Demo: SELECT ... PACKAGE_SIZE</ENTRY>
     <LENGTH>29</LENGTH>
    </item>
    <item>
     <ID>S</ID>
     <KEY>PA_AFTCH</KEY>
     <ENTRY>Selektion über Array Fetch</ENTRY>
     <LENGTH>34</LENGTH>
    </item>
    <item>
     <ID>S</ID>
     <KEY>PA_ALL</KEY>
     <ENTRY>Alle nacheinander</ENTRY>
     <LENGTH>25</LENGTH>
    </item>
    <item>
     <ID>S</ID>
     <KEY>PA_PSIZE</KEY>
     <ENTRY>Selektion mit Package Size</ENTRY>
     <LENGTH>38</LENGTH>
    </item>
    <item>
     <ID>S</ID>
     <KEY>PA_SLOOP</KEY>
     <ENTRY>Selektion über Select-Schleife</ENTRY>
     <LENGTH>38</LENGTH>
    </item>
   </TPOOL>
   <I18N_TPOOL>
    <item>
     <LANGUAGE>E</LANGUAGE>
     <TEXTPOOL>
      <item>
       <ID>R</ID>
       <ENTRY>Demo: SELECT ... PACKAGE_SIZE</ENTRY>
       <LENGTH>70</LENGTH>
      </item>
      <item>
       <ID>S</ID>
       <KEY>PA_AFTCH</KEY>
       <ENTRY>Selection using Array Fetch</ENTRY>
       <LENGTH>35</LENGTH>
      </item>
      <item>
       <ID>S</ID>
       <KEY>PA_ALL</KEY>
       <ENTRY>All Chronologically</ENTRY>
       <LENGTH>27</LENGTH>
      </item>
      <item>
       <ID>S</ID>
       <KEY>PA_PSIZE</KEY>
       <ENTRY>Selection by Package Size</ENTRY>
       <LENGTH>38</LENGTH>
      </item>
      <item>
       <ID>S</ID>
       <KEY>PA_SLOOP</KEY>
       <ENTRY>Selection Using Select Loop</ENTRY>
       <LENGTH>38</LENGTH>
      </item>
     </TEXTPOOL>
    </item>
   </I18N_TPOOL>
  </asx:values>
 </asx:abap>
</abapGit>
