﻿<?xml version="1.0" encoding="utf-8"?>
<abapGit version="v1.0.0" serializer="LCL_OBJECT_CLAS" serializer_version="v1.0.0">
 <asx:abap xmlns:asx="http://www.sap.com/abapxml" version="1.0">
  <asx:values>
   <VSEOCLASS>
    <CLSNAME>CL_BC402_UTILITIES</CLSNAME>
    <VERSION>1</VERSION>
    <LANGU>D</LANGU>
    <DESCRIPT>BC402 Hilfsklasse</DESCRIPT>
    <EXPOSURE>2</EXPOSURE>
    <STATE>1</STATE>
    <CLSCCINCL>X</CLSCCINCL>
    <FIXPT>X</FIXPT>
    <UNICODE>X</UNICODE>
   </VSEOCLASS>
   <DESCRIPTIONS>
    <SEOCOMPOTX>
     <CLSNAME>CL_BC402_UTILITIES</CLSNAME>
     <CMPNAME>READ_CUSTOMERS</CMPNAME>
     <LANGU>D</LANGU>
     <DESCRIPT>Lese Flugkunden</DESCRIPT>
    </SEOCOMPOTX>
    <SEOCOMPOTX>
     <CLSNAME>CL_BC402_UTILITIES</CLSNAME>
     <CMPNAME>WRITE_CONNECTIONS</CMPNAME>
     <LANGU>D</LANGU>
     <DESCRIPT>Ausgabe von Flugverbindungen auf  einer Liste</DESCRIPT>
    </SEOCOMPOTX>
    <SEOCOMPOTX>
     <CLSNAME>CL_BC402_UTILITIES</CLSNAME>
     <CMPNAME>WRITE_CONNECTIONS</CMPNAME>
     <LANGU>E</LANGU>
     <DESCRIPT>Output Flight Connections in List</DESCRIPT>
    </SEOCOMPOTX>
    <SEOCOMPOTX>
     <CLSNAME>CL_BC402_UTILITIES</CLSNAME>
     <CMPNAME>WRITE_CUSTOMERS</CMPNAME>
     <LANGU>D</LANGU>
     <DESCRIPT>Ausgabe von Flugkunden auf einer Liste</DESCRIPT>
    </SEOCOMPOTX>
    <SEOCOMPOTX>
     <CLSNAME>CL_BC402_UTILITIES</CLSNAME>
     <CMPNAME>WRITE_CUSTOMERS</CMPNAME>
     <LANGU>E</LANGU>
     <DESCRIPT>Output Flight Customers in List</DESCRIPT>
    </SEOCOMPOTX>
   </DESCRIPTIONS>
  </asx:values>
 </asx:abap>
</abapGit>
