﻿<?xml version="1.0" encoding="utf-8"?>
<abapGit version="v1.0.0" serializer="LCL_OBJECT_CLAS" serializer_version="v1.0.0">
 <asx:abap xmlns:asx="http://www.sap.com/abapxml" version="1.0">
  <asx:values>
   <VSEOCLASS>
    <CLSNAME>CL_BC402_DYS_GEN_TYPES</CLSNAME>
    <VERSION>1</VERSION>
    <LANGU>D</LANGU>
    <DESCRIPT>Lösung: Generische Typen - Strukturen / Tabellen ausgeben</DESCRIPT>
    <EXPOSURE>2</EXPOSURE>
    <STATE>1</STATE>
    <CLSCCINCL>X</CLSCCINCL>
    <FIXPT>X</FIXPT>
    <UNICODE>X</UNICODE>
   </VSEOCLASS>
   <DESCRIPTIONS>
    <SEOCOMPOTX>
     <CLSNAME>CL_BC402_DYS_GEN_TYPES</CLSNAME>
     <CMPNAME>WRITE_ANY_STRUCT</CMPNAME>
     <LANGU>D</LANGU>
     <DESCRIPT>Listausgabe einer beliebigen flachen Struktur</DESCRIPT>
    </SEOCOMPOTX>
    <SEOCOMPOTX>
     <CLSNAME>CL_BC402_DYS_GEN_TYPES</CLSNAME>
     <CMPNAME>WRITE_ANY_STRUCT</CMPNAME>
     <LANGU>E</LANGU>
     <DESCRIPT>List Output for Any Flat Structure</DESCRIPT>
    </SEOCOMPOTX>
    <SEOCOMPOTX>
     <CLSNAME>CL_BC402_DYS_GEN_TYPES</CLSNAME>
     <CMPNAME>WRITE_ANY_TABLE</CMPNAME>
     <LANGU>D</LANGU>
     <DESCRIPT>Listausgabe einer bel. int. Tabelle (flacher Zeilentyp)</DESCRIPT>
    </SEOCOMPOTX>
    <SEOCOMPOTX>
     <CLSNAME>CL_BC402_DYS_GEN_TYPES</CLSNAME>
     <CMPNAME>WRITE_ANY_TABLE</CMPNAME>
     <LANGU>E</LANGU>
     <DESCRIPT>List Output for Any Internal Table (Flat Row Type)</DESCRIPT>
    </SEOCOMPOTX>
   </DESCRIPTIONS>
  </asx:values>
 </asx:abap>
</abapGit>
