﻿<?xml version="1.0" encoding="utf-8"?>
<abapGit version="v1.0.0" serializer="LCL_OBJECT_MSAG" serializer_version="v1.0.0">
 <asx:abap xmlns:asx="http://www.sap.com/abapxml" version="1.0">
  <asx:values>
   <T100A>
    <ARBGB>ZBC401</ARBGB>
    <MASTERLANG>D</MASTERLANG>
    <STEXT>Schulung: BC401 - ABAP Objects</STEXT>
   </T100A>
   <T100>
    <T100>
     <SPRSL>D</SPRSL>
     <ARBGB>ZBC401</ARBGB>
     <MSGNR>002</MSGNR>
     <TEXT>Benutzer &amp; nicht vorhanden</TEXT>
    </T100>
    <T100>
     <SPRSL>D</SPRSL>
     <ARBGB>ZBC401</ARBGB>
     <MSGNR>005</MSGNR>
     <TEXT>Keine freien Gruppennummern gefunden</TEXT>
    </T100>
    <T100>
     <SPRSL>D</SPRSL>
     <ARBGB>ZBC401</ARBGB>
     <MSGNR>008</MSGNR>
     <TEXT>Fehler beim Ändern</TEXT>
    </T100>
    <T100>
     <SPRSL>D</SPRSL>
     <ARBGB>ZBC401</ARBGB>
     <MSGNR>010</MSGNR>
     <TEXT>Doppelklick auf Zeile &amp;1 und Spalte &amp;2</TEXT>
    </T100>
    <T100>
     <SPRSL>D</SPRSL>
     <ARBGB>ZBC401</ARBGB>
     <MSGNR>020</MSGNR>
     <TEXT>Flugzeugtyp &amp;1 ist ungültig</TEXT>
    </T100>
    <T100>
     <SPRSL>D</SPRSL>
     <ARBGB>ZBC401</ARBGB>
     <MSGNR>021</MSGNR>
     <TEXT>Flugzeugtyp &amp;1 nicht in Datenbanktabelle SAPLANE enthalten</TEXT>
    </T100>
    <T100>
     <SPRSL>D</SPRSL>
     <ARBGB>ZBC401</ARBGB>
     <MSGNR>022</MSGNR>
     <TEXT>Ungültiger Flugzeugtyp</TEXT>
    </T100>
    <T100>
     <SPRSL>D</SPRSL>
     <ARBGB>ZBC401</ARBGB>
     <MSGNR>025</MSGNR>
     <TEXT>Fahrzeugtyp &amp;1 &amp;2 ist ungültig</TEXT>
    </T100>
    <T100>
     <SPRSL>D</SPRSL>
     <ARBGB>ZBC401</ARBGB>
     <MSGNR>026</MSGNR>
     <TEXT>Fahrzeugtyp &amp;1 &amp;2 ist nicht in Datenbanktabelle SVEHICLE enthalten</TEXT>
    </T100>
    <T100>
     <SPRSL>D</SPRSL>
     <ARBGB>ZBC401</ARBGB>
     <MSGNR>027</MSGNR>
     <TEXT>Ungültiger Fahrzeugtyp</TEXT>
    </T100>
    <T100>
     <SPRSL>D</SPRSL>
     <ARBGB>ZBC401</ARBGB>
     <MSGNR>081</MSGNR>
     <TEXT>Fehler beim Anlegen des Containers</TEXT>
    </T100>
    <T100>
     <SPRSL>D</SPRSL>
     <ARBGB>ZBC401</ARBGB>
     <MSGNR>082</MSGNR>
     <TEXT>Fehler beim Anlegen des SAP Grid Controls</TEXT>
    </T100>
    <T100>
     <SPRSL>D</SPRSL>
     <ARBGB>ZBC401</ARBGB>
     <MSGNR>083</MSGNR>
     <TEXT>Fehlerhafter Methodenaufruf</TEXT>
    </T100>
    <T100>
     <SPRSL>D</SPRSL>
     <ARBGB>ZBC401</ARBGB>
     <MSGNR>098</MSGNR>
     <TEXT>Objekt konnte nicht gesperrt werden</TEXT>
    </T100>
    <T100>
     <SPRSL>D</SPRSL>
     <ARBGB>ZBC401</ARBGB>
     <MSGNR>099</MSGNR>
     <TEXT>Keine freien Plätze mehr vorhanden</TEXT>
    </T100>
    <T100>
     <SPRSL>D</SPRSL>
     <ARBGB>ZBC401</ARBGB>
     <MSGNR>100</MSGNR>
     <TEXT>Nummernvergabe macht Probleme</TEXT>
    </T100>
    <T100>
     <SPRSL>D</SPRSL>
     <ARBGB>ZBC401</ARBGB>
     <MSGNR>101</MSGNR>
     <TEXT>Objekt ist bereits gesperrt</TEXT>
    </T100>
    <T100>
     <SPRSL>D</SPRSL>
     <ARBGB>ZBC401</ARBGB>
     <MSGNR>102</MSGNR>
     <TEXT>Systemfehler (Sperre konnte nicht gesetzt werden)</TEXT>
    </T100>
    <T100>
     <SPRSL>D</SPRSL>
     <ARBGB>ZBC401</ARBGB>
     <MSGNR>103</MSGNR>
     <TEXT>Tabelleneintrag ist bereits vorhanden</TEXT>
    </T100>
    <T100>
     <SPRSL>D</SPRSL>
     <ARBGB>ZBC401</ARBGB>
     <MSGNR>104</MSGNR>
     <TEXT>Tabelleneintrag ist nicht vorhanden</TEXT>
    </T100>
    <T100>
     <SPRSL>D</SPRSL>
     <ARBGB>ZBC401</ARBGB>
     <MSGNR>105</MSGNR>
     <TEXT>Fehler beim UPDATE</TEXT>
    </T100>
    <T100>
     <SPRSL>D</SPRSL>
     <ARBGB>ZBC401</ARBGB>
     <MSGNR>106</MSGNR>
     <TEXT>Fehler beim INSERT</TEXT>
    </T100>
    <T100>
     <SPRSL>D</SPRSL>
     <ARBGB>ZBC401</ARBGB>
     <MSGNR>107</MSGNR>
     <TEXT>Keine Einträge zum Schlüssel &amp; &amp; gefunden</TEXT>
    </T100>
    <T100>
     <SPRSL>D</SPRSL>
     <ARBGB>ZBC401</ARBGB>
     <MSGNR>108</MSGNR>
     <TEXT>Verbuchungsabbruch (Tabelle SFLIGHT)</TEXT>
    </T100>
    <T100>
     <SPRSL>D</SPRSL>
     <ARBGB>ZBC401</ARBGB>
     <MSGNR>109</MSGNR>
     <TEXT>Anzahl gebuchter Plätze überschreitet Flugzeugkapazität</TEXT>
    </T100>
    <T100>
     <SPRSL>D</SPRSL>
     <ARBGB>ZBC401</ARBGB>
     <MSGNR>110</MSGNR>
     <TEXT>Kunde &amp; wurde angelegt</TEXT>
    </T100>
    <T100>
     <SPRSL>D</SPRSL>
     <ARBGB>ZBC401</ARBGB>
     <MSGNR>111</MSGNR>
     <TEXT>Anlegen konnte nicht durchgeführt werden</TEXT>
    </T100>
    <T100>
     <SPRSL>D</SPRSL>
     <ARBGB>ZBC401</ARBGB>
     <MSGNR>112</MSGNR>
     <TEXT>Die vergebene Nummer liegt im kritischen Bereich</TEXT>
    </T100>
    <T100>
     <SPRSL>D</SPRSL>
     <ARBGB>ZBC401</ARBGB>
     <MSGNR>113</MSGNR>
     <TEXT>Es wurde die letzte Nummer des Nummernkreises vergeben</TEXT>
    </T100>
    <T100>
     <SPRSL>D</SPRSL>
     <ARBGB>ZBC401</ARBGB>
     <MSGNR>114</MSGNR>
     <TEXT>Bitte markieren Sie mindestens einen Flug!</TEXT>
    </T100>
    <T100>
     <SPRSL>D</SPRSL>
     <ARBGB>ZBC401</ARBGB>
     <MSGNR>115</MSGNR>
     <TEXT>Keinen Flug gefunden</TEXT>
    </T100>
    <T100>
     <SPRSL>D</SPRSL>
     <ARBGB>ZBC401</ARBGB>
     <MSGNR>116</MSGNR>
     <TEXT>Zeilenauswahl nur bei Flügen möglich!</TEXT>
    </T100>
    <T100>
     <SPRSL>D</SPRSL>
     <ARBGB>ZBC401</ARBGB>
     <MSGNR>117</MSGNR>
     <TEXT>Objekt ist bereits von &amp; gesperrt</TEXT>
    </T100>
    <T100>
     <SPRSL>D</SPRSL>
     <ARBGB>ZBC401</ARBGB>
     <MSGNR>118</MSGNR>
     <TEXT>Anzahl gebuchter Plätze &amp; überschreitet Flugzeugkapazität &amp;.</TEXT>
    </T100>
    <T100>
     <SPRSL>D</SPRSL>
     <ARBGB>ZBC401</ARBGB>
     <MSGNR>120</MSGNR>
     <TEXT>Es wurde eine Laufzeitinstanz erzeugt mit dem Schlüssel: &amp;2</TEXT>
    </T100>
    <T100>
     <SPRSL>D</SPRSL>
     <ARBGB>ZBC401</ARBGB>
     <MSGNR>145</MSGNR>
     <TEXT>Objekt bereits gesperrt</TEXT>
    </T100>
    <T100>
     <SPRSL>D</SPRSL>
     <ARBGB>ZBC401</ARBGB>
     <MSGNR>146</MSGNR>
     <TEXT>Objekt nicht sperrbar</TEXT>
    </T100>
    <T100>
     <SPRSL>D</SPRSL>
     <ARBGB>ZBC401</ARBGB>
     <MSGNR>147</MSGNR>
     <TEXT>Änderung Flugverbindung konnte nicht gespeichert werden</TEXT>
    </T100>
    <T100>
     <SPRSL>D</SPRSL>
     <ARBGB>ZBC401</ARBGB>
     <MSGNR>148</MSGNR>
     <TEXT>Änderung erfolgreich!</TEXT>
    </T100>
    <T100>
     <SPRSL>D</SPRSL>
     <ARBGB>ZBC401</ARBGB>
     <MSGNR>149</MSGNR>
     <TEXT>Änderung nicht erfolgreich!</TEXT>
    </T100>
    <T100>
     <SPRSL>D</SPRSL>
     <ARBGB>ZBC401</ARBGB>
     <MSGNR>150</MSGNR>
     <TEXT>Keine passenden Flüge gefunden</TEXT>
    </T100>
    <T100>
     <SPRSL>D</SPRSL>
     <ARBGB>ZBC401</ARBGB>
     <MSGNR>151</MSGNR>
     <TEXT>Falsche Kundennummer (Tabelle SCUSTOM)</TEXT>
    </T100>
    <T100>
     <SPRSL>D</SPRSL>
     <ARBGB>ZBC401</ARBGB>
     <MSGNR>152</MSGNR>
     <TEXT>Eintrag für den Flug bereits gesperrt (Tabelle SFLIGHT)</TEXT>
    </T100>
    <T100>
     <SPRSL>D</SPRSL>
     <ARBGB>ZBC401</ARBGB>
     <MSGNR>153</MSGNR>
     <TEXT>Eintrag für den Flug nicht sperrbar (Tabelle SFLIGHT)</TEXT>
    </T100>
    <T100>
     <SPRSL>D</SPRSL>
     <ARBGB>ZBC401</ARBGB>
     <MSGNR>154</MSGNR>
     <TEXT>Flug nicht gefunden (Tabelle SFLIGHT)</TEXT>
    </T100>
    <T100>
     <SPRSL>D</SPRSL>
     <ARBGB>ZBC401</ARBGB>
     <MSGNR>155</MSGNR>
     <TEXT>Flug komplett ausgebucht (eventuell anderen Termin wählen)</TEXT>
    </T100>
    <T100>
     <SPRSL>D</SPRSL>
     <ARBGB>ZBC401</ARBGB>
     <MSGNR>156</MSGNR>
     <TEXT>Keine Buchungsnummer erhalten (Tabelle SBOOK, Objekt SBOOKNO)</TEXT>
    </T100>
    <T100>
     <SPRSL>D</SPRSL>
     <ARBGB>ZBC401</ARBGB>
     <MSGNR>157</MSGNR>
     <TEXT>Buchung konnte nicht gespeichert werden (Tabelle SBOOK)</TEXT>
    </T100>
    <T100>
     <SPRSL>D</SPRSL>
     <ARBGB>ZBC401</ARBGB>
     <MSGNR>158</MSGNR>
     <TEXT>Änderung Flugauslastung konnte nicht gespeichert werden (Tabelle SFLIGHT)</TEXT>
    </T100>
    <T100>
     <SPRSL>D</SPRSL>
     <ARBGB>ZBC401</ARBGB>
     <MSGNR>159</MSGNR>
     <TEXT>Fluggesellschaft &amp; nicht gefunden</TEXT>
    </T100>
    <T100>
     <SPRSL>D</SPRSL>
     <ARBGB>ZBC401</ARBGB>
     <MSGNR>160</MSGNR>
     <TEXT>Kunde &amp; für Flug &amp; am &amp; gebucht (Buchungsnr. &amp;)</TEXT>
    </T100>
    <T100>
     <SPRSL>D</SPRSL>
     <ARBGB>ZBC401</ARBGB>
     <MSGNR>161</MSGNR>
     <TEXT>Der Flug &amp; am &amp; ist ausgebucht. Bitte anderes Datum wählen</TEXT>
    </T100>
    <T100>
     <SPRSL>D</SPRSL>
     <ARBGB>ZBC401</ARBGB>
     <MSGNR>162</MSGNR>
     <TEXT>Internes Problem. Bitte versuchen Sie es später noch einmal</TEXT>
    </T100>
    <T100>
     <SPRSL>D</SPRSL>
     <ARBGB>ZBC401</ARBGB>
     <MSGNR>163</MSGNR>
     <TEXT>Ort &amp; (Land &amp;) unbekannt</TEXT>
    </T100>
    <T100>
     <SPRSL>D</SPRSL>
     <ARBGB>ZBC401</ARBGB>
     <MSGNR>164</MSGNR>
     <TEXT>Dem Ort &amp; (Land &amp;) ist kein Flughafen zugeordnet</TEXT>
    </T100>
    <T100>
     <SPRSL>D</SPRSL>
     <ARBGB>ZBC401</ARBGB>
     <MSGNR>165</MSGNR>
     <TEXT>Kein Flughäfen vorhanden</TEXT>
    </T100>
    <T100>
     <SPRSL>D</SPRSL>
     <ARBGB>ZBC401</ARBGB>
     <MSGNR>166</MSGNR>
     <TEXT>Reisebüro &amp; nicht gefunden</TEXT>
    </T100>
    <T100>
     <SPRSL>D</SPRSL>
     <ARBGB>ZBC401</ARBGB>
     <MSGNR>167</MSGNR>
     <TEXT>Verkaufschalter &amp; der Fluggesellschaft &amp; nicht gefunden</TEXT>
    </T100>
    <T100>
     <SPRSL>D</SPRSL>
     <ARBGB>ZBC401</ARBGB>
     <MSGNR>168</MSGNR>
     <TEXT>Geben Sie entweder Reisebüro oder Verkaufsschalter an</TEXT>
    </T100>
    <T100>
     <SPRSL>D</SPRSL>
     <ARBGB>ZBC401</ARBGB>
     <MSGNR>169</MSGNR>
     <TEXT>Bitte Verbindungsnummer eingeben!</TEXT>
    </T100>
    <T100>
     <SPRSL>D</SPRSL>
     <ARBGB>ZBC401</ARBGB>
     <MSGNR>170</MSGNR>
     <TEXT>Bitte Verbindungsnummer und Datum eingeben!</TEXT>
    </T100>
    <T100>
     <SPRSL>D</SPRSL>
     <ARBGB>ZBC401</ARBGB>
     <MSGNR>171</MSGNR>
     <TEXT>Keine passenden Verbindungen gefunden</TEXT>
    </T100>
    <T100>
     <SPRSL>D</SPRSL>
     <ARBGB>ZBC401</ARBGB>
     <MSGNR>172</MSGNR>
     <TEXT>Bitte einen Flug auswählen</TEXT>
    </T100>
    <T100>
     <SPRSL>D</SPRSL>
     <ARBGB>ZBC401</ARBGB>
     <MSGNR>173</MSGNR>
     <TEXT>Verkaufstelle &amp; ist nicht erlaubt</TEXT>
    </T100>
    <T100>
     <SPRSL>D</SPRSL>
     <ARBGB>ZBC401</ARBGB>
     <MSGNR>174</MSGNR>
     <TEXT>Eintrag für die Buchung bereits gesperrt (Tabelle SBOOK)</TEXT>
    </T100>
    <T100>
     <SPRSL>D</SPRSL>
     <ARBGB>ZBC401</ARBGB>
     <MSGNR>175</MSGNR>
     <TEXT>Eintrag für die Buchung nicht sperrbar (Tabelle SBOOK)</TEXT>
    </T100>
    <T100>
     <SPRSL>D</SPRSL>
     <ARBGB>ZBC401</ARBGB>
     <MSGNR>176</MSGNR>
     <TEXT>Buchung nicht gefunden</TEXT>
    </T100>
    <T100>
     <SPRSL>D</SPRSL>
     <ARBGB>ZBC401</ARBGB>
     <MSGNR>177</MSGNR>
     <TEXT>Buchung ist bereits storniert!</TEXT>
    </T100>
    <T100>
     <SPRSL>D</SPRSL>
     <ARBGB>ZBC401</ARBGB>
     <MSGNR>178</MSGNR>
     <TEXT>Startdaten unvollständig. Bitte ergänzen!</TEXT>
    </T100>
    <T100>
     <SPRSL>D</SPRSL>
     <ARBGB>ZBC401</ARBGB>
     <MSGNR>179</MSGNR>
     <TEXT>Zieldaten unvollständig. Bitte ergänzen!</TEXT>
    </T100>
    <T100>
     <SPRSL>D</SPRSL>
     <ARBGB>ZBC401</ARBGB>
     <MSGNR>180</MSGNR>
     <TEXT>Kunden-Id bereits vergeben (Größte existierende Kunden-ID &amp;)</TEXT>
    </T100>
    <T100>
     <SPRSL>D</SPRSL>
     <ARBGB>ZBC401</ARBGB>
     <MSGNR>181</MSGNR>
     <TEXT>Unzulässige Daten (SCUSTOM)</TEXT>
    </T100>
    <T100>
     <SPRSL>D</SPRSL>
     <ARBGB>ZBC401</ARBGB>
     <MSGNR>182</MSGNR>
     <TEXT>Keine passenden Objekte gefunden</TEXT>
    </T100>
    <T100>
     <SPRSL>D</SPRSL>
     <ARBGB>ZBC401</ARBGB>
     <MSGNR>183</MSGNR>
     <TEXT>&amp; Objekt(e) gefunden</TEXT>
    </T100>
    <T100>
     <SPRSL>D</SPRSL>
     <ARBGB>ZBC401</ARBGB>
     <MSGNR>184</MSGNR>
     <TEXT>&amp;</TEXT>
    </T100>
    <T100>
     <SPRSL>D</SPRSL>
     <ARBGB>ZBC401</ARBGB>
     <MSGNR>185</MSGNR>
     <TEXT>Flugklasse &amp; nicht erlaubt</TEXT>
    </T100>
    <T100>
     <SPRSL>D</SPRSL>
     <ARBGB>ZBC401</ARBGB>
     <MSGNR>186</MSGNR>
     <TEXT>Keine passenden Buchungen gefunden</TEXT>
    </T100>
    <T100>
     <SPRSL>D</SPRSL>
     <ARBGB>ZBC401</ARBGB>
     <MSGNR>187</MSGNR>
     <TEXT>Zu diesem Flugtermin sind noch keine Buchungen vorhanden</TEXT>
    </T100>
    <T100>
     <SPRSL>D</SPRSL>
     <ARBGB>ZBC401</ARBGB>
     <MSGNR>188</MSGNR>
     <TEXT>Buchung &amp; &amp; wurde storniert</TEXT>
    </T100>
    <T100>
     <SPRSL>D</SPRSL>
     <ARBGB>ZBC401</ARBGB>
     <MSGNR>190</MSGNR>
     <TEXT>Kennwort korrekt</TEXT>
    </T100>
    <T100>
     <SPRSL>D</SPRSL>
     <ARBGB>ZBC401</ARBGB>
     <MSGNR>191</MSGNR>
     <TEXT>Kennwort wurde geändert</TEXT>
    </T100>
    <T100>
     <SPRSL>D</SPRSL>
     <ARBGB>ZBC401</ARBGB>
     <MSGNR>200</MSGNR>
     <TEXT>Die Datenbankinhalte im aktuellen Mandanten werden gelöschet!</TEXT>
    </T100>
    <T100>
     <SPRSL>D</SPRSL>
     <ARBGB>ZBC401</ARBGB>
     <MSGNR>201</MSGNR>
     <TEXT>Die SAP-Standardinhalte werden in die Tabellen eingespielt</TEXT>
    </T100>
    <T100>
     <SPRSL>D</SPRSL>
     <ARBGB>ZBC401</ARBGB>
     <MSGNR>204</MSGNR>
     <TEXT>No authorization to administrate carrier &amp;.</TEXT>
    </T100>
    <T100>
     <SPRSL>D</SPRSL>
     <ARBGB>ZBC401</ARBGB>
     <MSGNR>210</MSGNR>
     <TEXT>Es gibt bereits eine Fluggesellschaft mit dem Schlüssel &amp;.</TEXT>
    </T100>
    <T100>
     <SPRSL>D</SPRSL>
     <ARBGB>ZBC401</ARBGB>
     <MSGNR>211</MSGNR>
     <TEXT>Es gibt keine Fluggesellschaft mit dem Schlüssel &amp;.</TEXT>
    </T100>
    <T100>
     <SPRSL>D</SPRSL>
     <ARBGB>ZBC401</ARBGB>
     <MSGNR>230</MSGNR>
     <TEXT>Die Warteliste ist leer.</TEXT>
    </T100>
    <T100>
     <SPRSL>D</SPRSL>
     <ARBGB>ZBC401</ARBGB>
     <MSGNR>231</MSGNR>
     <TEXT>Der Wartende befindet sich an Warteposition &amp;.</TEXT>
    </T100>
    <T100>
     <SPRSL>D</SPRSL>
     <ARBGB>ZBC401</ARBGB>
     <MSGNR>232</MSGNR>
     <TEXT>Dieser Kunde wartet gar nicht.</TEXT>
    </T100>
    <T100>
     <SPRSL>D</SPRSL>
     <ARBGB>ZBC401</ARBGB>
     <MSGNR>233</MSGNR>
     <TEXT>Der jetzt angezeigte Kunde ist von der Warteliste gestrichen worden.</TEXT>
    </T100>
    <T100>
     <SPRSL>D</SPRSL>
     <ARBGB>ZBC401</ARBGB>
     <MSGNR>250</MSGNR>
     <TEXT>Bitte Flugzeit in gültigem Format eingeben</TEXT>
    </T100>
    <T100>
     <SPRSL>D</SPRSL>
     <ARBGB>ZBC401</ARBGB>
     <MSGNR>260</MSGNR>
     <TEXT>Datei/Pfad &amp; nicht vorhanden</TEXT>
    </T100>
    <T100>
     <SPRSL>D</SPRSL>
     <ARBGB>ZBC401</ARBGB>
     <MSGNR>300</MSGNR>
     <TEXT>Verzeichnis &amp; existiert nicht</TEXT>
    </T100>
    <T100>
     <SPRSL>D</SPRSL>
     <ARBGB>ZBC401</ARBGB>
     <MSGNR>301</MSGNR>
     <TEXT>Keine Berechtigung für den Buchungskreis &amp;</TEXT>
    </T100>
    <T100>
     <SPRSL>D</SPRSL>
     <ARBGB>ZBC401</ARBGB>
     <MSGNR>302</MSGNR>
     <TEXT>Kein Eintrag &amp;&amp;&amp; in Kursplantabelle ZKRST</TEXT>
    </T100>
    <T100>
     <SPRSL>D</SPRSL>
     <ARBGB>ZBC401</ARBGB>
     <MSGNR>303</MSGNR>
     <TEXT>Keine Berechtigung für Lieferant &amp;</TEXT>
    </T100>
    <T100>
     <SPRSL>D</SPRSL>
     <ARBGB>ZBC401</ARBGB>
     <MSGNR>304</MSGNR>
     <TEXT>Lieferant 12 ist strengstens verboten</TEXT>
    </T100>
    <T100>
     <SPRSL>D</SPRSL>
     <ARBGB>ZBC401</ARBGB>
     <MSGNR>305</MSGNR>
     <TEXT>Lieferant 13 und Buchungskreis 01 zusammen geht nicht</TEXT>
    </T100>
    <T100>
     <SPRSL>D</SPRSL>
     <ARBGB>ZBC401</ARBGB>
     <MSGNR>306</MSGNR>
     <TEXT>Konto 27 ist strengstens verboten (Lebensgefahr)</TEXT>
    </T100>
    <T100>
     <SPRSL>D</SPRSL>
     <ARBGB>ZBC401</ARBGB>
     <MSGNR>307</MSGNR>
     <TEXT>Ausländer, Kontonummer: &amp;</TEXT>
    </T100>
    <T100>
     <SPRSL>D</SPRSL>
     <ARBGB>ZBC401</ARBGB>
     <MSGNR>308</MSGNR>
     <TEXT>Kombination 10 und 35 für Konto-low unmöglich</TEXT>
    </T100>
    <T100>
     <SPRSL>D</SPRSL>
     <ARBGB>ZBC401</ARBGB>
     <MSGNR>309</MSGNR>
     <TEXT>Konto-low = 0000000004 unzulässig</TEXT>
    </T100>
    <T100>
     <SPRSL>D</SPRSL>
     <ARBGB>ZBC401</ARBGB>
     <MSGNR>310</MSGNR>
     <TEXT>Kurs trägt Löschkennzeichen</TEXT>
    </T100>
    <T100>
     <SPRSL>D</SPRSL>
     <ARBGB>ZBC401</ARBGB>
     <MSGNR>311</MSGNR>
     <TEXT>Fehlender Parameter</TEXT>
    </T100>
    <T100>
     <SPRSL>D</SPRSL>
     <ARBGB>ZBC401</ARBGB>
     <MSGNR>312</MSGNR>
     <TEXT>Fehlender Parameter</TEXT>
    </T100>
    <T100>
     <SPRSL>D</SPRSL>
     <ARBGB>ZBC401</ARBGB>
     <MSGNR>313</MSGNR>
     <TEXT>Fehlender Operator</TEXT>
    </T100>
    <T100>
     <SPRSL>D</SPRSL>
     <ARBGB>ZBC401</ARBGB>
     <MSGNR>314</MSGNR>
     <TEXT>Operator Ungültig</TEXT>
    </T100>
    <T100>
     <SPRSL>D</SPRSL>
     <ARBGB>ZBC401</ARBGB>
     <MSGNR>315</MSGNR>
     <TEXT>Mehr als 10 alternative FORM Routinen werden nicht unterstützt</TEXT>
    </T100>
    <T100>
     <SPRSL>D</SPRSL>
     <ARBGB>ZBC401</ARBGB>
     <MSGNR>316</MSGNR>
     <TEXT>Der Währungsschlüssel &amp; existiert nicht in der Tabelle TCURC</TEXT>
    </T100>
    <T100>
     <SPRSL>D</SPRSL>
     <ARBGB>ZBC401</ARBGB>
     <MSGNR>317</MSGNR>
     <TEXT>Datensatz nicht vollständig</TEXT>
    </T100>
    <T100>
     <SPRSL>D</SPRSL>
     <ARBGB>ZBC401</ARBGB>
     <MSGNR>318</MSGNR>
     <TEXT>Bitte markieren Sie mindestens eine Zeile</TEXT>
    </T100>
    <T100>
     <SPRSL>D</SPRSL>
     <ARBGB>ZBC401</ARBGB>
     <MSGNR>321</MSGNR>
     <TEXT>Objekt &amp; ist momentan gesperrt (Bitte haben Sie ein wenig Geduld)</TEXT>
    </T100>
    <T100>
     <SPRSL>D</SPRSL>
     <ARBGB>ZBC401</ARBGB>
     <MSGNR>322</MSGNR>
     <TEXT>Systemfehler beim Sperren</TEXT>
    </T100>
    <T100>
     <SPRSL>D</SPRSL>
     <ARBGB>ZBC401</ARBGB>
     <MSGNR>331</MSGNR>
     <TEXT>Einfügen nicht erfolgreich in Tabelle &amp;</TEXT>
    </T100>
    <T100>
     <SPRSL>D</SPRSL>
     <ARBGB>ZBC401</ARBGB>
     <MSGNR>341</MSGNR>
     <TEXT>Keine Änderung von Tabelle &amp; erfolgt</TEXT>
    </T100>
    <T100>
     <SPRSL>D</SPRSL>
     <ARBGB>ZBC401</ARBGB>
     <MSGNR>342</MSGNR>
     <TEXT>Tabelle &amp; nicht erfolgreich fortgeschrieben</TEXT>
    </T100>
    <T100>
     <SPRSL>D</SPRSL>
     <ARBGB>ZBC401</ARBGB>
     <MSGNR>343</MSGNR>
     <TEXT>Tabelle &amp; erfolgreich fortgeschrieben</TEXT>
    </T100>
    <T100>
     <SPRSL>D</SPRSL>
     <ARBGB>ZBC401</ARBGB>
     <MSGNR>344</MSGNR>
     <TEXT>Tabellen &amp; und &amp; erfolgreich fortgeschrieben</TEXT>
    </T100>
    <T100>
     <SPRSL>D</SPRSL>
     <ARBGB>ZBC401</ARBGB>
     <MSGNR>345</MSGNR>
     <TEXT>Daten wurden nicht verändert, daher kein Update</TEXT>
    </T100>
    <T100>
     <SPRSL>D</SPRSL>
     <ARBGB>ZBC401</ARBGB>
     <MSGNR>346</MSGNR>
     <TEXT>&amp; &amp; konnte nicht angelegt werden (Tabelle &amp;)</TEXT>
    </T100>
    <T100>
     <SPRSL>D</SPRSL>
     <ARBGB>ZBC401</ARBGB>
     <MSGNR>347</MSGNR>
     <TEXT>Datensatz &amp; erfolgreich gelesen (Tabelle &amp;)</TEXT>
    </T100>
    <T100>
     <SPRSL>D</SPRSL>
     <ARBGB>ZBC401</ARBGB>
     <MSGNR>400</MSGNR>
     <TEXT>Das von Ihnen gewählte Land &amp; ist nicht in der Tabelle enthalten</TEXT>
    </T100>
    <T100>
     <SPRSL>D</SPRSL>
     <ARBGB>ZBC401</ARBGB>
     <MSGNR>401</MSGNR>
     <TEXT>Cursor bitte auf Bereich oder Kurs positionieren</TEXT>
    </T100>
    <T100>
     <SPRSL>D</SPRSL>
     <ARBGB>ZBC401</ARBGB>
     <MSGNR>402</MSGNR>
     <TEXT>Bitte Cursor auf Zeile mit gewünschter Buchung positionieren</TEXT>
    </T100>
    <T100>
     <SPRSL>D</SPRSL>
     <ARBGB>ZBC401</ARBGB>
     <MSGNR>490</MSGNR>
     <TEXT>Objekt &amp; ist momentan gesperrt (Bitte haben Sie ein wenig Geduld)</TEXT>
    </T100>
    <T100>
     <SPRSL>D</SPRSL>
     <ARBGB>ZBC401</ARBGB>
     <MSGNR>500</MSGNR>
     <TEXT>Bitte eindeutige Sortierfolge angeben</TEXT>
    </T100>
    <T100>
     <SPRSL>D</SPRSL>
     <ARBGB>ZBC401</ARBGB>
     <MSGNR>501</MSGNR>
     <TEXT>Kein Dokument-Typ ausgewählt</TEXT>
    </T100>
    <T100>
     <SPRSL>D</SPRSL>
     <ARBGB>ZBC401</ARBGB>
     <MSGNR>502</MSGNR>
     <TEXT>Fehler beim Initialisieren des Control Framework</TEXT>
    </T100>
    <T100>
     <SPRSL>D</SPRSL>
     <ARBGB>ZBC401</ARBGB>
     <MSGNR>503</MSGNR>
     <TEXT>Eintrag &amp; &amp; &amp; konnte nicht in Tabelle SFLIGHT gelöscht werden!</TEXT>
    </T100>
    <T100>
     <SPRSL>D</SPRSL>
     <ARBGB>ZBC401</ARBGB>
     <MSGNR>504</MSGNR>
     <TEXT>SBOOK-Tabelleneinträge konnten nicht gelöscht werden!</TEXT>
    </T100>
    <T100>
     <SPRSL>D</SPRSL>
     <ARBGB>ZBC401</ARBGB>
     <MSGNR>505</MSGNR>
     <TEXT>Löschen in SFLIGHT/SBOOK erfolgreich!</TEXT>
    </T100>
    <T100>
     <SPRSL>D</SPRSL>
     <ARBGB>ZBC401</ARBGB>
     <MSGNR>506</MSGNR>
     <TEXT>Die SBOOK-Einträge zum Key &amp; &amp; &amp; konnten nicht wiederhergestellt werden!</TEXT>
    </T100>
    <T100>
     <SPRSL>D</SPRSL>
     <ARBGB>ZBC401</ARBGB>
     <MSGNR>507</MSGNR>
     <TEXT>Der SFLIGHT-Eintrag &amp; &amp; &amp; konnte nicht wiederhergestellt werden!</TEXT>
    </T100>
    <T100>
     <SPRSL>D</SPRSL>
     <ARBGB>ZBC401</ARBGB>
     <MSGNR>508</MSGNR>
     <TEXT>Tabelleneintrag &amp; &amp; &amp; ist nicht in Tabelle SFLIGHT vorhanden!</TEXT>
    </T100>
    <T100>
     <SPRSL>D</SPRSL>
     <ARBGB>ZBC401</ARBGB>
     <MSGNR>509</MSGNR>
     <TEXT>Keine Tabelleneinträge zum gen. Key &amp; &amp; &amp; in Tabelle SBOOK!</TEXT>
    </T100>
    <T100>
     <SPRSL>D</SPRSL>
     <ARBGB>ZBC401</ARBGB>
     <MSGNR>510</MSGNR>
     <TEXT>Fehler in Transaktion &amp;1 ! (sy-subrc = &amp;2)</TEXT>
    </T100>
    <T100>
     <SPRSL>D</SPRSL>
     <ARBGB>ZBC401</ARBGB>
     <MSGNR>511</MSGNR>
     <TEXT>SFLIGHT-Tabelleneintrag &amp; &amp; &amp; erzeugt.</TEXT>
    </T100>
    <T100>
     <SPRSL>D</SPRSL>
     <ARBGB>ZBC401</ARBGB>
     <MSGNR>512</MSGNR>
     <TEXT>SBOOK-Einträge zum gen. Key &amp; &amp; &amp; erzeugt.</TEXT>
    </T100>
    <T100>
     <SPRSL>D</SPRSL>
     <ARBGB>ZBC401</ARBGB>
     <MSGNR>513</MSGNR>
     <TEXT>Ihr Besuch im R/3-System &amp; ist nach ENTER beendet!</TEXT>
    </T100>
    <T100>
     <SPRSL>D</SPRSL>
     <ARBGB>ZBC401</ARBGB>
     <MSGNR>514</MSGNR>
     <TEXT>Tabelleneintrag &amp; in Tabelle SCUSTOM konnte nicht geändert werden!</TEXT>
    </T100>
    <T100>
     <SPRSL>D</SPRSL>
     <ARBGB>ZBC401</ARBGB>
     <MSGNR>515</MSGNR>
     <TEXT>Änderung in lokalem System durchgeführt!</TEXT>
    </T100>
    <T100>
     <SPRSL>D</SPRSL>
     <ARBGB>ZBC401</ARBGB>
     <MSGNR>516</MSGNR>
     <TEXT>Tabelleneintrag &amp; in Tabelle SCUSTOM nicht vorhanden!</TEXT>
    </T100>
    <T100>
     <SPRSL>D</SPRSL>
     <ARBGB>ZBC401</ARBGB>
     <MSGNR>517</MSGNR>
     <TEXT>Änderung für Remote-System über tRFC eingeplant --&gt; Startzeit &amp;</TEXT>
    </T100>
    <T100>
     <SPRSL>D</SPRSL>
     <ARBGB>ZBC401</ARBGB>
     <MSGNR>550</MSGNR>
     <TEXT>Not you !!!</TEXT>
    </T100>
    <T100>
     <SPRSL>D</SPRSL>
     <ARBGB>ZBC401</ARBGB>
     <MSGNR>551</MSGNR>
     <TEXT>Notwendige Aktionen durchgeführt. Bitte Demo-Patches jetzt einspielen.</TEXT>
    </T100>
    <T100>
     <SPRSL>D</SPRSL>
     <ARBGB>ZBC401</ARBGB>
     <MSGNR>552</MSGNR>
     <TEXT>Vorführung zurückgesetzt: Training Hot Package Einträge gelöscht.</TEXT>
    </T100>
    <T100>
     <SPRSL>D</SPRSL>
     <ARBGB>ZBC401</ARBGB>
     <MSGNR>553</MSGNR>
     <TEXT>Produktives Hot Package &amp; bereits eingespielt! Übung nicht durchführbar.</TEXT>
    </T100>
    <T100>
     <SPRSL>D</SPRSL>
     <ARBGB>ZBC401</ARBGB>
     <MSGNR>554</MSGNR>
     <TEXT>Hot Package nicht in diesem System einspielbar!</TEXT>
    </T100>
    <T100>
     <SPRSL>D</SPRSL>
     <ARBGB>ZBC401</ARBGB>
     <MSGNR>555</MSGNR>
     <TEXT>&amp; &amp; &amp; &amp;</TEXT>
    </T100>
    <T100>
     <SPRSL>D</SPRSL>
     <ARBGB>ZBC401</ARBGB>
     <MSGNR>556</MSGNR>
     <TEXT>Die Datei &amp; kann nicht angelegt werden</TEXT>
    </T100>
    <T100>
     <SPRSL>D</SPRSL>
     <ARBGB>ZBC401</ARBGB>
     <MSGNR>557</MSGNR>
     <TEXT>Ungültiges EPS-Unterverzeichnis</TEXT>
    </T100>
    <T100>
     <SPRSL>D</SPRSL>
     <ARBGB>ZBC401</ARBGB>
     <MSGNR>558</MSGNR>
     <TEXT>Übertragung fehlgeschlagen</TEXT>
    </T100>
    <T100>
     <SPRSL>D</SPRSL>
     <ARBGB>ZBC401</ARBGB>
     <MSGNR>559</MSGNR>
     <TEXT>Typ &quot;&amp;&quot; für Transport-Directory ist nicht möglich</TEXT>
    </T100>
    <T100>
     <SPRSL>D</SPRSL>
     <ARBGB>ZBC401</ARBGB>
     <MSGNR>600</MSGNR>
     <TEXT>&amp; &amp; nicht gefunden (Tabelle &amp;)</TEXT>
    </T100>
    <T100>
     <SPRSL>D</SPRSL>
     <ARBGB>ZBC401</ARBGB>
     <MSGNR>601</MSGNR>
     <TEXT>Keine &amp; frei (Nummernkreisobjekt &amp;)</TEXT>
    </T100>
    <T100>
     <SPRSL>D</SPRSL>
     <ARBGB>ZBC401</ARBGB>
     <MSGNR>602</MSGNR>
     <TEXT>&amp; &amp; kann nicht angelegt werden (Tabelle &amp;)</TEXT>
    </T100>
    <T100>
     <SPRSL>D</SPRSL>
     <ARBGB>ZBC401</ARBGB>
     <MSGNR>603</MSGNR>
     <TEXT>&amp; &amp; angelegt (Tabelle &amp;)</TEXT>
    </T100>
    <T100>
     <SPRSL>D</SPRSL>
     <ARBGB>ZBC401</ARBGB>
     <MSGNR>604</MSGNR>
     <TEXT>&amp; &amp; kann nicht für Änderung gesperrt werden (Sperrobjekt &amp;)</TEXT>
    </T100>
    <T100>
     <SPRSL>D</SPRSL>
     <ARBGB>ZBC401</ARBGB>
     <MSGNR>605</MSGNR>
     <TEXT>Änderung für &amp; &amp; kann nicht gespeichert werden (Tabelle &amp;)</TEXT>
    </T100>
    <T100>
     <SPRSL>D</SPRSL>
     <ARBGB>ZBC401</ARBGB>
     <MSGNR>606</MSGNR>
     <TEXT>Änderung für &amp; &amp; gespeichert (Tabelle &amp;)</TEXT>
    </T100>
    <T100>
     <SPRSL>D</SPRSL>
     <ARBGB>ZBC401</ARBGB>
     <MSGNR>607</MSGNR>
     <TEXT>&amp; &amp; kann nicht gelöscht werden (Tabelle &amp;)</TEXT>
    </T100>
    <T100>
     <SPRSL>D</SPRSL>
     <ARBGB>ZBC401</ARBGB>
     <MSGNR>608</MSGNR>
     <TEXT>&amp; &amp; gelöscht (Tabelle &amp;)</TEXT>
    </T100>
    <T100>
     <SPRSL>D</SPRSL>
     <ARBGB>ZBC401</ARBGB>
     <MSGNR>609</MSGNR>
     <TEXT>&amp; &amp; existiert bereits (Tabelle &amp;)</TEXT>
    </T100>
    <T100>
     <SPRSL>D</SPRSL>
     <ARBGB>ZBC401</ARBGB>
     <MSGNR>610</MSGNR>
     <TEXT>&amp; &amp; kann nicht gelöscht werden</TEXT>
    </T100>
    <T100>
     <SPRSL>D</SPRSL>
     <ARBGB>ZBC401</ARBGB>
     <MSGNR>702</MSGNR>
     <TEXT>Abbruch!!</TEXT>
    </T100>
    <T100>
     <SPRSL>D</SPRSL>
     <ARBGB>ZBC401</ARBGB>
     <MSGNR>901</MSGNR>
     <TEXT>Warteliste zum Flug &amp;1 &amp;2 &amp;3 ist bereits vorhanden!</TEXT>
    </T100>
    <T100>
     <SPRSL>D</SPRSL>
     <ARBGB>ZBC401</ARBGB>
     <MSGNR>902</MSGNR>
     <TEXT>Keine Warteliste zum Flug &amp;1 &amp;2 &amp;3 vorhanden!</TEXT>
    </T100>
    <T100>
     <SPRSL>D</SPRSL>
     <ARBGB>ZBC401</ARBGB>
     <MSGNR>903</MSGNR>
     <TEXT>Die Warteliste zum Flug &amp;1 &amp;2 &amp;3 enthält keine Einträge!</TEXT>
    </T100>
    <T100>
     <SPRSL>D</SPRSL>
     <ARBGB>ZBC401</ARBGB>
     <MSGNR>904</MSGNR>
     <TEXT>Bitte einen gültigen Flug auswählen</TEXT>
    </T100>
    <T100>
     <SPRSL>D</SPRSL>
     <ARBGB>ZBC401</ARBGB>
     <MSGNR>905</MSGNR>
     <TEXT>Warteliste zum Flug &amp;1 &amp;2 &amp;3 erfolgreich angelegt!</TEXT>
    </T100>
    <T100>
     <SPRSL>D</SPRSL>
     <ARBGB>ZBC401</ARBGB>
     <MSGNR>906</MSGNR>
     <TEXT>Warteliste zum Flug &amp;1 &amp;2 &amp;3 wurde erfolgreich gelöscht!</TEXT>
    </T100>
    <T100>
     <SPRSL>D</SPRSL>
     <ARBGB>ZBC401</ARBGB>
     <MSGNR>907</MSGNR>
     <TEXT>Der erste Wartende aus der Warteliste zum Flug &amp;1 &amp;2 &amp;3 wurde gelöscht</TEXT>
    </T100>
    <T100>
     <SPRSL>D</SPRSL>
     <ARBGB>ZBC401</ARBGB>
     <MSGNR>908</MSGNR>
     <TEXT>Bitte eine gültige Kundennummer auswählen!</TEXT>
    </T100>
    <T100>
     <SPRSL>D</SPRSL>
     <ARBGB>ZBC401</ARBGB>
     <MSGNR>909</MSGNR>
     <TEXT>Kunde &amp;1 steht bereits auf der Warteliste zum Flug &amp;2 &amp;3 &amp;4</TEXT>
    </T100>
    <T100>
     <SPRSL>D</SPRSL>
     <ARBGB>ZBC401</ARBGB>
     <MSGNR>910</MSGNR>
     <TEXT>Kunde &amp;1 in die Warteliste zum Flug &amp;2 &amp;3 &amp;4 aufgenommen</TEXT>
    </T100>
    <T100>
     <SPRSL>D</SPRSL>
     <ARBGB>ZBC401</ARBGB>
     <MSGNR>911</MSGNR>
     <TEXT>Der Kunde &amp;1 steht nicht auf der Warteliste zum Flug &amp;2 &amp;3 &amp;4!</TEXT>
    </T100>
    <T100>
     <SPRSL>D</SPRSL>
     <ARBGB>ZBC401</ARBGB>
     <MSGNR>912</MSGNR>
     <TEXT>Kunde &amp;1 wurde von der Warteliste zum Flug &amp;2 &amp;3 &amp;4 gelöscht!</TEXT>
    </T100>
    <T100>
     <SPRSL>D</SPRSL>
     <ARBGB>ZBC401</ARBGB>
     <MSGNR>913</MSGNR>
     <TEXT>Kunde &amp;1 steht auf der Warteliste zum Flug &amp;2 an Position &amp;3.</TEXT>
    </T100>
    <T100>
     <SPRSL>D</SPRSL>
     <ARBGB>ZBC401</ARBGB>
     <MSGNR>914</MSGNR>
     <TEXT>Die Warteliste zum Flug &amp;1 &amp;2 &amp;3 enthält &amp;4 Einträge.</TEXT>
    </T100>
    <T100>
     <SPRSL>D</SPRSL>
     <ARBGB>ZBC401</ARBGB>
     <MSGNR>915</MSGNR>
     <TEXT>Kunde &amp;1 ist &amp;2.</TEXT>
    </T100>
    <T100>
     <SPRSL>D</SPRSL>
     <ARBGB>ZBC401</ARBGB>
     <MSGNR>916</MSGNR>
     <TEXT>Kundennummer &amp; ist nicht vorhanden. Bitte Eingabe korrigieren!</TEXT>
    </T100>
    <T100>
     <SPRSL>D</SPRSL>
     <ARBGB>ZBC401</ARBGB>
     <MSGNR>917</MSGNR>
    </T100>
    <T100>
     <SPRSL>D</SPRSL>
     <ARBGB>ZBC401</ARBGB>
     <MSGNR>999</MSGNR>
     <TEXT>Test: &amp; &amp; &amp; &amp;</TEXT>
    </T100>
   </T100>
  </asx:values>
 </asx:abap>
</abapGit>
