﻿<?xml version="1.0" encoding="utf-8"?>
<abapGit version="v1.0.0" serializer="LCL_OBJECT_PROG" serializer_version="v1.0.0">
 <asx:abap xmlns:asx="http://www.sap.com/abapxml" version="1.0">
  <asx:values>
   <PROGDIR>
    <NAME>ZBC425_IEP_FM_TEMPLATE</NAME>
    <STATE>A</STATE>
    <VARCL>X</VARCL>
    <SUBC>1</SUBC>
    <RLOAD>D</RLOAD>
    <FIXPT>X</FIXPT>
    <UCCHECK>X</UCCHECK>
   </PROGDIR>
   <TPOOL>
    <item>
     <ID>R</ID>
     <ENTRY>Template Program for the &quot;Enhancement SAP Function Module&quot; Exercise</ENTRY>
     <LENGTH>70</LENGTH>
    </item>
    <item>
     <ID>S</ID>
     <KEY>DISCOUNT</KEY>
     <ENTRY>Discount in %</ENTRY>
     <LENGTH>21</LENGTH>
    </item>
    <item>
     <ID>S</ID>
     <KEY>NETPRICE</KEY>
     <ENTRY>Net Price</ENTRY>
     <LENGTH>19</LENGTH>
    </item>
   </TPOOL>
   <I18N_TPOOL>
    <item>
     <LANGUAGE>D</LANGUAGE>
     <TEXTPOOL>
      <item>
       <ID>R</ID>
       <ENTRY>Template-Programm zur Übung &quot;Erweiterung SAP-Funktionsbaustein&quot;</ENTRY>
       <LENGTH>63</LENGTH>
      </item>
      <item>
       <ID>S</ID>
       <KEY>DISCOUNT</KEY>
       <ENTRY>Rabatt in %</ENTRY>
       <LENGTH>19</LENGTH>
      </item>
      <item>
       <ID>S</ID>
       <KEY>NETPRICE</KEY>
       <ENTRY>Netto-Preis</ENTRY>
       <LENGTH>19</LENGTH>
      </item>
     </TEXTPOOL>
    </item>
   </I18N_TPOOL>
  </asx:values>
 </asx:abap>
</abapGit>
