﻿<?xml version="1.0" encoding="utf-8"?>
<abapGit version="v1.0.0" serializer="LCL_OBJECT_FUGR" serializer_version="v1.0.0">
 <asx:abap xmlns:asx="http://www.sap.com/abapxml" version="1.0">
  <asx:values>
   <AREAT>FG containing FMs for composite enh ex</AREAT>
   <INCLUDES>
    <SOBJ_NAME>LZBC425_COMPTOP</SOBJ_NAME>
    <SOBJ_NAME>SAPLZBC425_COMP</SOBJ_NAME>
   </INCLUDES>
   <FUNCTIONS>
    <item>
     <FUNCNAME>ZBC425_DISCOUNT</FUNCNAME>
     <SHORT_TEXT>Calculate discount</SHORT_TEXT>
     <IMPORT>
      <RSIMP>
       <PARAMETER>IM_PRICE</PARAMETER>
       <REFERENCE>X</REFERENCE>
       <TYP>BC425_PRICE</TYP>
      </RSIMP>
     </IMPORT>
     <EXPORT>
      <RSEXP>
       <PARAMETER>EX_DISCOUNT_PRICE</PARAMETER>
       <REFERENCE>X</REFERENCE>
       <TYP>BC425_PRICE</TYP>
      </RSEXP>
     </EXPORT>
     <DOCUMENTATION>
      <RSFDO>
       <PARAMETER>IM_PRICE</PARAMETER>
       <KIND>P</KIND>
       <STEXT>Price</STEXT>
       <INDEX> 001</INDEX>
      </RSFDO>
      <RSFDO>
       <PARAMETER>EX_DISCOUNT_PRICE</PARAMETER>
       <KIND>P</KIND>
       <STEXT>Price</STEXT>
       <INDEX> 002</INDEX>
      </RSFDO>
     </DOCUMENTATION>
    </item>
   </FUNCTIONS>
  </asx:values>
 </asx:abap>
</abapGit>
