﻿<?xml version="1.0" encoding="utf-8"?>
<abapGit version="v1.0.0" serializer="LCL_OBJECT_PROG" serializer_version="v1.0.0">
 <asx:abap xmlns:asx="http://www.sap.com/abapxml" version="1.0">
  <asx:values>
   <PROGDIR>
    <NAME>ZBC425_CUSTOMER_BOOKINGS</NAME>
    <STATE>A</STATE>
    <VARCL>X</VARCL>
    <SUBC>1</SUBC>
    <RLOAD>E</RLOAD>
    <FIXPT>X</FIXPT>
    <UCCHECK>X</UCCHECK>
   </PROGDIR>
   <TPOOL>
    <item>
     <ID>H</ID>
     <KEY>001</KEY>
     <ENTRY>Fl. Conn No: Flight Date   Booking No   Booking Date</ENTRY>
     <LENGTH>52</LENGTH>
    </item>
    <item>
     <ID>I</ID>
     <KEY>NBF</KEY>
     <ENTRY>No bookings found for the customer</ENTRY>
     <LENGTH>45</LENGTH>
    </item>
    <item>
     <ID>R</ID>
     <ENTRY>Booking Display for Specified Customer ID</ENTRY>
     <LENGTH>70</LENGTH>
    </item>
    <item>
     <ID>S</ID>
     <KEY>CUSTOMID</KEY>
     <ENTRY>.</ENTRY>
     <LENGTH>20</LENGTH>
     <SPLIT>D</SPLIT>
    </item>
    <item>
     <ID>T</ID>
     <ENTRY>Bookings for Customer ID &amp;1......</ENTRY>
     <LENGTH>33</LENGTH>
    </item>
   </TPOOL>
   <I18N_TPOOL>
    <item>
     <LANGUAGE>D</LANGUAGE>
     <TEXTPOOL>
      <item>
       <ID>H</ID>
       <KEY>001</KEY>
       <ENTRY>FG  V-Nr  Flugdatum    Buch.Nr    Buch.Datum</ENTRY>
       <LENGTH>44</LENGTH>
      </item>
      <item>
       <ID>I</ID>
       <KEY>NBF</KEY>
       <ENTRY>Keine Buchungen zum Kunden vorhanden</ENTRY>
       <LENGTH>45</LENGTH>
      </item>
      <item>
       <ID>R</ID>
       <ENTRY>Buchungsanzeige zur angegebenen Kunden-Id</ENTRY>
       <LENGTH>41</LENGTH>
      </item>
      <item>
       <ID>S</ID>
       <KEY>CUSTOMID</KEY>
       <ENTRY>.</ENTRY>
       <LENGTH>20</LENGTH>
       <SPLIT>D</SPLIT>
      </item>
      <item>
       <ID>T</ID>
       <ENTRY>Buchungen zur Kunden-Id &amp;1......</ENTRY>
       <LENGTH>32</LENGTH>
      </item>
     </TEXTPOOL>
    </item>
   </I18N_TPOOL>
  </asx:values>
 </asx:abap>
</abapGit>
