﻿<?xml version="1.0" encoding="utf-8"?>
<abapGit version="v1.0.0" serializer="LCL_OBJECT_PROG" serializer_version="v1.0.0">
 <asx:abap xmlns:asx="http://www.sap.com/abapxml" version="1.0">
  <asx:values>
   <PROGDIR>
    <NAME>ZSAPBC425_BOOKING_00</NAME>
    <STATE>A</STATE>
    <VARCL>X</VARCL>
    <SUBC>1</SUBC>
    <APPL>*</APPL>
    <RSTAT>P</RSTAT>
    <RLOAD>D</RLOAD>
    <FIXPT>X</FIXPT>
    <UCCHECK>X</UCCHECK>
   </PROGDIR>
   <TPOOL>
    <item>
     <ID>H</ID>
     <KEY>001</KEY>
     <ENTRY>  Booking   Booking     Customer</ENTRY>
     <LENGTH>32</LENGTH>
    </item>
    <item>
     <ID>H</ID>
     <KEY>002</KEY>
     <ENTRY>  number    date        number</ENTRY>
     <LENGTH>30</LENGTH>
    </item>
    <item>
     <ID>I</ID>
     <KEY>003</KEY>
     <ENTRY>No booking data available</ENTRY>
     <LENGTH>35</LENGTH>
    </item>
    <item>
     <ID>I</ID>
     <KEY>AAA</KEY>
     <ENTRY>Flight connections</ENTRY>
     <LENGTH>25</LENGTH>
    </item>
    <item>
     <ID>R</ID>
     <ENTRY>Program SAPBC425_BOOKING_00</ENTRY>
     <LENGTH>28</LENGTH>
    </item>
    <item>
     <ID>S</ID>
     <KEY>SO_CAR</KEY>
     <ENTRY>Airline Carrier</ENTRY>
     <LENGTH>24</LENGTH>
    </item>
    <item>
     <ID>S</ID>
     <KEY>SO_CON</KEY>
     <ENTRY>Connection Number</ENTRY>
     <LENGTH>26</LENGTH>
    </item>
    <item>
     <ID>S</ID>
     <KEY>SO_FLD</KEY>
     <ENTRY>Flight Date</ENTRY>
     <LENGTH>19</LENGTH>
    </item>
    <item>
     <ID>T</ID>
     <ENTRY>Bookings per airline carrier</ENTRY>
     <LENGTH>30</LENGTH>
    </item>
   </TPOOL>
   <I18N_TPOOL>
    <item>
     <LANGUAGE>D</LANGUAGE>
     <TEXTPOOL>
      <item>
       <ID>H</ID>
       <KEY>001</KEY>
       <ENTRY>  Buchungs- Buchungs-   Kunden-</ENTRY>
       <LENGTH>31</LENGTH>
      </item>
      <item>
       <ID>H</ID>
       <KEY>002</KEY>
       <ENTRY>  nummer    datum       nummer</ENTRY>
       <LENGTH>30</LENGTH>
      </item>
      <item>
       <ID>I</ID>
       <KEY>003</KEY>
       <ENTRY>Keine Buchungsdaten vorhanden</ENTRY>
       <LENGTH>35</LENGTH>
      </item>
      <item>
       <ID>I</ID>
       <KEY>AAA</KEY>
       <ENTRY>Flugverbindungen</ENTRY>
       <LENGTH>25</LENGTH>
      </item>
      <item>
       <ID>R</ID>
       <ENTRY>Programm SAPBC425_BOOKING_00</ENTRY>
       <LENGTH>28</LENGTH>
      </item>
      <item>
       <ID>S</ID>
       <KEY>SO_CAR</KEY>
       <ENTRY>Fluggesellschaft</ENTRY>
       <LENGTH>24</LENGTH>
      </item>
      <item>
       <ID>S</ID>
       <KEY>SO_CON</KEY>
       <ENTRY>Verbindungsnummer</ENTRY>
       <LENGTH>26</LENGTH>
      </item>
      <item>
       <ID>S</ID>
       <KEY>SO_FLD</KEY>
       <ENTRY>Flugdatum</ENTRY>
       <LENGTH>17</LENGTH>
      </item>
      <item>
       <ID>T</ID>
       <ENTRY>Buchungen pro Fluggesellschaft</ENTRY>
       <LENGTH>30</LENGTH>
      </item>
     </TEXTPOOL>
    </item>
   </I18N_TPOOL>
  </asx:values>
 </asx:abap>
</abapGit>
