﻿<?xml version="1.0" encoding="utf-8"?>
<abapGit version="v1.0.0" serializer="LCL_OBJECT_PROG" serializer_version="v1.0.0">
 <asx:abap xmlns:asx="http://www.sap.com/abapxml" version="1.0">
  <asx:values>
   <PROGDIR>
    <NAME>ZSAPBC425_FLIGHT00</NAME>
    <STATE>A</STATE>
    <VARCL>X</VARCL>
    <SUBC>M</SUBC>
    <APPL>S</APPL>
    <RSTAT>P</RSTAT>
    <RLOAD>D</RLOAD>
    <FIXPT>X</FIXPT>
    <UCCHECK>X</UCCHECK>
   </PROGDIR>
   <DYNPROS>
    <item>
     <HEADER>
      <PROGRAM>ZSAPBC425_FLIGHT00</PROGRAM>
      <SCREEN>0100</SCREEN>
      <LANGUAGE>D</LANGUAGE>
      <DESCRIPT>Auswahl des Fluges</DESCRIPT>
      <TYPE>N</TYPE>
      <NEXTSCREEN>0100</NEXTSCREEN>
      <LINES>021</LINES>
      <COLUMNS>083</COLUMNS>
     </HEADER>
     <CONTAINERS>
      <RPY_DYCATT>
       <TYPE>SCREEN</TYPE>
       <NAME>SCREEN</NAME>
      </RPY_DYCATT>
     </CONTAINERS>
     <FIELDS>
      <RPY_DYFATC>
       <CONT_TYPE>SCREEN</CONT_TYPE>
       <CONT_NAME>SCREEN</CONT_NAME>
       <TYPE>TEXT</TYPE>
       <NAME>SFLIGHT-CARRID</NAME>
       <TEXT>Fluggesellschaft</TEXT>
       <LINE>003</LINE>
       <COLUMN>001</COLUMN>
       <LENGTH>016</LENGTH>
       <VISLENGTH>016</VISLENGTH>
       <HEIGHT>001</HEIGHT>
       <FORMAT>CHAR</FORMAT>
       <FROM_DICT>X</FROM_DICT>
       <MODIFIC>2</MODIFIC>
       <REQU_ENTRY>N</REQU_ENTRY>
       <LABELLEFT>X</LABELLEFT>
       <DICT_I_FKY>X</DICT_I_FKY>
      </RPY_DYFATC>
      <RPY_DYFATC>
       <CONT_TYPE>SCREEN</CONT_TYPE>
       <CONT_NAME>SCREEN</CONT_NAME>
       <TYPE>TEMPLATE</TYPE>
       <NAME>SFLIGHT-CARRID</NAME>
       <TEXT>___</TEXT>
       <LINE>003</LINE>
       <COLUMN>022</COLUMN>
       <LENGTH>003</LENGTH>
       <VISLENGTH>003</VISLENGTH>
       <HEIGHT>001</HEIGHT>
       <FORMAT>CHAR</FORMAT>
       <FROM_DICT>X</FROM_DICT>
       <PARAM_ID>CAR</PARAM_ID>
       <SET_PARAM>X</SET_PARAM>
       <GET_PARAM>X</GET_PARAM>
       <FOREIGNKEY>X</FOREIGNKEY>
       <INPUT_FLD>X</INPUT_FLD>
       <OUTPUT_FLD>X</OUTPUT_FLD>
       <REQU_ENTRY>O</REQU_ENTRY>
       <DICT_I_FKY>X</DICT_I_FKY>
      </RPY_DYFATC>
      <RPY_DYFATC>
       <CONT_TYPE>SCREEN</CONT_TYPE>
       <CONT_NAME>SCREEN</CONT_NAME>
       <TYPE>TEXT</TYPE>
       <NAME>SFLIGHT-CONNID</NAME>
       <TEXT>Flugnummer_____</TEXT>
       <LINE>004</LINE>
       <COLUMN>001</COLUMN>
       <LENGTH>015</LENGTH>
       <VISLENGTH>015</VISLENGTH>
       <HEIGHT>001</HEIGHT>
       <FORMAT>CHAR</FORMAT>
       <FROM_DICT>X</FROM_DICT>
       <MODIFIC>2</MODIFIC>
       <REQU_ENTRY>N</REQU_ENTRY>
       <LABELLEFT>X</LABELLEFT>
       <DICT_I_FKY>X</DICT_I_FKY>
      </RPY_DYFATC>
      <RPY_DYFATC>
       <CONT_TYPE>SCREEN</CONT_TYPE>
       <CONT_NAME>SCREEN</CONT_NAME>
       <TYPE>TEMPLATE</TYPE>
       <NAME>SFLIGHT-CONNID</NAME>
       <TEXT>____</TEXT>
       <LINE>004</LINE>
       <COLUMN>022</COLUMN>
       <LENGTH>004</LENGTH>
       <VISLENGTH>004</VISLENGTH>
       <HEIGHT>001</HEIGHT>
       <FORMAT>NUMC</FORMAT>
       <FROM_DICT>X</FROM_DICT>
       <PARAM_ID>CON</PARAM_ID>
       <SET_PARAM>X</SET_PARAM>
       <GET_PARAM>X</GET_PARAM>
       <FOREIGNKEY>X</FOREIGNKEY>
       <INPUT_FLD>X</INPUT_FLD>
       <OUTPUT_FLD>X</OUTPUT_FLD>
       <REQU_ENTRY>O</REQU_ENTRY>
       <DICT_I_FKY>X</DICT_I_FKY>
      </RPY_DYFATC>
      <RPY_DYFATC>
       <CONT_TYPE>SCREEN</CONT_TYPE>
       <CONT_NAME>SCREEN</CONT_NAME>
       <TYPE>TEXT</TYPE>
       <NAME>SFLIGHT-FLDATE</NAME>
       <TEXT>Flugdatum</TEXT>
       <LINE>005</LINE>
       <COLUMN>001</COLUMN>
       <LENGTH>009</LENGTH>
       <VISLENGTH>009</VISLENGTH>
       <HEIGHT>001</HEIGHT>
       <FORMAT>CHAR</FORMAT>
       <FROM_DICT>X</FROM_DICT>
       <MODIFIC>2</MODIFIC>
       <REQU_ENTRY>N</REQU_ENTRY>
       <LABELLEFT>X</LABELLEFT>
      </RPY_DYFATC>
      <RPY_DYFATC>
       <CONT_TYPE>SCREEN</CONT_TYPE>
       <CONT_NAME>SCREEN</CONT_NAME>
       <TYPE>TEMPLATE</TYPE>
       <NAME>SFLIGHT-FLDATE</NAME>
       <TEXT>__________</TEXT>
       <LINE>005</LINE>
       <COLUMN>022</COLUMN>
       <LENGTH>010</LENGTH>
       <VISLENGTH>010</VISLENGTH>
       <HEIGHT>001</HEIGHT>
       <FORMAT>DATS</FORMAT>
       <FROM_DICT>X</FROM_DICT>
       <PARAM_ID>DAY</PARAM_ID>
       <SET_PARAM>X</SET_PARAM>
       <GET_PARAM>X</GET_PARAM>
       <INPUT_FLD>X</INPUT_FLD>
       <OUTPUT_FLD>X</OUTPUT_FLD>
       <REQU_ENTRY>O</REQU_ENTRY>
      </RPY_DYFATC>
      <RPY_DYFATC>
       <CONT_TYPE>SCREEN</CONT_TYPE>
       <CONT_NAME>SCREEN</CONT_NAME>
       <TYPE>OKCODE</TYPE>
       <NAME>OK_CODE</NAME>
       <TEXT>____________________</TEXT>
       <LENGTH>020</LENGTH>
       <VISLENGTH>020</VISLENGTH>
       <HEIGHT>001</HEIGHT>
       <FORMAT>CHAR</FORMAT>
       <INPUT_FLD>X</INPUT_FLD>
      </RPY_DYFATC>
     </FIELDS>
     <FLOW_LOGIC>
      <RPY_DYFLOW>
       <LINE>process before output.</LINE>
      </RPY_DYFLOW>
      <RPY_DYFLOW/>
      <RPY_DYFLOW>
       <LINE>module status_0100.</LINE>
      </RPY_DYFLOW>
      <RPY_DYFLOW/>
      <RPY_DYFLOW>
       <LINE>module initialize.</LINE>
      </RPY_DYFLOW>
      <RPY_DYFLOW/>
      <RPY_DYFLOW/>
      <RPY_DYFLOW>
       <LINE>process after input.</LINE>
      </RPY_DYFLOW>
      <RPY_DYFLOW/>
      <RPY_DYFLOW>
       <LINE>module cancel_exit at exit-command.</LINE>
      </RPY_DYFLOW>
      <RPY_DYFLOW/>
      <RPY_DYFLOW>
       <LINE>module save_ok_code.</LINE>
      </RPY_DYFLOW>
      <RPY_DYFLOW/>
      <RPY_DYFLOW>
       <LINE>chain.</LINE>
      </RPY_DYFLOW>
      <RPY_DYFLOW>
       <LINE>field: sflight-carrid,</LINE>
      </RPY_DYFLOW>
      <RPY_DYFLOW>
       <LINE>sflight-connid,</LINE>
      </RPY_DYFLOW>
      <RPY_DYFLOW>
       <LINE>sflight-fldate.</LINE>
      </RPY_DYFLOW>
      <RPY_DYFLOW>
       <LINE>module cust_check.</LINE>
      </RPY_DYFLOW>
      <RPY_DYFLOW>
       <LINE>endchain.</LINE>
      </RPY_DYFLOW>
      <RPY_DYFLOW/>
      <RPY_DYFLOW>
       <LINE>field sflight-fldate module read_sflight.</LINE>
      </RPY_DYFLOW>
      <RPY_DYFLOW/>
      <RPY_DYFLOW>
       <LINE>module user_command_0100.</LINE>
      </RPY_DYFLOW>
     </FLOW_LOGIC>
     <SPACES>
      <item>0</item>
      <item>0</item>
      <item>2</item>
      <item>0</item>
      <item>2</item>
      <item>0</item>
      <item>0</item>
      <item>0</item>
      <item>0</item>
      <item>2</item>
      <item>0</item>
      <item>2</item>
      <item>0</item>
      <item>2</item>
      <item>4</item>
      <item>11</item>
      <item>11</item>
      <item>4</item>
      <item>2</item>
      <item>0</item>
      <item>2</item>
      <item>0</item>
      <item>2</item>
     </SPACES>
    </item>
    <item>
     <HEADER>
      <PROGRAM>ZSAPBC425_FLIGHT00</PROGRAM>
      <SCREEN>0200</SCREEN>
      <LANGUAGE>D</LANGUAGE>
      <DESCRIPT>Anzeige der Flugdaten</DESCRIPT>
      <TYPE>N</TYPE>
      <NEXTSCREEN>0200</NEXTSCREEN>
      <LINES>021</LINES>
      <COLUMNS>083</COLUMNS>
     </HEADER>
     <CONTAINERS>
      <RPY_DYCATT>
       <TYPE>SCREEN</TYPE>
       <NAME>SCREEN</NAME>
      </RPY_DYCATT>
      <RPY_DYCATT>
       <TYPE>SUBSCREEN</TYPE>
       <NAME>SUB</NAME>
       <ELEMENT_OF>SCREEN</ELEMENT_OF>
       <LINE>011</LINE>
       <COLUMN>002</COLUMN>
       <LENGTH>062</LENGTH>
       <HEIGHT>003</HEIGHT>
      </RPY_DYCATT>
     </CONTAINERS>
     <FIELDS>
      <RPY_DYFATC>
       <CONT_TYPE>SCREEN</CONT_TYPE>
       <CONT_NAME>SCREEN</CONT_NAME>
       <TYPE>TEXT</TYPE>
       <NAME>SFLIGHT-CARRID</NAME>
       <TEXT>Fluggesellschaft</TEXT>
       <LINE>001</LINE>
       <COLUMN>001</COLUMN>
       <LENGTH>016</LENGTH>
       <VISLENGTH>016</VISLENGTH>
       <HEIGHT>001</HEIGHT>
       <FORMAT>CHAR</FORMAT>
       <FROM_DICT>X</FROM_DICT>
       <MODIFIC>2</MODIFIC>
       <REQU_ENTRY>N</REQU_ENTRY>
       <LABELLEFT>X</LABELLEFT>
       <DICT_I_FKY>X</DICT_I_FKY>
      </RPY_DYFATC>
      <RPY_DYFATC>
       <CONT_TYPE>SCREEN</CONT_TYPE>
       <CONT_NAME>SCREEN</CONT_NAME>
       <TYPE>TEMPLATE</TYPE>
       <NAME>SFLIGHT-CARRID</NAME>
       <TEXT>___</TEXT>
       <LINE>001</LINE>
       <COLUMN>022</COLUMN>
       <LENGTH>003</LENGTH>
       <VISLENGTH>003</VISLENGTH>
       <HEIGHT>001</HEIGHT>
       <FORMAT>CHAR</FORMAT>
       <FROM_DICT>X</FROM_DICT>
       <PARAM_ID>CAR</PARAM_ID>
       <FOREIGNKEY>X</FOREIGNKEY>
       <OUTPUT_FLD>X</OUTPUT_FLD>
       <REQU_ENTRY>N</REQU_ENTRY>
       <DICT_I_FKY>X</DICT_I_FKY>
      </RPY_DYFATC>
      <RPY_DYFATC>
       <CONT_TYPE>SCREEN</CONT_TYPE>
       <CONT_NAME>SCREEN</CONT_NAME>
       <TYPE>TEXT</TYPE>
       <NAME>SFLIGHT-CONNID</NAME>
       <TEXT>Flugnummer_____</TEXT>
       <LINE>002</LINE>
       <COLUMN>001</COLUMN>
       <LENGTH>015</LENGTH>
       <VISLENGTH>015</VISLENGTH>
       <HEIGHT>001</HEIGHT>
       <FORMAT>CHAR</FORMAT>
       <FROM_DICT>X</FROM_DICT>
       <MODIFIC>2</MODIFIC>
       <REQU_ENTRY>N</REQU_ENTRY>
       <LABELLEFT>X</LABELLEFT>
       <DICT_I_FKY>X</DICT_I_FKY>
      </RPY_DYFATC>
      <RPY_DYFATC>
       <CONT_TYPE>SCREEN</CONT_TYPE>
       <CONT_NAME>SCREEN</CONT_NAME>
       <TYPE>TEMPLATE</TYPE>
       <NAME>SFLIGHT-CONNID</NAME>
       <TEXT>____</TEXT>
       <LINE>002</LINE>
       <COLUMN>022</COLUMN>
       <LENGTH>004</LENGTH>
       <VISLENGTH>004</VISLENGTH>
       <HEIGHT>001</HEIGHT>
       <FORMAT>NUMC</FORMAT>
       <FROM_DICT>X</FROM_DICT>
       <PARAM_ID>CON</PARAM_ID>
       <FOREIGNKEY>X</FOREIGNKEY>
       <OUTPUT_FLD>X</OUTPUT_FLD>
       <REQU_ENTRY>N</REQU_ENTRY>
       <DICT_I_FKY>X</DICT_I_FKY>
      </RPY_DYFATC>
      <RPY_DYFATC>
       <CONT_TYPE>SCREEN</CONT_TYPE>
       <CONT_NAME>SCREEN</CONT_NAME>
       <TYPE>TEXT</TYPE>
       <NAME>SFLIGHT-FLDATE</NAME>
       <TEXT>Flugdatum</TEXT>
       <LINE>003</LINE>
       <COLUMN>001</COLUMN>
       <LENGTH>009</LENGTH>
       <VISLENGTH>009</VISLENGTH>
       <HEIGHT>001</HEIGHT>
       <FORMAT>CHAR</FORMAT>
       <FROM_DICT>X</FROM_DICT>
       <MODIFIC>2</MODIFIC>
       <REQU_ENTRY>N</REQU_ENTRY>
       <LABELLEFT>X</LABELLEFT>
      </RPY_DYFATC>
      <RPY_DYFATC>
       <CONT_TYPE>SCREEN</CONT_TYPE>
       <CONT_NAME>SCREEN</CONT_NAME>
       <TYPE>TEMPLATE</TYPE>
       <NAME>SFLIGHT-FLDATE</NAME>
       <TEXT>__________</TEXT>
       <LINE>003</LINE>
       <COLUMN>022</COLUMN>
       <LENGTH>010</LENGTH>
       <VISLENGTH>010</VISLENGTH>
       <HEIGHT>001</HEIGHT>
       <FORMAT>DATS</FORMAT>
       <FROM_DICT>X</FROM_DICT>
       <PARAM_ID>DAY</PARAM_ID>
       <FOREIGNKEY>X</FOREIGNKEY>
       <OUTPUT_FLD>X</OUTPUT_FLD>
       <REQU_ENTRY>N</REQU_ENTRY>
      </RPY_DYFATC>
      <RPY_DYFATC>
       <CONT_TYPE>SCREEN</CONT_TYPE>
       <CONT_NAME>SCREEN</CONT_NAME>
       <TYPE>FRAME</TYPE>
       <NAME>%_AUTOTEXT002</NAME>
       <TEXT>Informationen_zum_Flug____________________________________________</TEXT>
       <LINE>005</LINE>
       <COLUMN>001</COLUMN>
       <LENGTH>067</LENGTH>
       <VISLENGTH>067</VISLENGTH>
       <HEIGHT>010</HEIGHT>
       <FORMAT>CHAR</FORMAT>
       <REQU_ENTRY>N</REQU_ENTRY>
      </RPY_DYFATC>
      <RPY_DYFATC>
       <CONT_TYPE>SCREEN</CONT_TYPE>
       <CONT_NAME>SCREEN</CONT_NAME>
       <TYPE>TEXT</TYPE>
       <NAME>SFLIGHT-PRICE</NAME>
       <TEXT>Flugpreis</TEXT>
       <LINE>006</LINE>
       <COLUMN>002</COLUMN>
       <LENGTH>009</LENGTH>
       <VISLENGTH>009</VISLENGTH>
       <HEIGHT>001</HEIGHT>
       <FORMAT>CHAR</FORMAT>
       <FROM_DICT>X</FROM_DICT>
       <MODIFIC>2</MODIFIC>
       <REQU_ENTRY>N</REQU_ENTRY>
       <LABELLEFT>X</LABELLEFT>
      </RPY_DYFATC>
      <RPY_DYFATC>
       <CONT_TYPE>SCREEN</CONT_TYPE>
       <CONT_NAME>SCREEN</CONT_NAME>
       <TYPE>TEMPLATE</TYPE>
       <NAME>SFLIGHT-PRICE</NAME>
       <TEXT>____________________</TEXT>
       <LINE>006</LINE>
       <COLUMN>026</COLUMN>
       <LENGTH>020</LENGTH>
       <VISLENGTH>020</VISLENGTH>
       <HEIGHT>001</HEIGHT>
       <FORMAT>CURR</FORMAT>
       <FROM_DICT>X</FROM_DICT>
       <FOREIGNKEY>X</FOREIGNKEY>
       <OUTPUT_FLD>X</OUTPUT_FLD>
       <REQU_ENTRY>N</REQU_ENTRY>
       <REF_FIELD>SFLIGHT-CURRENCY</REF_FIELD>
      </RPY_DYFATC>
      <RPY_DYFATC>
       <CONT_TYPE>SCREEN</CONT_TYPE>
       <CONT_NAME>SCREEN</CONT_NAME>
       <TYPE>TEXT</TYPE>
       <NAME>SFLIGHT-CURRENCY</NAME>
       <TEXT>Währ._d._Flugg._</TEXT>
       <LINE>007</LINE>
       <COLUMN>002</COLUMN>
       <LENGTH>016</LENGTH>
       <VISLENGTH>016</VISLENGTH>
       <HEIGHT>001</HEIGHT>
       <FORMAT>CHAR</FORMAT>
       <FROM_DICT>X</FROM_DICT>
       <MODIFIC>2</MODIFIC>
       <REQU_ENTRY>N</REQU_ENTRY>
       <LABELLEFT>X</LABELLEFT>
       <DICT_I_FKY>X</DICT_I_FKY>
      </RPY_DYFATC>
      <RPY_DYFATC>
       <CONT_TYPE>SCREEN</CONT_TYPE>
       <CONT_NAME>SCREEN</CONT_NAME>
       <TYPE>TEMPLATE</TYPE>
       <NAME>SFLIGHT-CURRENCY</NAME>
       <TEXT>_____</TEXT>
       <LINE>007</LINE>
       <COLUMN>026</COLUMN>
       <LENGTH>005</LENGTH>
       <VISLENGTH>005</VISLENGTH>
       <HEIGHT>001</HEIGHT>
       <FORMAT>CUKY</FORMAT>
       <FROM_DICT>X</FROM_DICT>
       <FOREIGNKEY>X</FOREIGNKEY>
       <OUTPUT_FLD>X</OUTPUT_FLD>
       <REQU_ENTRY>N</REQU_ENTRY>
       <DICT_I_FKY>X</DICT_I_FKY>
      </RPY_DYFATC>
      <RPY_DYFATC>
       <CONT_TYPE>SCREEN</CONT_TYPE>
       <CONT_NAME>SCREEN</CONT_NAME>
       <TYPE>TEXT</TYPE>
       <NAME>SFLIGHT-PLANETYPE</NAME>
       <TEXT>Flugzeugtyp</TEXT>
       <LINE>008</LINE>
       <COLUMN>002</COLUMN>
       <LENGTH>011</LENGTH>
       <VISLENGTH>011</VISLENGTH>
       <HEIGHT>001</HEIGHT>
       <FORMAT>CHAR</FORMAT>
       <FROM_DICT>X</FROM_DICT>
       <MODIFIC>2</MODIFIC>
       <REQU_ENTRY>N</REQU_ENTRY>
       <LABELLEFT>X</LABELLEFT>
       <DICT_I_FKY>X</DICT_I_FKY>
      </RPY_DYFATC>
      <RPY_DYFATC>
       <CONT_TYPE>SCREEN</CONT_TYPE>
       <CONT_NAME>SCREEN</CONT_NAME>
       <TYPE>TEMPLATE</TYPE>
       <NAME>SFLIGHT-PLANETYPE</NAME>
       <TEXT>__________</TEXT>
       <LINE>008</LINE>
       <COLUMN>026</COLUMN>
       <LENGTH>010</LENGTH>
       <VISLENGTH>010</VISLENGTH>
       <HEIGHT>001</HEIGHT>
       <FORMAT>CHAR</FORMAT>
       <FROM_DICT>X</FROM_DICT>
       <FOREIGNKEY>X</FOREIGNKEY>
       <OUTPUT_FLD>X</OUTPUT_FLD>
       <REQU_ENTRY>N</REQU_ENTRY>
       <DICT_I_FKY>X</DICT_I_FKY>
      </RPY_DYFATC>
      <RPY_DYFATC>
       <CONT_TYPE>SCREEN</CONT_TYPE>
       <CONT_NAME>SCREEN</CONT_NAME>
       <TYPE>TEXT</TYPE>
       <NAME>SFLIGHT-SEATSMAX</NAME>
       <TEXT>Max._Belegung_Eco.__</TEXT>
       <LINE>009</LINE>
       <COLUMN>002</COLUMN>
       <LENGTH>020</LENGTH>
       <VISLENGTH>020</VISLENGTH>
       <HEIGHT>001</HEIGHT>
       <FORMAT>CHAR</FORMAT>
       <FROM_DICT>X</FROM_DICT>
       <MODIFIC>2</MODIFIC>
       <REQU_ENTRY>N</REQU_ENTRY>
       <LABELLEFT>X</LABELLEFT>
      </RPY_DYFATC>
      <RPY_DYFATC>
       <CONT_TYPE>SCREEN</CONT_TYPE>
       <CONT_NAME>SCREEN</CONT_NAME>
       <TYPE>TEMPLATE</TYPE>
       <NAME>SFLIGHT-SEATSMAX</NAME>
       <TEXT>__________</TEXT>
       <LINE>009</LINE>
       <COLUMN>026</COLUMN>
       <LENGTH>010</LENGTH>
       <VISLENGTH>010</VISLENGTH>
       <HEIGHT>001</HEIGHT>
       <FORMAT>INT4</FORMAT>
       <FROM_DICT>X</FROM_DICT>
       <FOREIGNKEY>X</FOREIGNKEY>
       <OUTPUT_FLD>X</OUTPUT_FLD>
       <REQU_ENTRY>N</REQU_ENTRY>
       <DICT_I_VAL>X</DICT_I_VAL>
      </RPY_DYFATC>
      <RPY_DYFATC>
       <CONT_TYPE>SCREEN</CONT_TYPE>
       <CONT_NAME>SCREEN</CONT_NAME>
       <TYPE>TEXT</TYPE>
       <NAME>SFLIGHT-SEATSOCC</NAME>
       <TEXT>Belegung_Eco.__</TEXT>
       <LINE>010</LINE>
       <COLUMN>002</COLUMN>
       <LENGTH>015</LENGTH>
       <VISLENGTH>015</VISLENGTH>
       <HEIGHT>001</HEIGHT>
       <FORMAT>CHAR</FORMAT>
       <FROM_DICT>X</FROM_DICT>
       <MODIFIC>2</MODIFIC>
       <REQU_ENTRY>N</REQU_ENTRY>
       <LABELLEFT>X</LABELLEFT>
      </RPY_DYFATC>
      <RPY_DYFATC>
       <CONT_TYPE>SCREEN</CONT_TYPE>
       <CONT_NAME>SCREEN</CONT_NAME>
       <TYPE>TEMPLATE</TYPE>
       <NAME>SFLIGHT-SEATSOCC</NAME>
       <TEXT>__________</TEXT>
       <LINE>010</LINE>
       <COLUMN>026</COLUMN>
       <LENGTH>010</LENGTH>
       <VISLENGTH>010</VISLENGTH>
       <HEIGHT>001</HEIGHT>
       <FORMAT>INT4</FORMAT>
       <FROM_DICT>X</FROM_DICT>
       <FOREIGNKEY>X</FOREIGNKEY>
       <OUTPUT_FLD>X</OUTPUT_FLD>
       <REQU_ENTRY>N</REQU_ENTRY>
       <DICT_I_VAL>X</DICT_I_VAL>
      </RPY_DYFATC>
      <RPY_DYFATC>
       <CONT_TYPE>SCREEN</CONT_TYPE>
       <CONT_NAME>SCREEN</CONT_NAME>
       <TYPE>OKCODE</TYPE>
       <NAME>OK_CODE</NAME>
       <TEXT>____________________</TEXT>
       <LENGTH>020</LENGTH>
       <VISLENGTH>020</VISLENGTH>
       <HEIGHT>001</HEIGHT>
       <FORMAT>CHAR</FORMAT>
       <INPUT_FLD>X</INPUT_FLD>
      </RPY_DYFATC>
     </FIELDS>
     <FLOW_LOGIC>
      <RPY_DYFLOW>
       <LINE>process before output.</LINE>
      </RPY_DYFLOW>
      <RPY_DYFLOW/>
      <RPY_DYFLOW>
       <LINE>module status_0200.</LINE>
      </RPY_DYFLOW>
      <RPY_DYFLOW/>
      <RPY_DYFLOW>
       <LINE>module lock_data.</LINE>
      </RPY_DYFLOW>
      <RPY_DYFLOW/>
      <RPY_DYFLOW>
       <LINE>module data_for_subscreen.</LINE>
      </RPY_DYFLOW>
      <RPY_DYFLOW/>
      <RPY_DYFLOW>
       <LINE>call customer-subscreen sub including &apos;SAPLXBC425G00&apos; &apos;0500&apos;.</LINE>
      </RPY_DYFLOW>
      <RPY_DYFLOW/>
      <RPY_DYFLOW>
       <LINE>process after input.</LINE>
      </RPY_DYFLOW>
      <RPY_DYFLOW/>
      <RPY_DYFLOW>
       <LINE>module cancel_exit at exit-command.</LINE>
      </RPY_DYFLOW>
      <RPY_DYFLOW/>
      <RPY_DYFLOW>
       <LINE>module save_ok_code.</LINE>
      </RPY_DYFLOW>
      <RPY_DYFLOW/>
      <RPY_DYFLOW>
       <LINE>call customer-subscreen sub.</LINE>
      </RPY_DYFLOW>
      <RPY_DYFLOW/>
      <RPY_DYFLOW>
       <LINE>module user_command_0200.</LINE>
      </RPY_DYFLOW>
      <RPY_DYFLOW/>
     </FLOW_LOGIC>
     <SPACES>
      <item>0</item>
      <item>0</item>
      <item>2</item>
      <item>0</item>
      <item>2</item>
      <item>0</item>
      <item>2</item>
      <item>0</item>
      <item>2</item>
      <item>0</item>
      <item>0</item>
      <item>0</item>
      <item>2</item>
      <item>0</item>
      <item>2</item>
      <item>0</item>
      <item>2</item>
      <item>0</item>
      <item>2</item>
      <item>0</item>
     </SPACES>
    </item>
   </DYNPROS>
   <CUA>
    <ADM>
     <ACTCODE>0001</ACTCODE>
     <MENCODE>0005</MENCODE>
     <PFKCODE>0001</PFKCODE>
    </ADM>
    <STA>
     <RSMPE_STAT>
      <CODE>BASE</CODE>
      <MODAL>D</MODAL>
      <ACTCODE>0001</ACTCODE>
      <PFKCODE>0001</PFKCODE>
      <BUTCODE>0001</BUTCODE>
      <INT_NOTE>Set status</INT_NOTE>
     </RSMPE_STAT>
    </STA>
    <FUN>
     <RSMPE_FUNT>
      <CODE>+EXT</CODE>
      <TEXTNO>01</TEXTNO>
      <MODIF>X</MODIF>
      <TEXT_TYPE>S</TEXT_TYPE>
      <FUN_TEXT>Customer function</FUN_TEXT>
      <PATH>C</PATH>
     </RSMPE_FUNT>
     <RSMPE_FUNT>
      <CODE>BACK</CODE>
      <TEXTNO>01</TEXTNO>
      <TEXT_TYPE>S</TEXT_TYPE>
      <FUN_TEXT>Back</FUN_TEXT>
      <PATH>B</PATH>
     </RSMPE_FUNT>
     <RSMPE_FUNT>
      <CODE>CANC</CODE>
      <TEXTNO>01</TEXTNO>
      <TYPE>E</TYPE>
      <TEXT_TYPE>S</TEXT_TYPE>
      <FUN_TEXT>Cancel</FUN_TEXT>
      <PATH>A</PATH>
     </RSMPE_FUNT>
     <RSMPE_FUNT>
      <CODE>EXIT</CODE>
      <TEXTNO>01</TEXTNO>
      <TYPE>E</TYPE>
      <TEXT_TYPE>S</TEXT_TYPE>
      <FUN_TEXT>Exit</FUN_TEXT>
      <PATH>X</PATH>
     </RSMPE_FUNT>
     <RSMPE_FUNT>
      <CODE>MORE</CODE>
      <TEXTNO>01</TEXTNO>
      <TEXT_TYPE>S</TEXT_TYPE>
      <TEXT_NAME>ICON_DISPLAY</TEXT_NAME>
      <ICON_ID>@10@</ICON_ID>
      <FUN_TEXT>Display</FUN_TEXT>
      <PATH>D</PATH>
     </RSMPE_FUNT>
     <RSMPE_FUNT>
      <CODE>SAVE</CODE>
      <TEXTNO>001</TEXTNO>
      <TEXT_TYPE>S</TEXT_TYPE>
      <FUN_TEXT>Save</FUN_TEXT>
      <PATH>S</PATH>
     </RSMPE_FUNT>
    </FUN>
    <MEN>
     <RSMPE_MEN>
      <CODE>0001</CODE>
      <NO>01</NO>
      <REF_TYPE>F</REF_TYPE>
      <REF_CODE>&lt;01&gt;</REF_CODE>
     </RSMPE_MEN>
     <RSMPE_MEN>
      <CODE>0001</CODE>
      <NO>02</NO>
      <REF_TYPE>F</REF_TYPE>
      <REF_CODE>&lt;02&gt;</REF_CODE>
     </RSMPE_MEN>
     <RSMPE_MEN>
      <CODE>0001</CODE>
      <NO>03</NO>
      <REF_TYPE>F</REF_TYPE>
      <REF_CODE>&lt;03&gt;</REF_CODE>
     </RSMPE_MEN>
     <RSMPE_MEN>
      <CODE>0001</CODE>
      <NO>04</NO>
      <REF_TYPE>F</REF_TYPE>
      <REF_CODE>MORE</REF_CODE>
      <REF_NO>01</REF_NO>
     </RSMPE_MEN>
     <RSMPE_MEN>
      <CODE>0001</CODE>
      <NO>05</NO>
      <REF_TYPE>F</REF_TYPE>
      <REF_CODE>&lt;05&gt;</REF_CODE>
     </RSMPE_MEN>
     <RSMPE_MEN>
      <CODE>0001</CODE>
      <NO>06</NO>
      <REF_TYPE>F</REF_TYPE>
      <REF_CODE>&lt;S1&gt;</REF_CODE>
     </RSMPE_MEN>
     <RSMPE_MEN>
      <CODE>0001</CODE>
      <NO>07</NO>
      <REF_TYPE>F</REF_TYPE>
      <REF_CODE>SAVE</REF_CODE>
      <REF_NO>001</REF_NO>
     </RSMPE_MEN>
     <RSMPE_MEN>
      <CODE>0001</CODE>
      <NO>08</NO>
      <REF_TYPE>F</REF_TYPE>
      <REF_CODE>&lt;S1&gt;</REF_CODE>
     </RSMPE_MEN>
     <RSMPE_MEN>
      <CODE>0001</CODE>
      <NO>09</NO>
      <REF_TYPE>F</REF_TYPE>
      <REF_CODE>&lt;09&gt;</REF_CODE>
     </RSMPE_MEN>
     <RSMPE_MEN>
      <CODE>0001</CODE>
      <NO>10</NO>
      <REF_TYPE>F</REF_TYPE>
      <REF_CODE>&lt;S1&gt;</REF_CODE>
     </RSMPE_MEN>
     <RSMPE_MEN>
      <CODE>0001</CODE>
      <NO>11</NO>
      <REF_TYPE>F</REF_TYPE>
      <REF_CODE>&lt;10&gt;</REF_CODE>
     </RSMPE_MEN>
     <RSMPE_MEN>
      <CODE>0001</CODE>
      <NO>12</NO>
      <REF_TYPE>F</REF_TYPE>
      <REF_CODE>EXIT</REF_CODE>
      <REF_NO>01</REF_NO>
     </RSMPE_MEN>
     <RSMPE_MEN>
      <CODE>0002</CODE>
      <NO>01</NO>
      <REF_TYPE>F</REF_TYPE>
      <REF_CODE>&lt;12&gt;</REF_CODE>
     </RSMPE_MEN>
     <RSMPE_MEN>
      <CODE>0002</CODE>
      <NO>02</NO>
      <REF_TYPE>F</REF_TYPE>
      <REF_CODE>&lt;13&gt;</REF_CODE>
     </RSMPE_MEN>
     <RSMPE_MEN>
      <CODE>0002</CODE>
      <NO>03</NO>
      <REF_TYPE>F</REF_TYPE>
      <REF_CODE>&lt;24&gt;</REF_CODE>
     </RSMPE_MEN>
     <RSMPE_MEN>
      <CODE>0002</CODE>
      <NO>04</NO>
      <REF_TYPE>F</REF_TYPE>
      <REF_CODE>&lt;14&gt;</REF_CODE>
     </RSMPE_MEN>
     <RSMPE_MEN>
      <CODE>0002</CODE>
      <NO>05</NO>
      <REF_TYPE>F</REF_TYPE>
      <REF_CODE>&lt;S1&gt;</REF_CODE>
     </RSMPE_MEN>
     <RSMPE_MEN>
      <CODE>0002</CODE>
      <NO>06</NO>
      <REF_TYPE>F</REF_TYPE>
      <REF_CODE>&lt;16&gt;</REF_CODE>
     </RSMPE_MEN>
     <RSMPE_MEN>
      <CODE>0002</CODE>
      <NO>07</NO>
      <REF_TYPE>F</REF_TYPE>
      <REF_CODE>&lt;17&gt;</REF_CODE>
     </RSMPE_MEN>
     <RSMPE_MEN>
      <CODE>0002</CODE>
      <NO>08</NO>
      <REF_TYPE>F</REF_TYPE>
      <REF_CODE>&lt;18&gt;</REF_CODE>
     </RSMPE_MEN>
     <RSMPE_MEN>
      <CODE>0002</CODE>
      <NO>09</NO>
      <REF_TYPE>F</REF_TYPE>
      <REF_CODE>&lt;S1&gt;</REF_CODE>
     </RSMPE_MEN>
     <RSMPE_MEN>
      <CODE>0002</CODE>
      <NO>10</NO>
      <REF_TYPE>F</REF_TYPE>
      <REF_CODE>&lt;26&gt;</REF_CODE>
     </RSMPE_MEN>
     <RSMPE_MEN>
      <CODE>0002</CODE>
      <NO>11</NO>
      <REF_TYPE>F</REF_TYPE>
      <REF_CODE>&lt;27&gt;</REF_CODE>
     </RSMPE_MEN>
     <RSMPE_MEN>
      <CODE>0002</CODE>
      <NO>12</NO>
      <REF_TYPE>F</REF_TYPE>
      <REF_CODE>&lt;20&gt;</REF_CODE>
     </RSMPE_MEN>
     <RSMPE_MEN>
      <CODE>0002</CODE>
      <NO>13</NO>
      <REF_TYPE>F</REF_TYPE>
      <REF_CODE>&lt;S1&gt;</REF_CODE>
     </RSMPE_MEN>
     <RSMPE_MEN>
      <CODE>0002</CODE>
      <NO>14</NO>
      <REF_TYPE>F</REF_TYPE>
      <REF_CODE>CANC</REF_CODE>
      <REF_NO>01</REF_NO>
     </RSMPE_MEN>
     <RSMPE_MEN>
      <CODE>0003</CODE>
      <NO>01</NO>
      <REF_TYPE>F</REF_TYPE>
      <REF_CODE>+EXT</REF_CODE>
      <REF_NO>01</REF_NO>
     </RSMPE_MEN>
     <RSMPE_MEN>
      <CODE>0003</CODE>
      <NO>02</NO>
      <REF_TYPE>F</REF_TYPE>
      <REF_CODE>BACK</REF_CODE>
      <REF_NO>01</REF_NO>
     </RSMPE_MEN>
    </MEN>
    <MTX>
     <RSMPE_MNLT>
      <CODE>0001</CODE>
      <TEXT_TYPE>S</TEXT_TYPE>
      <TEXT>Flight data</TEXT>
      <PATH>F</PATH>
     </RSMPE_MNLT>
     <RSMPE_MNLT>
      <CODE>0002</CODE>
      <TEXT_TYPE>S</TEXT_TYPE>
      <TEXT>Edit</TEXT>
      <PATH>E</PATH>
     </RSMPE_MNLT>
     <RSMPE_MNLT>
      <CODE>0003</CODE>
      <TEXT_TYPE>S</TEXT_TYPE>
      <TEXT>Goto</TEXT>
      <PATH>G</PATH>
     </RSMPE_MNLT>
     <RSMPE_MNLT>
      <CODE>0004</CODE>
      <TEXT_TYPE>S</TEXT_TYPE>
      <TEXT>Extras</TEXT>
      <PATH>X</PATH>
     </RSMPE_MNLT>
     <RSMPE_MNLT>
      <CODE>0005</CODE>
      <TEXT_TYPE>S</TEXT_TYPE>
      <TEXT>Environment</TEXT>
      <PATH>N</PATH>
     </RSMPE_MNLT>
    </MTX>
    <ACT>
     <RSMPE_ACT>
      <CODE>0001</CODE>
      <NO>01</NO>
      <MENUCODE>0001</MENUCODE>
     </RSMPE_ACT>
     <RSMPE_ACT>
      <CODE>0001</CODE>
      <NO>02</NO>
      <MENUCODE>0002</MENUCODE>
     </RSMPE_ACT>
     <RSMPE_ACT>
      <CODE>0001</CODE>
      <NO>03</NO>
      <MENUCODE>0003</MENUCODE>
     </RSMPE_ACT>
     <RSMPE_ACT>
      <CODE>0001</CODE>
      <NO>04</NO>
      <MENUCODE>0004</MENUCODE>
     </RSMPE_ACT>
     <RSMPE_ACT>
      <CODE>0001</CODE>
      <NO>05</NO>
      <MENUCODE>0005</MENUCODE>
     </RSMPE_ACT>
    </ACT>
    <BUT>
     <RSMPE_BUT>
      <PFK_CODE>0001</PFK_CODE>
      <CODE>0001</CODE>
      <NO>01</NO>
      <PFNO>07</PFNO>
     </RSMPE_BUT>
    </BUT>
    <PFK>
     <RSMPE_PFK>
      <CODE>0001</CODE>
      <PFNO>03</PFNO>
      <FUNCODE>BACK</FUNCODE>
      <FUNNO>01</FUNNO>
     </RSMPE_PFK>
     <RSMPE_PFK>
      <CODE>0001</CODE>
      <PFNO>07</PFNO>
      <FUNCODE>MORE</FUNCODE>
      <FUNNO>01</FUNNO>
     </RSMPE_PFK>
     <RSMPE_PFK>
      <CODE>0001</CODE>
      <PFNO>11</PFNO>
      <FUNCODE>SAVE</FUNCODE>
      <FUNNO>001</FUNNO>
     </RSMPE_PFK>
     <RSMPE_PFK>
      <CODE>0001</CODE>
      <PFNO>12</PFNO>
      <FUNCODE>CANC</FUNCODE>
      <FUNNO>01</FUNNO>
     </RSMPE_PFK>
     <RSMPE_PFK>
      <CODE>0001</CODE>
      <PFNO>15</PFNO>
      <FUNCODE>EXIT</FUNCODE>
      <FUNNO>01</FUNNO>
     </RSMPE_PFK>
    </PFK>
    <SET>
     <RSMPE_STAF>
      <STATUS>BASE</STATUS>
      <FUNCTION>+EXT</FUNCTION>
     </RSMPE_STAF>
     <RSMPE_STAF>
      <STATUS>BASE</STATUS>
      <FUNCTION>BACK</FUNCTION>
     </RSMPE_STAF>
     <RSMPE_STAF>
      <STATUS>BASE</STATUS>
      <FUNCTION>CANC</FUNCTION>
     </RSMPE_STAF>
     <RSMPE_STAF>
      <STATUS>BASE</STATUS>
      <FUNCTION>EXIT</FUNCTION>
     </RSMPE_STAF>
     <RSMPE_STAF>
      <STATUS>BASE</STATUS>
      <FUNCTION>MORE</FUNCTION>
     </RSMPE_STAF>
     <RSMPE_STAF>
      <STATUS>BASE</STATUS>
      <FUNCTION>SAVE</FUNCTION>
     </RSMPE_STAF>
    </SET>
    <DOC>
     <RSMPE_ATRT>
      <OBJ_TYPE>A</OBJ_TYPE>
      <OBJ_CODE>0001</OBJ_CODE>
      <MODAL>D</MODAL>
      <NORM>X</NORM>
     </RSMPE_ATRT>
     <RSMPE_ATRT>
      <OBJ_TYPE>P</OBJ_TYPE>
      <OBJ_CODE>0001</OBJ_CODE>
      <MODAL>D</MODAL>
     </RSMPE_ATRT>
    </DOC>
    <TIT>
     <RSMPE_TITT>
      <CODE>100</CODE>
      <TEXT>Display flight data</TEXT>
     </RSMPE_TITT>
    </TIT>
   </CUA>
   <TPOOL>
    <item>
     <ID>R</ID>
     <ENTRY>Display flight connections / instructor</ENTRY>
     <LENGTH>40</LENGTH>
    </item>
   </TPOOL>
   <I18N_TPOOL>
    <item>
     <LANGUAGE>D</LANGUAGE>
     <TEXTPOOL>
      <item>
       <ID>R</ID>
       <ENTRY>Anzeigen von Flugverbindungen / Referent</ENTRY>
       <LENGTH>40</LENGTH>
      </item>
     </TEXTPOOL>
    </item>
   </I18N_TPOOL>
  </asx:values>
 </asx:abap>
</abapGit>
