﻿<?xml version="1.0" encoding="utf-8"?>
<abapGit version="v1.0.0" serializer="LCL_OBJECT_SICF" serializer_version="v1.0.0">
 <asx:abap xmlns:asx="http://www.sap.com/abapxml" version="1.0">
  <asx:values>
   <URL>/sap/bc/bsp/sap/zbc470_was/</URL>
   <ICFSERVICE>
    <ICF_NAME>ZBC470_WAS</ICF_NAME>
    <ORIG_NAME>zbc470_was</ORIG_NAME>
   </ICFSERVICE>
   <ICFDOCU>
    <ICF_NAME>ZBC470_WAS</ICF_NAME>
    <ICF_LANGU>E</ICF_LANGU>
    <ICF_DOCU>Web Forms with SAP Web Application Server</ICF_DOCU>
   </ICFDOCU>
  </asx:values>
 </asx:abap>
</abapGit>
