﻿<?xml version="1.0" encoding="utf-8"?>
<abapGit version="v1.0.0" serializer="LCL_OBJECT_MSAG" serializer_version="v1.0.0">
 <asx:abap xmlns:asx="http://www.sap.com/abapxml" version="1.0">
  <asx:values>
   <T100A>
    <ARBGB>ZBC470</ARBGB>
    <MASTERLANG>D</MASTERLANG>
    <STEXT>Nachrichten für BC470 (SAP Smart Forms)</STEXT>
   </T100A>
   <T100>
    <T100>
     <SPRSL>E</SPRSL>
     <ARBGB>ZBC470</ARBGB>
     <MSGNR>000</MSGNR>
     <TEXT>Printer &amp;1 does not exist</TEXT>
    </T100>
    <T100>
     <SPRSL>E</SPRSL>
     <ARBGB>ZBC470</ARBGB>
     <MSGNR>001</MSGNR>
     <TEXT>Function module does not exist for form &amp;1</TEXT>
    </T100>
    <T100>
     <SPRSL>E</SPRSL>
     <ARBGB>ZBC470</ARBGB>
     <MSGNR>002</MSGNR>
     <TEXT>Interface not suitable for form &amp;1</TEXT>
    </T100>
    <T100>
     <SPRSL>E</SPRSL>
     <ARBGB>ZBC470</ARBGB>
     <MSGNR>003</MSGNR>
     <TEXT>Form &amp;1 does not exist</TEXT>
    </T100>
    <T100>
     <SPRSL>E</SPRSL>
     <ARBGB>ZBC470</ARBGB>
     <MSGNR>004</MSGNR>
     <TEXT>User-defined exception raised in form</TEXT>
    </T100>
    <T100>
     <SPRSL>E</SPRSL>
     <ARBGB>ZBC470</ARBGB>
     <MSGNR>017</MSGNR>
     <TEXT>Package &amp;1 already exists</TEXT>
    </T100>
    <T100>
     <SPRSL>E</SPRSL>
     <ARBGB>ZBC470</ARBGB>
     <MSGNR>018</MSGNR>
     <TEXT>Target system of request does not match selected transport layer</TEXT>
    </T100>
    <T100>
     <SPRSL>E</SPRSL>
     <ARBGB>ZBC470</ARBGB>
     <MSGNR>019</MSGNR>
     <TEXT>Transport layer &amp;1 does not exist</TEXT>
    </T100>
    <T100>
     <SPRSL>E</SPRSL>
     <ARBGB>ZBC470</ARBGB>
     <MSGNR>020</MSGNR>
     <TEXT>You are not assigned to request &amp;1</TEXT>
    </T100>
    <T100>
     <SPRSL>E</SPRSL>
     <ARBGB>ZBC470</ARBGB>
     <MSGNR>021</MSGNR>
     <TEXT>Order &amp;1 does not exist</TEXT>
    </T100>
    <T100>
     <SPRSL>E</SPRSL>
     <ARBGB>ZBC470</ARBGB>
     <MSGNR>022</MSGNR>
     <TEXT>You cannot change request &amp;1</TEXT>
    </T100>
    <T100>
     <SPRSL>E</SPRSL>
     <ARBGB>ZBC470</ARBGB>
     <MSGNR>023</MSGNR>
     <TEXT>Request &amp;1 is not a Workbench request</TEXT>
    </T100>
    <T100>
     <SPRSL>E</SPRSL>
     <ARBGB>ZBC470</ARBGB>
     <MSGNR>024</MSGNR>
     <TEXT>No more than 99 users allowed</TEXT>
    </T100>
    <T100>
     <SPRSL>E</SPRSL>
     <ARBGB>ZBC470</ARBGB>
     <MSGNR>025</MSGNR>
     <TEXT>No procedure selected</TEXT>
    </T100>
    <T100>
     <SPRSL>E</SPRSL>
     <ARBGB>ZBC470</ARBGB>
     <MSGNR>026</MSGNR>
     <TEXT>No download possible</TEXT>
    </T100>
    <T100>
     <SPRSL>E</SPRSL>
     <ARBGB>ZBC470</ARBGB>
     <MSGNR>027</MSGNR>
     <TEXT>Enter file (including path)</TEXT>
    </T100>
    <T100>
     <SPRSL>E</SPRSL>
     <ARBGB>ZBC470</ARBGB>
     <MSGNR>028</MSGNR>
     <TEXT>Download not possible</TEXT>
    </T100>
    <T100>
     <SPRSL>E</SPRSL>
     <ARBGB>ZBC470</ARBGB>
     <MSGNR>029</MSGNR>
     <TEXT>File &amp;1 already exists</TEXT>
    </T100>
   </T100>
   <I18N_LANGS>
    <LANGU>D</LANGU>
   </I18N_LANGS>
   <T100T>
    <T100T>
     <SPRSL>D</SPRSL>
     <ARBGB>ZBC470</ARBGB>
     <STEXT>Nachrichten für BC470 (SAP Smart Forms)</STEXT>
    </T100T>
   </T100T>
   <T100_TEXTS>
    <item>
     <SPRSL>D</SPRSL>
     <MSGNR>000</MSGNR>
     <TEXT>Drucker &amp;1 existiert nicht.</TEXT>
    </item>
    <item>
     <SPRSL>D</SPRSL>
     <MSGNR>001</MSGNR>
     <TEXT>Funktionsbaustein existiert nicht zum Formular &amp;1.</TEXT>
    </item>
    <item>
     <SPRSL>D</SPRSL>
     <MSGNR>002</MSGNR>
     <TEXT>Schnittstelle unpassend für Formular &amp;1.</TEXT>
    </item>
    <item>
     <SPRSL>D</SPRSL>
     <MSGNR>003</MSGNR>
     <TEXT>Formular &amp;1 existiert nicht.</TEXT>
    </item>
    <item>
     <SPRSL>D</SPRSL>
     <MSGNR>004</MSGNR>
     <TEXT>User-definierte Ausnahme wurde im Formular ausgelöst.</TEXT>
    </item>
    <item>
     <SPRSL>D</SPRSL>
     <MSGNR>005</MSGNR>
    </item>
    <item>
     <SPRSL>D</SPRSL>
     <MSGNR>017</MSGNR>
     <TEXT>Paket &amp;1 existiert bereits</TEXT>
    </item>
    <item>
     <SPRSL>D</SPRSL>
     <MSGNR>018</MSGNR>
     <TEXT>Zielsystem des Auftrags passt nicht zur gewählten Transportschicht.</TEXT>
    </item>
    <item>
     <SPRSL>D</SPRSL>
     <MSGNR>019</MSGNR>
     <TEXT>Transportschicht &amp;1 existiert nicht.</TEXT>
    </item>
    <item>
     <SPRSL>D</SPRSL>
     <MSGNR>020</MSGNR>
     <TEXT>Sie sind dem Auftrag &amp;1 nicht zugeordnet!</TEXT>
    </item>
    <item>
     <SPRSL>D</SPRSL>
     <MSGNR>021</MSGNR>
     <TEXT>Auftrag &amp;1 nicht vorhanden</TEXT>
    </item>
    <item>
     <SPRSL>D</SPRSL>
     <MSGNR>022</MSGNR>
     <TEXT>Auftrag &amp;1 nicht änderbar</TEXT>
    </item>
    <item>
     <SPRSL>D</SPRSL>
     <MSGNR>023</MSGNR>
     <TEXT>Auftrag &amp;1 ist kein Workbench-Auftrag.</TEXT>
    </item>
    <item>
     <SPRSL>D</SPRSL>
     <MSGNR>024</MSGNR>
     <TEXT>Nicht mehr als 99 User erlaubt.</TEXT>
    </item>
    <item>
     <SPRSL>D</SPRSL>
     <MSGNR>025</MSGNR>
     <TEXT>Keine Aktion ausgewählt.</TEXT>
    </item>
    <item>
     <SPRSL>D</SPRSL>
     <MSGNR>026</MSGNR>
     <TEXT>Download fehlgeschlagen.</TEXT>
    </item>
    <item>
     <SPRSL>D</SPRSL>
     <MSGNR>027</MSGNR>
     <TEXT>Bitte Datei (incl. Pfad) eintragen.</TEXT>
    </item>
    <item>
     <SPRSL>D</SPRSL>
     <MSGNR>028</MSGNR>
     <TEXT>Download nicht möglich.</TEXT>
    </item>
    <item>
     <SPRSL>D</SPRSL>
     <MSGNR>029</MSGNR>
     <TEXT>Datei &amp;1 existiert bereits.</TEXT>
    </item>
   </T100_TEXTS>
  </asx:values>
 </asx:abap>
</abapGit>
