﻿<?xml version="1.0" encoding="utf-8"?>
<abapGit version="v1.0.0" serializer="LCL_OBJECT_PROG" serializer_version="v1.0.0">
 <asx:abap xmlns:asx="http://www.sap.com/abapxml" version="1.0">
  <asx:values>
   <PROGDIR>
    <NAME>ZSAPBC470_TABLD_TICKET</NAME>
    <STATE>A</STATE>
    <VARCL>X</VARCL>
    <SUBC>1</SUBC>
    <RLOAD>D</RLOAD>
    <FIXPT>X</FIXPT>
    <UCCHECK>X</UCCHECK>
   </PROGDIR>
   <TPOOL>
    <item>
     <ID>R</ID>
     <ENTRY>Ticket Printing with SAP Smart Forms</ENTRY>
     <LENGTH>70</LENGTH>
    </item>
    <item>
     <ID>S</ID>
     <KEY>PA_PRNT</KEY>
     <ENTRY>Output Device</ENTRY>
     <LENGTH>21</LENGTH>
    </item>
    <item>
     <ID>S</ID>
     <KEY>PA_FORM</KEY>
     <ENTRY>.</ENTRY>
     <LENGTH>20</LENGTH>
     <SPLIT>D</SPLIT>
    </item>
    <item>
     <ID>S</ID>
     <KEY>SO_BOOK</KEY>
     <ENTRY>.</ENTRY>
     <LENGTH>22</LENGTH>
     <SPLIT>D</SPLIT>
    </item>
    <item>
     <ID>S</ID>
     <KEY>SO_CAR</KEY>
     <ENTRY>.</ENTRY>
     <LENGTH>24</LENGTH>
     <SPLIT>D</SPLIT>
    </item>
    <item>
     <ID>S</ID>
     <KEY>SO_DATE</KEY>
     <ENTRY>.</ENTRY>
     <LENGTH>24</LENGTH>
     <SPLIT>D</SPLIT>
    </item>
   </TPOOL>
   <I18N_TPOOL>
    <item>
     <LANGUAGE>D</LANGUAGE>
     <TEXTPOOL>
      <item>
       <ID>R</ID>
       <ENTRY>Ticketausgabe mit SAP Smart Forms</ENTRY>
       <LENGTH>33</LENGTH>
      </item>
      <item>
       <ID>S</ID>
       <KEY>PA_FORM</KEY>
       <ENTRY>.</ENTRY>
       <LENGTH>20</LENGTH>
       <SPLIT>D</SPLIT>
      </item>
      <item>
       <ID>S</ID>
       <KEY>PA_PRNT</KEY>
       <ENTRY>Ausgabegerät</ENTRY>
       <LENGTH>20</LENGTH>
      </item>
      <item>
       <ID>S</ID>
       <KEY>SO_BOOK</KEY>
       <ENTRY>.</ENTRY>
       <LENGTH>22</LENGTH>
       <SPLIT>D</SPLIT>
      </item>
      <item>
       <ID>S</ID>
       <KEY>SO_CAR</KEY>
       <ENTRY>.</ENTRY>
       <LENGTH>24</LENGTH>
       <SPLIT>D</SPLIT>
      </item>
      <item>
       <ID>S</ID>
       <KEY>SO_DATE</KEY>
       <ENTRY>.</ENTRY>
       <LENGTH>24</LENGTH>
       <SPLIT>D</SPLIT>
      </item>
     </TEXTPOOL>
    </item>
   </I18N_TPOOL>
  </asx:values>
 </asx:abap>
</abapGit>
