﻿<?xml version="1.0" encoding="utf-8"?>
<abapGit version="v1.0.0" serializer="LCL_OBJECT_PROG" serializer_version="v1.0.0">
 <asx:abap xmlns:asx="http://www.sap.com/abapxml" version="1.0">
  <asx:values>
   <PROGDIR>
    <NAME>ZSAPBC470_OUTPUT_FORMATS</NAME>
    <STATE>A</STATE>
    <VARCL>X</VARCL>
    <SUBC>1</SUBC>
    <RLOAD>D</RLOAD>
    <FIXPT>X</FIXPT>
    <UCCHECK>X</UCCHECK>
   </PROGDIR>
   <TPOOL>
    <item>
     <ID>I</ID>
     <KEY>BRO</KEY>
     <ENTRY>Could not start browser</ENTRY>
     <LENGTH>50</LENGTH>
    </item>
    <item>
     <ID>I</ID>
     <KEY>HTM</KEY>
     <ENTRY>HTML Download</ENTRY>
     <LENGTH>20</LENGTH>
    </item>
    <item>
     <ID>I</ID>
     <KEY>SE1</KEY>
     <ENTRY>Setting for the logo (not for all forms)</ENTRY>
     <LENGTH>60</LENGTH>
    </item>
    <item>
     <ID>I</ID>
     <KEY>SE2</KEY>
     <ENTRY>Output Format</ENTRY>
     <LENGTH>25</LENGTH>
    </item>
    <item>
     <ID>R</ID>
     <ENTRY>Output Formats for SAP Smart Forms</ENTRY>
     <LENGTH>70</LENGTH>
    </item>
    <item>
     <ID>S</ID>
     <KEY>PA_BSP</KEY>
     <ENTRY>HTML in BSP</ENTRY>
     <LENGTH>19</LENGTH>
    </item>
    <item>
     <ID>S</ID>
     <KEY>PA_COL</KEY>
     <ENTRY>Color</ENTRY>
     <LENGTH>13</LENGTH>
    </item>
    <item>
     <ID>S</ID>
     <KEY>PA_COPY</KEY>
     <ENTRY>Printouts (Original + Copies)</ENTRY>
     <LENGTH>37</LENGTH>
    </item>
    <item>
     <ID>S</ID>
     <KEY>PA_CSS</KEY>
     <ENTRY>CSS Style Sheet</ENTRY>
     <LENGTH>23</LENGTH>
    </item>
    <item>
     <ID>S</ID>
     <KEY>PA_CUST</KEY>
     <ENTRY>Customer Number</ENTRY>
     <LENGTH>23</LENGTH>
     <SPLIT>D</SPLIT>
    </item>
    <item>
     <ID>S</ID>
     <KEY>PA_FILE</KEY>
     <ENTRY>File Name (Including Path)</ENTRY>
     <LENGTH>34</LENGTH>
    </item>
    <item>
     <ID>S</ID>
     <KEY>PA_FORM</KEY>
     <ENTRY>Form Name</ENTRY>
     <LENGTH>20</LENGTH>
     <SPLIT>D</SPLIT>
    </item>
    <item>
     <ID>S</ID>
     <KEY>PA_HTML</KEY>
     <ENTRY>HTML Download</ENTRY>
     <LENGTH>21</LENGTH>
    </item>
    <item>
     <ID>S</ID>
     <KEY>PA_MON</KEY>
     <ENTRY>Black and White</ENTRY>
     <LENGTH>23</LENGTH>
    </item>
    <item>
     <ID>S</ID>
     <KEY>PA_NORM</KEY>
     <ENTRY>Normal Print Preview</ENTRY>
     <LENGTH>29</LENGTH>
    </item>
    <item>
     <ID>S</ID>
     <KEY>PA_OTF</KEY>
     <ENTRY>OTF</ENTRY>
     <LENGTH>11</LENGTH>
    </item>
    <item>
     <ID>S</ID>
     <KEY>PA_PDF</KEY>
     <ENTRY>PDF</ENTRY>
     <LENGTH>11</LENGTH>
    </item>
    <item>
     <ID>S</ID>
     <KEY>PA_PRNT</KEY>
     <ENTRY>Output Device</ENTRY>
     <LENGTH>21</LENGTH>
     <SPLIT>D</SPLIT>
    </item>
    <item>
     <ID>S</ID>
     <KEY>PA_XDF</KEY>
     <ENTRY>XDF</ENTRY>
     <LENGTH>11</LENGTH>
    </item>
    <item>
     <ID>S</ID>
     <KEY>PA_XSF</KEY>
     <ENTRY>XSF</ENTRY>
     <LENGTH>11</LENGTH>
    </item>
    <item>
     <ID>S</ID>
     <KEY>SO_CARR</KEY>
     <ENTRY>Airline</ENTRY>
     <LENGTH>24</LENGTH>
     <SPLIT>D</SPLIT>
    </item>
   </TPOOL>
   <I18N_TPOOL>
    <item>
     <LANGUAGE>D</LANGUAGE>
     <TEXTPOOL>
      <item>
       <ID>I</ID>
       <KEY>BRO</KEY>
       <ENTRY>Browser konnte nicht gestartet werden.</ENTRY>
       <LENGTH>50</LENGTH>
      </item>
      <item>
       <ID>I</ID>
       <KEY>HTM</KEY>
       <ENTRY>HTML-Download</ENTRY>
       <LENGTH>20</LENGTH>
      </item>
      <item>
       <ID>I</ID>
       <KEY>SE1</KEY>
       <ENTRY>Einstellung für das Logo (nicht für alle Formulare!)</ENTRY>
       <LENGTH>60</LENGTH>
      </item>
      <item>
       <ID>I</ID>
       <KEY>SE2</KEY>
       <ENTRY>Ausgabeformat</ENTRY>
       <LENGTH>25</LENGTH>
      </item>
      <item>
       <ID>R</ID>
       <ENTRY>Ausgabeformate für SAP Smart Forms</ENTRY>
       <LENGTH>34</LENGTH>
      </item>
      <item>
       <ID>S</ID>
       <KEY>PA_BSP</KEY>
       <ENTRY>HTML in BSP</ENTRY>
       <LENGTH>19</LENGTH>
      </item>
      <item>
       <ID>S</ID>
       <KEY>PA_COL</KEY>
       <ENTRY>Farbe</ENTRY>
       <LENGTH>13</LENGTH>
      </item>
      <item>
       <ID>S</ID>
       <KEY>PA_COPY</KEY>
       <ENTRY>Ausdrucke (Original + Kopien)</ENTRY>
       <LENGTH>37</LENGTH>
      </item>
      <item>
       <ID>S</ID>
       <KEY>PA_CSS</KEY>
       <ENTRY>CSS Style Sheet</ENTRY>
       <LENGTH>23</LENGTH>
      </item>
      <item>
       <ID>S</ID>
       <KEY>PA_CUST</KEY>
       <ENTRY>Kundennummer</ENTRY>
       <LENGTH>20</LENGTH>
       <SPLIT>D</SPLIT>
      </item>
      <item>
       <ID>S</ID>
       <KEY>PA_FILE</KEY>
       <ENTRY>Dateiname (incl. Pfad)</ENTRY>
       <LENGTH>30</LENGTH>
      </item>
      <item>
       <ID>S</ID>
       <KEY>PA_FORM</KEY>
       <ENTRY>Formularname</ENTRY>
       <LENGTH>20</LENGTH>
       <SPLIT>D</SPLIT>
      </item>
      <item>
       <ID>S</ID>
       <KEY>PA_HTML</KEY>
       <ENTRY>HTML-Download</ENTRY>
       <LENGTH>21</LENGTH>
      </item>
      <item>
       <ID>S</ID>
       <KEY>PA_MON</KEY>
       <ENTRY>Schwarz/weiß</ENTRY>
       <LENGTH>20</LENGTH>
      </item>
      <item>
       <ID>S</ID>
       <KEY>PA_NORM</KEY>
       <ENTRY>normale Druckvorschau</ENTRY>
       <LENGTH>29</LENGTH>
      </item>
      <item>
       <ID>S</ID>
       <KEY>PA_OTF</KEY>
       <ENTRY>OTF</ENTRY>
       <LENGTH>11</LENGTH>
      </item>
      <item>
       <ID>S</ID>
       <KEY>PA_PDF</KEY>
       <ENTRY>PDF</ENTRY>
       <LENGTH>11</LENGTH>
      </item>
      <item>
       <ID>S</ID>
       <KEY>PA_PRNT</KEY>
       <ENTRY>Ausgabegerät</ENTRY>
       <LENGTH>20</LENGTH>
       <SPLIT>D</SPLIT>
      </item>
      <item>
       <ID>S</ID>
       <KEY>PA_XDF</KEY>
       <ENTRY>XDF</ENTRY>
       <LENGTH>11</LENGTH>
      </item>
      <item>
       <ID>S</ID>
       <KEY>PA_XSF</KEY>
       <ENTRY>XSF</ENTRY>
       <LENGTH>11</LENGTH>
      </item>
      <item>
       <ID>S</ID>
       <KEY>SO_CARR</KEY>
       <ENTRY>Fluggesellschaft</ENTRY>
       <LENGTH>24</LENGTH>
       <SPLIT>D</SPLIT>
      </item>
     </TEXTPOOL>
    </item>
   </I18N_TPOOL>
  </asx:values>
 </asx:abap>
</abapGit>
