﻿<?xml version="1.0" encoding="utf-8"?>
<abapGit version="v1.0.0" serializer="LCL_OBJECT_PROG" serializer_version="v1.0.0">
 <asx:abap xmlns:asx="http://www.sap.com/abapxml" version="1.0">
  <asx:values>
   <PROGDIR>
    <NAME>ZSAPBC470_USER_SERVICES</NAME>
    <STATE>A</STATE>
    <VARCL>X</VARCL>
    <SUBC>1</SUBC>
    <RLOAD>D</RLOAD>
    <FIXPT>X</FIXPT>
    <UCCHECK>X</UCCHECK>
   </PROGDIR>
   <CUA>
    <ADM>
     <ACTCODE>000001</ACTCODE>
     <MENCODE>000004</MENCODE>
     <PFKCODE>000001</PFKCODE>
    </ADM>
    <FUN>
     <RSMPE_FUNT>
      <CODE>ALLS</CODE>
      <TEXTNO>001</TEXTNO>
      <TEXT_TYPE>S</TEXT_TYPE>
      <TEXT_NAME>ICON_EXPAND</TEXT_NAME>
      <ICON_ID>@3S@</ICON_ID>
      <FUN_TEXT>All Selections</FUN_TEXT>
      <PATH>L</PATH>
     </RSMPE_FUNT>
     <RSMPE_FUNT>
      <CODE>DELA</CODE>
      <TEXTNO>001</TEXTNO>
      <TEXT_TYPE>S</TEXT_TYPE>
      <TEXT_NAME>ICON_DELETE</TEXT_NAME>
      <ICON_ID>@11@</ICON_ID>
      <FUN_TEXT>Delete All Selections</FUN_TEXT>
      <PATH>E</PATH>
     </RSMPE_FUNT>
     <RSMPE_FUNT>
      <CODE>DELS</CODE>
      <TEXTNO>001</TEXTNO>
      <TEXT_TYPE>S</TEXT_TYPE>
      <TEXT_NAME>ICON_DELETE_ROW</TEXT_NAME>
      <ICON_ID>@18@</ICON_ID>
      <FUN_TEXT>Delete Selection Criterion</FUN_TEXT>
      <PATH>S</PATH>
     </RSMPE_FUNT>
     <RSMPE_FUNT>
      <CODE>DOCU</CODE>
      <TEXTNO>001</TEXTNO>
      <TYPE>E</TYPE>
      <TEXT_TYPE>S</TEXT_TYPE>
      <TEXT_NAME>ICON_INFORMATION</TEXT_NAME>
      <ICON_ID>@0S@</ICON_ID>
      <FUN_TEXT>Program Documentation</FUN_TEXT>
     </RSMPE_FUNT>
     <RSMPE_FUNT>
      <CODE>DYNS</CODE>
      <TEXTNO>001</TEXTNO>
      <TEXT_TYPE>S</TEXT_TYPE>
      <FUN_TEXT>Dynamic Selections</FUN_TEXT>
      <PATH>D</PATH>
     </RSMPE_FUNT>
     <RSMPE_FUNT>
      <CODE>DYNS</CODE>
      <TEXTNO>002</TEXTNO>
      <TEXT_TYPE>D</TEXT_TYPE>
      <TEXT_NAME>SSCRTEXTS-DYNSEL</TEXT_NAME>
     </RSMPE_FUNT>
     <RSMPE_FUNT>
      <CODE>E</CODE>
      <TEXTNO>001</TEXTNO>
      <TYPE>E</TYPE>
      <TEXT_TYPE>S</TEXT_TYPE>
      <FUN_TEXT>Back</FUN_TEXT>
      <PATH>B</PATH>
     </RSMPE_FUNT>
     <RSMPE_FUNT>
      <CODE>ECAN</CODE>
      <TEXTNO>001</TEXTNO>
      <TYPE>E</TYPE>
      <TEXT_TYPE>S</TEXT_TYPE>
      <FUN_TEXT>Cancel</FUN_TEXT>
      <PATH>A</PATH>
     </RSMPE_FUNT>
     <RSMPE_FUNT>
      <CODE>ENDE</CODE>
      <TEXTNO>001</TEXTNO>
      <TYPE>E</TYPE>
      <TEXT_TYPE>S</TEXT_TYPE>
      <FUN_TEXT>Exit</FUN_TEXT>
      <PATH>X</PATH>
     </RSMPE_FUNT>
     <RSMPE_FUNT>
      <CODE>FC01</CODE>
      <TEXTNO>001</TEXTNO>
      <TEXT_TYPE>D</TEXT_TYPE>
      <TEXT_NAME>SSCRFIELDS-FUNCTXT_01</TEXT_NAME>
     </RSMPE_FUNT>
     <RSMPE_FUNT>
      <CODE>FC02</CODE>
      <TEXTNO>001</TEXTNO>
      <TEXT_TYPE>D</TEXT_TYPE>
      <TEXT_NAME>SSCRFIELDS-FUNCTXT_02</TEXT_NAME>
     </RSMPE_FUNT>
     <RSMPE_FUNT>
      <CODE>FC03</CODE>
      <TEXTNO>001</TEXTNO>
      <TEXT_TYPE>D</TEXT_TYPE>
      <TEXT_NAME>SSCRFIELDS-FUNCTXT_03</TEXT_NAME>
     </RSMPE_FUNT>
     <RSMPE_FUNT>
      <CODE>FC04</CODE>
      <TEXTNO>001</TEXTNO>
      <TEXT_TYPE>D</TEXT_TYPE>
      <TEXT_NAME>SSCRFIELDS-FUNCTXT_04</TEXT_NAME>
     </RSMPE_FUNT>
     <RSMPE_FUNT>
      <CODE>FC05</CODE>
      <TEXTNO>001</TEXTNO>
      <TEXT_TYPE>D</TEXT_TYPE>
      <TEXT_NAME>SSCRFIELDS-FUNCTXT_05</TEXT_NAME>
     </RSMPE_FUNT>
     <RSMPE_FUNT>
      <CODE>FEWS</CODE>
      <TEXTNO>001</TEXTNO>
      <TEXT_TYPE>S</TEXT_TYPE>
      <TEXT_NAME>ICON_COLLAPSE</TEXT_NAME>
      <ICON_ID>@3T@</ICON_ID>
      <FUN_TEXT>Chosen selections</FUN_TEXT>
      <PATH>C</PATH>
     </RSMPE_FUNT>
     <RSMPE_FUNT>
      <CODE>GET</CODE>
      <TEXTNO>001</TEXTNO>
      <TYPE>E</TYPE>
      <TEXT_TYPE>S</TEXT_TYPE>
      <FUN_TEXT>Get...</FUN_TEXT>
      <PATH>G</PATH>
     </RSMPE_FUNT>
     <RSMPE_FUNT>
      <CODE>GET</CODE>
      <TEXTNO>002</TEXTNO>
      <TYPE>E</TYPE>
      <TEXT_TYPE>S</TEXT_TYPE>
      <TEXT_NAME>ICON_VARIANTS</TEXT_NAME>
      <ICON_ID>@0R@</ICON_ID>
      <FUN_TEXT>Get Variant...</FUN_TEXT>
      <PATH>V</PATH>
     </RSMPE_FUNT>
     <RSMPE_FUNT>
      <CODE>LVUV</CODE>
      <TEXTNO>001</TEXTNO>
      <TEXT_TYPE>S</TEXT_TYPE>
      <FUN_TEXT>User Variables...</FUN_TEXT>
      <PATH>U</PATH>
     </RSMPE_FUNT>
     <RSMPE_FUNT>
      <CODE>ONLI</CODE>
      <TEXTNO>001</TEXTNO>
      <TEXT_TYPE>S</TEXT_TYPE>
      <TEXT_NAME>ICON_EXECUTE_OBJECT</TEXT_NAME>
      <ICON_ID>@15@</ICON_ID>
      <FUN_TEXT>Execute</FUN_TEXT>
      <PATH>E</PATH>
     </RSMPE_FUNT>
     <RSMPE_FUNT>
      <CODE>OPTI</CODE>
      <TEXTNO>001</TEXTNO>
      <TEXT_TYPE>S</TEXT_TYPE>
      <TEXT_NAME>ICON_SELECTION</TEXT_NAME>
      <ICON_ID>@7X@</ICON_ID>
      <FUN_TEXT>Selection Options</FUN_TEXT>
      <PATH>O</PATH>
     </RSMPE_FUNT>
     <RSMPE_FUNT>
      <CODE>PRIN</CODE>
      <TEXTNO>001</TEXTNO>
      <TEXT_TYPE>S</TEXT_TYPE>
      <TEXT_NAME>ICON_PRINT</TEXT_NAME>
      <ICON_ID>@0X@</ICON_ID>
      <FUN_TEXT>Execute and Print</FUN_TEXT>
      <PATH>U</PATH>
     </RSMPE_FUNT>
     <RSMPE_FUNT>
      <CODE>PRIN</CODE>
      <TEXTNO>002</TEXTNO>
      <TEXT_TYPE>S</TEXT_TYPE>
      <FUN_TEXT>Execute and Print</FUN_TEXT>
      <PATH>U</PATH>
     </RSMPE_FUNT>
     <RSMPE_FUNT>
      <CODE>SCRH</CODE>
      <TEXTNO>001</TEXTNO>
      <TYPE>E</TYPE>
      <TEXT_TYPE>S</TEXT_TYPE>
      <TEXT_NAME>ICON_INFORMATION</TEXT_NAME>
      <ICON_ID>@0S@</ICON_ID>
      <FUN_TEXT>Selection Screen Help</FUN_TEXT>
      <PATH>H</PATH>
     </RSMPE_FUNT>
     <RSMPE_FUNT>
      <CODE>SJOB</CODE>
      <TEXTNO>001</TEXTNO>
      <TEXT_TYPE>S</TEXT_TYPE>
      <FUN_TEXT>Execute in Background</FUN_TEXT>
      <PATH>I</PATH>
     </RSMPE_FUNT>
     <RSMPE_FUNT>
      <CODE>SPOS</CODE>
      <TEXTNO>001</TEXTNO>
      <TEXT_TYPE>S</TEXT_TYPE>
      <TEXT_NAME>ICON_SYSTEM_SAVE</TEXT_NAME>
      <ICON_ID>@2L@</ICON_ID>
      <FUN_TEXT>Save as Variant...</FUN_TEXT>
      <INFO_TEXT>Save as Variant</INFO_TEXT>
      <PATH>S</PATH>
     </RSMPE_FUNT>
     <RSMPE_FUNT>
      <CODE>VDEL</CODE>
      <TEXTNO>001</TEXTNO>
      <TEXT_TYPE>S</TEXT_TYPE>
      <FUN_TEXT>Delete...</FUN_TEXT>
      <PATH>D</PATH>
     </RSMPE_FUNT>
     <RSMPE_FUNT>
      <CODE>VSHO</CODE>
      <TEXTNO>001</TEXTNO>
      <TYPE>E</TYPE>
      <TEXT_TYPE>S</TEXT_TYPE>
      <FUN_TEXT>Display...</FUN_TEXT>
      <PATH>A</PATH>
     </RSMPE_FUNT>
    </FUN>
    <MEN>
     <RSMPE_MEN>
      <CODE>000001</CODE>
      <NO>01</NO>
      <REF_TYPE>F</REF_TYPE>
      <REF_CODE>ONLI</REF_CODE>
      <REF_NO>001</REF_NO>
     </RSMPE_MEN>
     <RSMPE_MEN>
      <CODE>000001</CODE>
      <NO>02</NO>
      <REF_TYPE>F</REF_TYPE>
      <REF_CODE>PRIN</REF_CODE>
      <REF_NO>001</REF_NO>
     </RSMPE_MEN>
     <RSMPE_MEN>
      <CODE>000001</CODE>
      <NO>03</NO>
      <REF_TYPE>F</REF_TYPE>
      <REF_CODE>SJOB</REF_CODE>
      <REF_NO>001</REF_NO>
     </RSMPE_MEN>
     <RSMPE_MEN>
      <CODE>000001</CODE>
      <NO>04</NO>
      <REF_TYPE>S</REF_TYPE>
     </RSMPE_MEN>
     <RSMPE_MEN>
      <CODE>000001</CODE>
      <NO>05</NO>
      <REF_TYPE>F</REF_TYPE>
      <REF_CODE>ENDE</REF_CODE>
      <REF_NO>001</REF_NO>
     </RSMPE_MEN>
     <RSMPE_MEN>
      <CODE>000002</CODE>
      <NO>01</NO>
      <REF_TYPE>F</REF_TYPE>
      <REF_CODE>ALLS</REF_CODE>
      <REF_NO>001</REF_NO>
     </RSMPE_MEN>
     <RSMPE_MEN>
      <CODE>000002</CODE>
      <NO>02</NO>
      <REF_TYPE>F</REF_TYPE>
      <REF_CODE>FEWS</REF_CODE>
      <REF_NO>001</REF_NO>
     </RSMPE_MEN>
     <RSMPE_MEN>
      <CODE>000002</CODE>
      <NO>03</NO>
      <REF_TYPE>S</REF_TYPE>
     </RSMPE_MEN>
     <RSMPE_MEN>
      <CODE>000002</CODE>
      <NO>04</NO>
      <REF_TYPE>F</REF_TYPE>
      <REF_CODE>OPTI</REF_CODE>
      <REF_NO>001</REF_NO>
     </RSMPE_MEN>
     <RSMPE_MEN>
      <CODE>000002</CODE>
      <NO>05</NO>
      <REF_TYPE>S</REF_TYPE>
     </RSMPE_MEN>
     <RSMPE_MEN>
      <CODE>000002</CODE>
      <NO>06</NO>
      <REF_TYPE>F</REF_TYPE>
      <REF_CODE>DELS</REF_CODE>
      <REF_NO>001</REF_NO>
     </RSMPE_MEN>
     <RSMPE_MEN>
      <CODE>000002</CODE>
      <NO>07</NO>
      <REF_TYPE>F</REF_TYPE>
      <REF_CODE>DELA</REF_CODE>
      <REF_NO>001</REF_NO>
     </RSMPE_MEN>
     <RSMPE_MEN>
      <CODE>000002</CODE>
      <NO>08</NO>
      <REF_TYPE>S</REF_TYPE>
     </RSMPE_MEN>
     <RSMPE_MEN>
      <CODE>000002</CODE>
      <NO>09</NO>
      <REF_TYPE>F</REF_TYPE>
      <REF_CODE>DYNS</REF_CODE>
      <REF_NO>001</REF_NO>
     </RSMPE_MEN>
     <RSMPE_MEN>
      <CODE>000002</CODE>
      <NO>10</NO>
      <REF_TYPE>S</REF_TYPE>
     </RSMPE_MEN>
     <RSMPE_MEN>
      <CODE>000002</CODE>
      <NO>11</NO>
      <REF_TYPE>F</REF_TYPE>
      <REF_CODE>ECAN</REF_CODE>
      <REF_NO>001</REF_NO>
     </RSMPE_MEN>
     <RSMPE_MEN>
      <CODE>000003</CODE>
      <NO>01</NO>
      <REF_TYPE>M</REF_TYPE>
      <REF_CODE>000004</REF_CODE>
     </RSMPE_MEN>
     <RSMPE_MEN>
      <CODE>000003</CODE>
      <NO>02</NO>
      <REF_TYPE>S</REF_TYPE>
     </RSMPE_MEN>
     <RSMPE_MEN>
      <CODE>000003</CODE>
      <NO>03</NO>
      <REF_TYPE>F</REF_TYPE>
      <REF_CODE>LVUV</REF_CODE>
      <REF_NO>001</REF_NO>
     </RSMPE_MEN>
     <RSMPE_MEN>
      <CODE>000003</CODE>
      <NO>04</NO>
      <REF_TYPE>S</REF_TYPE>
     </RSMPE_MEN>
     <RSMPE_MEN>
      <CODE>000003</CODE>
      <NO>05</NO>
      <REF_TYPE>F</REF_TYPE>
      <REF_CODE>SCRH</REF_CODE>
      <REF_NO>001</REF_NO>
     </RSMPE_MEN>
     <RSMPE_MEN>
      <CODE>000003</CODE>
      <NO>06</NO>
      <REF_TYPE>S</REF_TYPE>
     </RSMPE_MEN>
     <RSMPE_MEN>
      <CODE>000003</CODE>
      <NO>07</NO>
      <REF_TYPE>F</REF_TYPE>
      <REF_CODE>E</REF_CODE>
      <REF_NO>001</REF_NO>
     </RSMPE_MEN>
     <RSMPE_MEN>
      <CODE>000004</CODE>
      <NO>01</NO>
      <REF_TYPE>F</REF_TYPE>
      <REF_CODE>GET</REF_CODE>
      <REF_NO>001</REF_NO>
     </RSMPE_MEN>
     <RSMPE_MEN>
      <CODE>000004</CODE>
      <NO>02</NO>
      <REF_TYPE>F</REF_TYPE>
      <REF_CODE>VSHO</REF_CODE>
      <REF_NO>001</REF_NO>
     </RSMPE_MEN>
     <RSMPE_MEN>
      <CODE>000004</CODE>
      <NO>03</NO>
      <REF_TYPE>F</REF_TYPE>
      <REF_CODE>VDEL</REF_CODE>
      <REF_NO>001</REF_NO>
     </RSMPE_MEN>
     <RSMPE_MEN>
      <CODE>000004</CODE>
      <NO>04</NO>
      <REF_TYPE>F</REF_TYPE>
      <REF_CODE>SPOS</REF_CODE>
      <REF_NO>001</REF_NO>
     </RSMPE_MEN>
    </MEN>
    <MTX>
     <RSMPE_MNLT>
      <CODE>000001</CODE>
      <TEXT_TYPE>S</TEXT_TYPE>
      <TEXT>Program</TEXT>
      <PATH>P</PATH>
      <INT_NOTE>Standard Status</INT_NOTE>
     </RSMPE_MNLT>
     <RSMPE_MNLT>
      <CODE>000002</CODE>
      <TEXT_TYPE>S</TEXT_TYPE>
      <TEXT>Edit</TEXT>
      <PATH>E</PATH>
      <INT_NOTE>Standard Status</INT_NOTE>
     </RSMPE_MNLT>
     <RSMPE_MNLT>
      <CODE>000003</CODE>
      <TEXT_TYPE>S</TEXT_TYPE>
      <TEXT>Goto</TEXT>
      <PATH>G</PATH>
      <INT_NOTE>Standard Status and Job Scheduling (Errors)</INT_NOTE>
     </RSMPE_MNLT>
     <RSMPE_MNLT>
      <CODE>000004</CODE>
      <TEXT_TYPE>S</TEXT_TYPE>
      <TEXT>Variants</TEXT>
      <PATH>V</PATH>
      <INT_NOTE>Goto variants</INT_NOTE>
     </RSMPE_MNLT>
    </MTX>
    <ACT>
     <RSMPE_ACT>
      <CODE>000001</CODE>
      <NO>01</NO>
      <MENUCODE>000001</MENUCODE>
     </RSMPE_ACT>
     <RSMPE_ACT>
      <CODE>000001</CODE>
      <NO>02</NO>
      <MENUCODE>000002</MENUCODE>
     </RSMPE_ACT>
     <RSMPE_ACT>
      <CODE>000001</CODE>
      <NO>03</NO>
      <MENUCODE>000003</MENUCODE>
     </RSMPE_ACT>
    </ACT>
    <BUT>
     <RSMPE_BUT>
      <PFK_CODE>000001</PFK_CODE>
      <CODE>0001</CODE>
      <NO>01</NO>
      <PFNO>08</PFNO>
     </RSMPE_BUT>
     <RSMPE_BUT>
      <PFK_CODE>000001</PFK_CODE>
      <CODE>0001</CODE>
      <NO>02</NO>
      <PFNO>17</PFNO>
     </RSMPE_BUT>
     <RSMPE_BUT>
      <PFK_CODE>000001</PFK_CODE>
      <CODE>0001</CODE>
      <NO>03</NO>
      <PFNO>16</PFNO>
     </RSMPE_BUT>
     <RSMPE_BUT>
      <PFK_CODE>000001</PFK_CODE>
      <CODE>0001</CODE>
      <NO>04</NO>
      <PFNO>19</PFNO>
     </RSMPE_BUT>
     <RSMPE_BUT>
      <PFK_CODE>000001</PFK_CODE>
      <CODE>0001</CODE>
      <NO>05</NO>
      <PFNO>20</PFNO>
     </RSMPE_BUT>
     <RSMPE_BUT>
      <PFK_CODE>000001</PFK_CODE>
      <CODE>0001</CODE>
      <NO>06</NO>
      <PFNO>13</PFNO>
     </RSMPE_BUT>
     <RSMPE_BUT>
      <PFK_CODE>000001</PFK_CODE>
      <CODE>0001</CODE>
      <NO>07</NO>
      <PFNO>25</PFNO>
     </RSMPE_BUT>
     <RSMPE_BUT>
      <PFK_CODE>000001</PFK_CODE>
      <CODE>0001</CODE>
      <NO>08</NO>
      <PFNO>26</PFNO>
     </RSMPE_BUT>
     <RSMPE_BUT>
      <PFK_CODE>000001</PFK_CODE>
      <CODE>0001</CODE>
      <NO>09</NO>
      <PFNO>27</PFNO>
     </RSMPE_BUT>
     <RSMPE_BUT>
      <PFK_CODE>000001</PFK_CODE>
      <CODE>0001</CODE>
      <NO>10</NO>
      <PFNO>28</PFNO>
     </RSMPE_BUT>
     <RSMPE_BUT>
      <PFK_CODE>000001</PFK_CODE>
      <CODE>0001</CODE>
      <NO>11</NO>
      <PFNO>29</PFNO>
     </RSMPE_BUT>
    </BUT>
    <PFK>
     <RSMPE_PFK>
      <CODE>000001</CODE>
      <PFNO>02</PFNO>
      <FUNCODE>OPTI</FUNCODE>
      <FUNNO>001</FUNNO>
     </RSMPE_PFK>
     <RSMPE_PFK>
      <CODE>000001</CODE>
      <PFNO>03</PFNO>
      <FUNCODE>E</FUNCODE>
      <FUNNO>001</FUNNO>
     </RSMPE_PFK>
     <RSMPE_PFK>
      <CODE>000001</CODE>
      <PFNO>08</PFNO>
      <FUNCODE>ONLI</FUNCODE>
      <FUNNO>001</FUNNO>
     </RSMPE_PFK>
     <RSMPE_PFK>
      <CODE>000001</CODE>
      <PFNO>09</PFNO>
      <FUNCODE>SJOB</FUNCODE>
      <FUNNO>001</FUNNO>
     </RSMPE_PFK>
     <RSMPE_PFK>
      <CODE>000001</CODE>
      <PFNO>11</PFNO>
      <FUNCODE>SPOS</FUNCODE>
      <FUNNO>001</FUNNO>
     </RSMPE_PFK>
     <RSMPE_PFK>
      <CODE>000001</CODE>
      <PFNO>12</PFNO>
      <FUNCODE>ECAN</FUNCODE>
      <FUNNO>001</FUNNO>
     </RSMPE_PFK>
     <RSMPE_PFK>
      <CODE>000001</CODE>
      <PFNO>13</PFNO>
      <FUNCODE>DOCU</FUNCODE>
      <FUNNO>001</FUNNO>
     </RSMPE_PFK>
     <RSMPE_PFK>
      <CODE>000001</CODE>
      <PFNO>14</PFNO>
      <FUNCODE>DELS</FUNCODE>
      <FUNNO>001</FUNNO>
     </RSMPE_PFK>
     <RSMPE_PFK>
      <CODE>000001</CODE>
      <PFNO>15</PFNO>
      <FUNCODE>ENDE</FUNCODE>
      <FUNNO>001</FUNNO>
     </RSMPE_PFK>
     <RSMPE_PFK>
      <CODE>000001</CODE>
      <PFNO>16</PFNO>
      <FUNCODE>DYNS</FUNCODE>
      <FUNNO>002</FUNNO>
     </RSMPE_PFK>
     <RSMPE_PFK>
      <CODE>000001</CODE>
      <PFNO>17</PFNO>
      <FUNCODE>GET</FUNCODE>
      <FUNNO>002</FUNNO>
     </RSMPE_PFK>
     <RSMPE_PFK>
      <CODE>000001</CODE>
      <PFNO>18</PFNO>
      <FUNCODE>SCRH</FUNCODE>
      <FUNNO>001</FUNNO>
     </RSMPE_PFK>
     <RSMPE_PFK>
      <CODE>000001</CODE>
      <PFNO>19</PFNO>
      <FUNCODE>ALLS</FUNCODE>
      <FUNNO>001</FUNNO>
     </RSMPE_PFK>
     <RSMPE_PFK>
      <CODE>000001</CODE>
      <PFNO>20</PFNO>
      <FUNCODE>FEWS</FUNCODE>
      <FUNNO>001</FUNNO>
     </RSMPE_PFK>
     <RSMPE_PFK>
      <CODE>000001</CODE>
      <PFNO>25</PFNO>
      <FUNCODE>FC01</FUNCODE>
      <FUNNO>001</FUNNO>
     </RSMPE_PFK>
     <RSMPE_PFK>
      <CODE>000001</CODE>
      <PFNO>26</PFNO>
      <FUNCODE>FC02</FUNCODE>
      <FUNNO>001</FUNNO>
     </RSMPE_PFK>
     <RSMPE_PFK>
      <CODE>000001</CODE>
      <PFNO>27</PFNO>
      <FUNCODE>FC03</FUNCODE>
      <FUNNO>001</FUNNO>
     </RSMPE_PFK>
     <RSMPE_PFK>
      <CODE>000001</CODE>
      <PFNO>28</PFNO>
      <FUNCODE>FC04</FUNCODE>
      <FUNNO>001</FUNNO>
     </RSMPE_PFK>
     <RSMPE_PFK>
      <CODE>000001</CODE>
      <PFNO>29</PFNO>
      <FUNCODE>FC05</FUNCODE>
      <FUNNO>001</FUNNO>
     </RSMPE_PFK>
     <RSMPE_PFK>
      <CODE>000001</CODE>
      <PFNO>30</PFNO>
      <FUNCODE>LVUV</FUNCODE>
      <FUNNO>001</FUNNO>
     </RSMPE_PFK>
     <RSMPE_PFK>
      <CODE>000001</CODE>
      <PFNO>86</PFNO>
      <FUNCODE>PRIN</FUNCODE>
      <FUNNO>002</FUNNO>
     </RSMPE_PFK>
    </PFK>
    <DOC>
     <RSMPE_ATRT>
      <OBJ_TYPE>A</OBJ_TYPE>
      <OBJ_CODE>000001</OBJ_CODE>
      <MODAL>D</MODAL>
      <INT_NOTE>Selection Screen</INT_NOTE>
     </RSMPE_ATRT>
     <RSMPE_ATRT>
      <OBJ_TYPE>P</OBJ_TYPE>
      <OBJ_CODE>000001</OBJ_CODE>
      <MODAL>D</MODAL>
      <INT_NOTE>Selection Screen</INT_NOTE>
     </RSMPE_ATRT>
     <RSMPE_ATRT>
      <OBJ_TYPE>B</OBJ_TYPE>
      <OBJ_CODE>000001</OBJ_CODE>
      <SUB_CODE>0001</SUB_CODE>
      <MODAL>D</MODAL>
      <INT_NOTE>Selection Screen</INT_NOTE>
     </RSMPE_ATRT>
    </DOC>
   </CUA>
   <TPOOL>
    <item>
     <ID>I</ID>
     <KEY>E02</KEY>
     <ENTRY>: Package exists already</ENTRY>
     <LENGTH>50</LENGTH>
    </item>
    <item>
     <ID>I</ID>
     <KEY>I02</KEY>
     <ENTRY>: Package created for user(s)</ENTRY>
     <LENGTH>50</LENGTH>
    </item>
    <item>
     <ID>I</ID>
     <KEY>I03</KEY>
     <ENTRY>Default printer set for user(s)</ENTRY>
     <LENGTH>50</LENGTH>
    </item>
    <item>
     <ID>I</ID>
     <KEY>I04</KEY>
     <ENTRY>Immediate output deactivated for user(s)</ENTRY>
     <LENGTH>50</LENGTH>
    </item>
    <item>
     <ID>I</ID>
     <KEY>I06</KEY>
     <ENTRY>- Group</ENTRY>
     <LENGTH>10</LENGTH>
    </item>
    <item>
     <ID>I</ID>
     <KEY>S01</KEY>
     <ENTRY>Workbench Request</ENTRY>
     <LENGTH>25</LENGTH>
    </item>
    <item>
     <ID>I</ID>
     <KEY>S03</KEY>
     <ENTRY>Print Settings</ENTRY>
     <LENGTH>25</LENGTH>
    </item>
    <item>
     <ID>I</ID>
     <KEY>S04</KEY>
     <ENTRY>Set Default Printer</ENTRY>
     <LENGTH>25</LENGTH>
    </item>
    <item>
     <ID>I</ID>
     <KEY>S05</KEY>
     <ENTRY>What do you want to do?</ENTRY>
     <LENGTH>30</LENGTH>
    </item>
    <item>
     <ID>R</ID>
     <ENTRY>Services for Course Participants: Packages and Printers</ENTRY>
     <LENGTH>70</LENGTH>
    </item>
    <item>
     <ID>S</ID>
     <KEY>PA_COURS</KEY>
     <ENTRY>Course Title</ENTRY>
     <LENGTH>20</LENGTH>
    </item>
    <item>
     <ID>S</ID>
     <KEY>PA_DEFPR</KEY>
     <ENTRY>Set Default Printer</ENTRY>
     <LENGTH>30</LENGTH>
    </item>
    <item>
     <ID>S</ID>
     <KEY>PA_IMMED</KEY>
     <ENTRY>Deactivate Immediate Output</ENTRY>
     <LENGTH>35</LENGTH>
    </item>
    <item>
     <ID>S</ID>
     <KEY>PA_KTXT</KEY>
     <ENTRY>Description</ENTRY>
     <LENGTH>24</LENGTH>
    </item>
    <item>
     <ID>S</ID>
     <KEY>PA_PACK</KEY>
     <ENTRY>Create Packages</ENTRY>
     <LENGTH>23</LENGTH>
    </item>
    <item>
     <ID>S</ID>
     <KEY>PA_TRKOR</KEY>
     <ENTRY>Request/Task</ENTRY>
     <LENGTH>23</LENGTH>
    </item>
    <item>
     <ID>S</ID>
     <KEY>SO_COUNT</KEY>
     <ENTRY>Group Numbers</ENTRY>
     <LENGTH>22</LENGTH>
    </item>
    <item>
     <ID>S</ID>
     <KEY>PA_LAYER</KEY>
     <ENTRY>.</ENTRY>
     <LENGTH>24</LENGTH>
     <SPLIT>D</SPLIT>
    </item>
    <item>
     <ID>S</ID>
     <KEY>PA_PRNT</KEY>
     <ENTRY>.</ENTRY>
     <LENGTH>20</LENGTH>
     <SPLIT>D</SPLIT>
    </item>
    <item>
     <ID>S</ID>
     <KEY>SO_DEVC</KEY>
     <ENTRY>.</ENTRY>
     <LENGTH>13</LENGTH>
     <SPLIT>D</SPLIT>
    </item>
    <item>
     <ID>S</ID>
     <KEY>SO_USER</KEY>
     <ENTRY>.</ENTRY>
     <LENGTH>16</LENGTH>
     <SPLIT>D</SPLIT>
    </item>
   </TPOOL>
   <I18N_TPOOL>
    <item>
     <LANGUAGE>D</LANGUAGE>
     <TEXTPOOL>
      <item>
       <ID>I</ID>
       <KEY>E02</KEY>
       <ENTRY>: Paket bereits vorhanden</ENTRY>
       <LENGTH>50</LENGTH>
      </item>
      <item>
       <ID>I</ID>
       <KEY>I02</KEY>
       <ENTRY>: Paket erstellt für Benutzer</ENTRY>
       <LENGTH>50</LENGTH>
      </item>
      <item>
       <ID>I</ID>
       <KEY>I03</KEY>
       <ENTRY>Default-Drucker gesetzt für Benutzer</ENTRY>
       <LENGTH>50</LENGTH>
      </item>
      <item>
       <ID>I</ID>
       <KEY>I04</KEY>
       <ENTRY>Sofortdruck deaktiviert für Benutzer</ENTRY>
       <LENGTH>50</LENGTH>
      </item>
      <item>
       <ID>I</ID>
       <KEY>I06</KEY>
       <ENTRY>- Gruppe</ENTRY>
       <LENGTH>10</LENGTH>
      </item>
      <item>
       <ID>I</ID>
       <KEY>S01</KEY>
       <ENTRY>Workbench-Auftrag</ENTRY>
       <LENGTH>25</LENGTH>
      </item>
      <item>
       <ID>I</ID>
       <KEY>S03</KEY>
       <ENTRY>Druckeinstellungen</ENTRY>
       <LENGTH>25</LENGTH>
      </item>
      <item>
       <ID>I</ID>
       <KEY>S04</KEY>
       <ENTRY>Default-Drucker setzen</ENTRY>
       <LENGTH>25</LENGTH>
      </item>
      <item>
       <ID>I</ID>
       <KEY>S05</KEY>
       <ENTRY>Was soll getan werden?</ENTRY>
       <LENGTH>30</LENGTH>
      </item>
      <item>
       <ID>R</ID>
       <ENTRY>Services für Kursteilnehmer: Pakete und Drucker</ENTRY>
       <LENGTH>47</LENGTH>
      </item>
      <item>
       <ID>S</ID>
       <KEY>PA_COURS</KEY>
       <ENTRY>Kursname</ENTRY>
       <LENGTH>18</LENGTH>
      </item>
      <item>
       <ID>S</ID>
       <KEY>PA_DEFPR</KEY>
       <ENTRY>Default-Drucker setzen</ENTRY>
       <LENGTH>30</LENGTH>
      </item>
      <item>
       <ID>S</ID>
       <KEY>PA_IMMED</KEY>
       <ENTRY>Sofortdruck deaktivieren</ENTRY>
       <LENGTH>32</LENGTH>
      </item>
      <item>
       <ID>S</ID>
       <KEY>PA_KTXT</KEY>
       <ENTRY>Kurzbeschreibung</ENTRY>
       <LENGTH>24</LENGTH>
      </item>
      <item>
       <ID>S</ID>
       <KEY>PA_LAYER</KEY>
       <ENTRY>.</ENTRY>
       <LENGTH>24</LENGTH>
       <SPLIT>D</SPLIT>
      </item>
      <item>
       <ID>S</ID>
       <KEY>PA_PACK</KEY>
       <ENTRY>Pakete anlegen</ENTRY>
       <LENGTH>22</LENGTH>
      </item>
      <item>
       <ID>S</ID>
       <KEY>PA_PRNT</KEY>
       <ENTRY>.</ENTRY>
       <LENGTH>20</LENGTH>
       <SPLIT>D</SPLIT>
      </item>
      <item>
       <ID>S</ID>
       <KEY>PA_TRKOR</KEY>
       <ENTRY>Auftrag/Aufgabe</ENTRY>
       <LENGTH>23</LENGTH>
      </item>
      <item>
       <ID>S</ID>
       <KEY>SO_COUNT</KEY>
       <ENTRY>Gruppennummern</ENTRY>
       <LENGTH>22</LENGTH>
      </item>
      <item>
       <ID>S</ID>
       <KEY>SO_DEVC</KEY>
       <ENTRY>.</ENTRY>
       <LENGTH>13</LENGTH>
       <SPLIT>D</SPLIT>
      </item>
      <item>
       <ID>S</ID>
       <KEY>SO_USER</KEY>
       <ENTRY>.</ENTRY>
       <LENGTH>16</LENGTH>
       <SPLIT>D</SPLIT>
      </item>
     </TEXTPOOL>
    </item>
   </I18N_TPOOL>
  </asx:values>
 </asx:abap>
</abapGit>
