﻿<?xml version="1.0" encoding="utf-8"?>
<abapGit version="v1.0.0" serializer="LCL_OBJECT_PROG" serializer_version="v1.0.0">
 <asx:abap xmlns:asx="http://www.sap.com/abapxml" version="1.0">
  <asx:values>
   <PROGDIR>
    <NAME>ZSAPBC470_PROGT</NAME>
    <STATE>A</STATE>
    <VARCL>X</VARCL>
    <SUBC>1</SUBC>
    <RLOAD>D</RLOAD>
    <FIXPT>X</FIXPT>
    <UCCHECK>X</UCCHECK>
   </PROGDIR>
   <TPOOL>
    <item>
     <ID>I</ID>
     <KEY>SE2</KEY>
     <ENTRY>Setting for Logo</ENTRY>
     <LENGTH>30</LENGTH>
    </item>
    <item>
     <ID>R</ID>
     <ENTRY>Template: SAP Smart Form Call</ENTRY>
     <LENGTH>70</LENGTH>
    </item>
    <item>
     <ID>S</ID>
     <KEY>PA_COL</KEY>
     <ENTRY>Color</ENTRY>
     <LENGTH>13</LENGTH>
    </item>
    <item>
     <ID>S</ID>
     <KEY>PA_MON</KEY>
     <ENTRY>Monocolor</ENTRY>
     <LENGTH>17</LENGTH>
    </item>
    <item>
     <ID>S</ID>
     <KEY>PA_PRNT</KEY>
     <ENTRY>Output Device</ENTRY>
     <LENGTH>21</LENGTH>
    </item>
    <item>
     <ID>S</ID>
     <KEY>SO_CARR</KEY>
     <ENTRY>Airline Carrier</ENTRY>
     <LENGTH>24</LENGTH>
     <SPLIT>D</SPLIT>
    </item>
    <item>
     <ID>S</ID>
     <KEY>SO_CUST</KEY>
     <ENTRY>Customer Number</ENTRY>
     <LENGTH>23</LENGTH>
     <SPLIT>D</SPLIT>
    </item>
   </TPOOL>
   <I18N_TPOOL>
    <item>
     <LANGUAGE>D</LANGUAGE>
     <TEXTPOOL>
      <item>
       <ID>I</ID>
       <KEY>SE2</KEY>
       <ENTRY>Einstellung für das Logo</ENTRY>
       <LENGTH>30</LENGTH>
      </item>
      <item>
       <ID>R</ID>
       <ENTRY>Vorlage: Aufruf eines SAP Smart Forms</ENTRY>
       <LENGTH>37</LENGTH>
      </item>
      <item>
       <ID>S</ID>
       <KEY>PA_COL</KEY>
       <ENTRY>Farbe</ENTRY>
       <LENGTH>13</LENGTH>
      </item>
      <item>
       <ID>S</ID>
       <KEY>PA_MON</KEY>
       <ENTRY>Monocolor</ENTRY>
       <LENGTH>17</LENGTH>
      </item>
      <item>
       <ID>S</ID>
       <KEY>PA_PRNT</KEY>
       <ENTRY>Ausgabegerät</ENTRY>
       <LENGTH>20</LENGTH>
      </item>
      <item>
       <ID>S</ID>
       <KEY>SO_CARR</KEY>
       <ENTRY>Fluggesellschaft</ENTRY>
       <LENGTH>24</LENGTH>
       <SPLIT>D</SPLIT>
      </item>
      <item>
       <ID>S</ID>
       <KEY>SO_CUST</KEY>
       <ENTRY>Kundennummer</ENTRY>
       <LENGTH>20</LENGTH>
       <SPLIT>D</SPLIT>
      </item>
     </TEXTPOOL>
    </item>
   </I18N_TPOOL>
  </asx:values>
 </asx:abap>
</abapGit>
