﻿<?xml version="1.0" encoding="utf-8"?>
<abapGit version="v1.0.0" serializer="LCL_OBJECT_PROG" serializer_version="v1.0.0">
 <asx:abap xmlns:asx="http://www.sap.com/abapxml" version="1.0">
  <asx:values>
   <PROGDIR>
    <NAME>ZSAPBC470_COURSE_PREPARATION</NAME>
    <STATE>A</STATE>
    <VARCL>X</VARCL>
    <SUBC>1</SUBC>
    <RLOAD>D</RLOAD>
    <FIXPT>X</FIXPT>
    <UCCHECK>X</UCCHECK>
   </PROGDIR>
   <TPOOL>
    <item>
     <ID>R</ID>
     <ENTRY>Preparations for BC470</ENTRY>
     <LENGTH>70</LENGTH>
    </item>
    <item>
     <ID>S</ID>
     <KEY>P_DUNN</KEY>
     <ENTRY>Dunning Table MHNK</ENTRY>
     <LENGTH>26</LENGTH>
    </item>
    <item>
     <ID>S</ID>
     <KEY>P_SCUST</KEY>
     <ENTRY>Customer Table SCUSTOM</ENTRY>
     <LENGTH>30</LENGTH>
    </item>
    <item>
     <ID>S</ID>
     <KEY>P_TEXT</KEY>
     <ENTRY>SAPscript Texts (Client 800)</ENTRY>
     <LENGTH>36</LENGTH>
    </item>
    <item>
     <ID>S</ID>
     <KEY>P_TRAV</KEY>
     <ENTRY>Travel Agency &quot;Fly &amp; Smile&quot;</ENTRY>
     <LENGTH>35</LENGTH>
    </item>
   </TPOOL>
   <I18N_TPOOL>
    <item>
     <LANGUAGE>D</LANGUAGE>
     <TEXTPOOL>
      <item>
       <ID>R</ID>
       <ENTRY>Vorbereitungen für den BC470</ENTRY>
       <LENGTH>28</LENGTH>
      </item>
      <item>
       <ID>S</ID>
       <KEY>P_DUNN</KEY>
       <ENTRY>Mahntabelle MHNK</ENTRY>
       <LENGTH>24</LENGTH>
      </item>
      <item>
       <ID>S</ID>
       <KEY>P_SCUST</KEY>
       <ENTRY>Kundentabelle SCUSTOM</ENTRY>
       <LENGTH>29</LENGTH>
      </item>
      <item>
       <ID>S</ID>
       <KEY>P_TEXT</KEY>
       <ENTRY>SAPscript-Texte aus Mdt. 800</ENTRY>
       <LENGTH>36</LENGTH>
      </item>
      <item>
       <ID>S</ID>
       <KEY>P_TRAV</KEY>
       <ENTRY>Reisebüro Fly &amp; Smile</ENTRY>
       <LENGTH>29</LENGTH>
      </item>
     </TEXTPOOL>
    </item>
   </I18N_TPOOL>
  </asx:values>
 </asx:abap>
</abapGit>
