﻿<?xml version="1.0" encoding="utf-8"?>
<abapGit version="v1.0.0" serializer="LCL_OBJECT_PROG" serializer_version="v1.0.0">
 <asx:abap xmlns:asx="http://www.sap.com/abapxml" version="1.0">
  <asx:values>
   <PROGDIR>
    <NAME>ZSAPBC470_DEMO</NAME>
    <STATE>A</STATE>
    <VARCL>X</VARCL>
    <SUBC>1</SUBC>
    <RLOAD>D</RLOAD>
    <FIXPT>X</FIXPT>
    <UCCHECK>X</UCCHECK>
   </PROGDIR>
   <TPOOL>
    <item>
     <ID>I</ID>
     <KEY>BLA</KEY>
     <ENTRY>Black and White</ENTRY>
     <LENGTH>20</LENGTH>
    </item>
    <item>
     <ID>I</ID>
     <KEY>COL</KEY>
     <ENTRY>Color</ENTRY>
     <LENGTH>20</LENGTH>
    </item>
    <item>
     <ID>I</ID>
     <KEY>DP1</KEY>
     <ENTRY>No printer entered in user defaults</ENTRY>
     <LENGTH>60</LENGTH>
    </item>
    <item>
     <ID>I</ID>
     <KEY>DP2</KEY>
     <ENTRY>Default printer is not the printer on the selection screen</ENTRY>
     <LENGTH>70</LENGTH>
    </item>
    <item>
     <ID>I</ID>
     <KEY>DP3</KEY>
     <ENTRY>Do you want this printer to be the default printer?</ENTRY>
     <LENGTH>70</LENGTH>
    </item>
    <item>
     <ID>I</ID>
     <KEY>NOH</KEY>
     <ENTRY>No</ENTRY>
     <LENGTH>6</LENGTH>
    </item>
    <item>
     <ID>I</ID>
     <KEY>SE1</KEY>
     <ENTRY>Setting for the logo (not for all forms)</ENTRY>
     <LENGTH>60</LENGTH>
    </item>
    <item>
     <ID>I</ID>
     <KEY>YES</KEY>
     <ENTRY>Yes</ENTRY>
     <LENGTH>6</LENGTH>
    </item>
    <item>
     <ID>R</ID>
     <ENTRY>Call SAP Smart Form</ENTRY>
     <LENGTH>70</LENGTH>
    </item>
    <item>
     <ID>S</ID>
     <KEY>PA_COLOR</KEY>
     <ENTRY>Black and White or Color</ENTRY>
     <LENGTH>32</LENGTH>
    </item>
    <item>
     <ID>S</ID>
     <KEY>PA_COPY</KEY>
     <ENTRY>Printouts (Original + Copies)</ENTRY>
     <LENGTH>37</LENGTH>
    </item>
    <item>
     <ID>S</ID>
     <KEY>PA_PRNT</KEY>
     <ENTRY>Output Device</ENTRY>
     <LENGTH>21</LENGTH>
    </item>
    <item>
     <ID>S</ID>
     <KEY>PA_FORM</KEY>
     <ENTRY>.</ENTRY>
     <LENGTH>20</LENGTH>
     <SPLIT>D</SPLIT>
    </item>
    <item>
     <ID>S</ID>
     <KEY>SO_CARR</KEY>
     <ENTRY>.</ENTRY>
     <LENGTH>24</LENGTH>
     <SPLIT>D</SPLIT>
    </item>
    <item>
     <ID>S</ID>
     <KEY>SO_CUST</KEY>
     <ENTRY>.</ENTRY>
     <LENGTH>20</LENGTH>
     <SPLIT>D</SPLIT>
    </item>
   </TPOOL>
   <I18N_TPOOL>
    <item>
     <LANGUAGE>D</LANGUAGE>
     <TEXTPOOL>
      <item>
       <ID>I</ID>
       <KEY>BLA</KEY>
       <ENTRY>Schwarzweiß</ENTRY>
       <LENGTH>20</LENGTH>
      </item>
      <item>
       <ID>I</ID>
       <KEY>COL</KEY>
       <ENTRY>Farbe</ENTRY>
       <LENGTH>20</LENGTH>
      </item>
      <item>
       <ID>I</ID>
       <KEY>DP1</KEY>
       <ENTRY>Kein Drucker in den Benutzervorgaben eingetragen</ENTRY>
       <LENGTH>60</LENGTH>
      </item>
      <item>
       <ID>I</ID>
       <KEY>DP2</KEY>
       <ENTRY>Standarddrucker anders als Drucker auf Selektionsbild</ENTRY>
       <LENGTH>70</LENGTH>
      </item>
      <item>
       <ID>I</ID>
       <KEY>DP3</KEY>
       <ENTRY>Wollen Sie den Drucker als Standarddrucker?</ENTRY>
       <LENGTH>70</LENGTH>
      </item>
      <item>
       <ID>I</ID>
       <KEY>NOH</KEY>
       <ENTRY>Nein</ENTRY>
       <LENGTH>6</LENGTH>
      </item>
      <item>
       <ID>I</ID>
       <KEY>SE1</KEY>
       <ENTRY>Einstellung für das Logo (nicht für alle Formulare!)</ENTRY>
       <LENGTH>60</LENGTH>
      </item>
      <item>
       <ID>I</ID>
       <KEY>YES</KEY>
       <ENTRY>Ja</ENTRY>
       <LENGTH>6</LENGTH>
      </item>
      <item>
       <ID>R</ID>
       <ENTRY>Aufruf eines SAP Smart Forms</ENTRY>
       <LENGTH>28</LENGTH>
      </item>
      <item>
       <ID>S</ID>
       <KEY>PA_COLOR</KEY>
       <ENTRY>Schwarzweiß oder Farbe</ENTRY>
       <LENGTH>30</LENGTH>
      </item>
      <item>
       <ID>S</ID>
       <KEY>PA_COPY</KEY>
       <ENTRY>Ausdrucke (Original + Kopien)</ENTRY>
       <LENGTH>37</LENGTH>
      </item>
      <item>
       <ID>S</ID>
       <KEY>PA_FORM</KEY>
       <ENTRY>.</ENTRY>
       <LENGTH>20</LENGTH>
       <SPLIT>D</SPLIT>
      </item>
      <item>
       <ID>S</ID>
       <KEY>PA_PRNT</KEY>
       <ENTRY>Ausgabegerät</ENTRY>
       <LENGTH>20</LENGTH>
      </item>
      <item>
       <ID>S</ID>
       <KEY>SO_CARR</KEY>
       <ENTRY>.</ENTRY>
       <LENGTH>24</LENGTH>
       <SPLIT>D</SPLIT>
      </item>
      <item>
       <ID>S</ID>
       <KEY>SO_CUST</KEY>
       <ENTRY>.</ENTRY>
       <LENGTH>20</LENGTH>
       <SPLIT>D</SPLIT>
      </item>
     </TEXTPOOL>
    </item>
   </I18N_TPOOL>
  </asx:values>
 </asx:abap>
</abapGit>
