﻿<?xml version="1.0" encoding="utf-8"?>
<abapGit version="v1.0.0" serializer="LCL_OBJECT_SHLP" serializer_version="v1.0.0">
 <asx:abap xmlns:asx="http://www.sap.com/abapxml" version="1.0">
  <asx:values>
   <DD30V>
    <SHLPNAME>ZBC400_ELM_CONNID</SHLPNAME>
    <DDLANGUAGE>D</DDLANGUAGE>
    <DDTEXT>Suche nach Flugnummer</DDTEXT>
    <ISSIMPLE>X</ISSIMPLE>
    <SELMETHOD>SPFLI</SELMETHOD>
    <SELMTYPE>T</SELMTYPE>
    <DIALOGTYPE>D</DIALOGTYPE>
   </DD30V>
   <DD32P_TABLE>
    <DD32P>
     <SHLPNAME>ZBC400_ELM_CONNID</SHLPNAME>
     <FIELDNAME>CARRID</FIELDNAME>
     <FLPOSITION>0001</FLPOSITION>
     <ROLLNAME>S_CARR_ID</ROLLNAME>
     <SHLPINPUT>X</SHLPINPUT>
     <SHLPOUTPUT>X</SHLPOUTPUT>
     <SHLPLISPOS>01</SHLPLISPOS>
     <SCRLEN3>16</SCRLEN3>
    </DD32P>
    <DD32P>
     <SHLPNAME>ZBC400_ELM_CONNID</SHLPNAME>
     <FIELDNAME>CONNID</FIELDNAME>
     <FLPOSITION>0002</FLPOSITION>
     <ROLLNAME>S_CONN_ID</ROLLNAME>
     <SHLPINPUT>X</SHLPINPUT>
     <SHLPOUTPUT>X</SHLPOUTPUT>
     <SHLPLISPOS>02</SHLPLISPOS>
     <SCRLEN3>20</SCRLEN3>
    </DD32P>
    <DD32P>
     <SHLPNAME>ZBC400_ELM_CONNID</SHLPNAME>
     <FIELDNAME>CITYFROM</FIELDNAME>
     <FLPOSITION>0003</FLPOSITION>
     <ROLLNAME>S_FROM_CIT</ROLLNAME>
     <SHLPLISPOS>03</SHLPLISPOS>
     <SCRLEN3>14</SCRLEN3>
    </DD32P>
    <DD32P>
     <SHLPNAME>ZBC400_ELM_CONNID</SHLPNAME>
     <FIELDNAME>CITYTO</FIELDNAME>
     <FLPOSITION>0004</FLPOSITION>
     <ROLLNAME>S_TO_CITY</ROLLNAME>
     <SHLPLISPOS>04</SHLPLISPOS>
     <SCRLEN3>20</SCRLEN3>
    </DD32P>
   </DD32P_TABLE>
  </asx:values>
 </asx:abap>
</abapGit>
