﻿<?xml version="1.0" encoding="utf-8"?>
<abapGit version="v1.0.0" serializer="LCL_OBJECT_FUGR" serializer_version="v1.0.0">
 <asx:abap xmlns:asx="http://www.sap.com/abapxml" version="1.0">
  <asx:values>
   <AREAT>Demo:  Code Inspector Prüfungen</AREAT>
   <INCLUDES>
    <SOBJ_NAME>LZBC400_CIDTOP</SOBJ_NAME>
    <SOBJ_NAME>SAPLZBC400_CID</SOBJ_NAME>
   </INCLUDES>
   <FUNCTIONS>
    <item>
     <FUNCNAME>ZBC400_CID_RIGHT</FUNCNAME>
     <SHORT_TEXT>Funktionsbaustein mit korrigiertem Coding</SHORT_TEXT>
     <IMPORT>
      <RSIMP>
       <PARAMETER>IV_CITYFROM</PARAMETER>
       <DEFAULT>&apos;FRANKFURT&apos;</DEFAULT>
       <REFERENCE>X</REFERENCE>
       <TYP>BC400_S_CONNECTION_EXT-CITYFROM</TYP>
      </RSIMP>
     </IMPORT>
     <EXPORT>
      <RSEXP>
       <PARAMETER>ET_CONNECTIONS</PARAMETER>
       <REFERENCE>X</REFERENCE>
       <TYP>BC400_T_CONNECTIONS_EXT</TYP>
      </RSEXP>
     </EXPORT>
     <EXCEPTION>
      <RSEXC>
       <EXCEPTION>NO_DATA</EXCEPTION>
      </RSEXC>
     </EXCEPTION>
     <DOCUMENTATION>
      <RSFDO>
       <PARAMETER>IV_CITYFROM</PARAMETER>
       <KIND>P</KIND>
       <STEXT>Abflugstadt</STEXT>
       <INDEX> 001</INDEX>
      </RSFDO>
      <RSFDO>
       <PARAMETER>ET_CONNECTIONS</PARAMETER>
       <KIND>P</KIND>
       <STEXT>Flugverbindungen mit Details zur Fluggesellschaft</STEXT>
       <INDEX> 002</INDEX>
      </RSFDO>
      <RSFDO>
       <PARAMETER>NO_DATA</PARAMETER>
       <KIND>X</KIND>
       <STEXT>Keine Daten zur gewünschten Selektion</STEXT>
       <INDEX> 003</INDEX>
      </RSFDO>
     </DOCUMENTATION>
    </item>
    <item>
     <FUNCNAME>ZBC400_CID_WRONG</FUNCNAME>
     <SHORT_TEXT>Funktionsbaustein mit schlechtem Coding</SHORT_TEXT>
     <IMPORT>
      <RSIMP>
       <PARAMETER>IV_CITYFROM</PARAMETER>
       <DEFAULT>&apos;FRANKFURT&apos;</DEFAULT>
       <TYP>BC400_S_CONNECTION_EXT-CITYFROM</TYP>
      </RSIMP>
     </IMPORT>
     <EXPORT>
      <RSEXP>
       <PARAMETER>ET_CONNECTIONS</PARAMETER>
       <TYP>BC400_T_CONNECTIONS_EXT</TYP>
      </RSEXP>
     </EXPORT>
     <EXCEPTION>
      <RSEXC>
       <EXCEPTION>NO_DATA</EXCEPTION>
      </RSEXC>
     </EXCEPTION>
     <DOCUMENTATION>
      <RSFDO>
       <PARAMETER>IV_CITYFROM</PARAMETER>
       <KIND>P</KIND>
       <STEXT>Abflugstadt</STEXT>
       <INDEX> 001</INDEX>
      </RSFDO>
      <RSFDO>
       <PARAMETER>ET_CONNECTIONS</PARAMETER>
       <KIND>P</KIND>
       <STEXT>Flugverbindungen mit Details zur Fluggesellschaft</STEXT>
       <INDEX> 002</INDEX>
      </RSFDO>
      <RSFDO>
       <PARAMETER>NO_DATA</PARAMETER>
       <KIND>X</KIND>
       <STEXT>Keine Daten zur gewünschten Selektion</STEXT>
       <INDEX> 003</INDEX>
      </RSFDO>
     </DOCUMENTATION>
    </item>
   </FUNCTIONS>
  </asx:values>
 </asx:abap>
</abapGit>
