﻿<?xml version="1.0" encoding="utf-8"?>
<abapGit version="v1.0.0" serializer="LCL_OBJECT_PROG" serializer_version="v1.0.0">
 <asx:abap xmlns:asx="http://www.sap.com/abapxml" version="1.0">
  <asx:values>
   <PROGDIR>
    <NAME>ZBC400_RPS_REP_B</NAME>
    <STATE>A</STATE>
    <VARCL>X</VARCL>
    <SUBC>1</SUBC>
    <RLOAD>D</RLOAD>
    <FIXPT>X</FIXPT>
    <UCCHECK>X</UCCHECK>
   </PROGDIR>
   <TPOOL>
    <item>
     <ID>H</ID>
     <KEY>001</KEY>
     <ENTRY>     ID  Flug Flugdatum   verfügbar    belegt Prozent</ENTRY>
     <LENGTH>53</LENGTH>
    </item>
    <item>
     <ID>I</ID>
     <KEY>NON</KEY>
     <ENTRY>Keine Flüge für die gewählte Flugverbindung</ENTRY>
     <LENGTH>60</LENGTH>
    </item>
    <item>
     <ID>R</ID>
     <ENTRY>Lösung: Report mit ABAP Ereignissen</ENTRY>
     <LENGTH>35</LENGTH>
    </item>
    <item>
     <ID>S</ID>
     <KEY>PA_CAR</KEY>
     <ENTRY>.</ENTRY>
     <LENGTH>9</LENGTH>
     <SPLIT>D</SPLIT>
    </item>
    <item>
     <ID>S</ID>
     <KEY>SO_CON</KEY>
     <ENTRY>.</ENTRY>
     <LENGTH>9</LENGTH>
     <SPLIT>D</SPLIT>
    </item>
    <item>
     <ID>T</ID>
     <ENTRY>Flüge zur gewählten Flugverbindung</ENTRY>
     <LENGTH>34</LENGTH>
    </item>
   </TPOOL>
   <I18N_TPOOL>
    <item>
     <LANGUAGE>E</LANGUAGE>
     <TEXTPOOL>
      <item>
       <ID>H</ID>
       <KEY>001</KEY>
       <ENTRY>     ID  Flight Flight Date   Available    Percent Occupied</ENTRY>
       <LENGTH>59</LENGTH>
      </item>
      <item>
       <ID>I</ID>
       <KEY>NON</KEY>
       <ENTRY>No flights for the selected connection</ENTRY>
       <LENGTH>60</LENGTH>
      </item>
      <item>
       <ID>R</ID>
       <ENTRY>Solution: Report with ABAP Events</ENTRY>
       <LENGTH>70</LENGTH>
      </item>
      <item>
       <ID>T</ID>
       <ENTRY>Fligts for the selected connection</ENTRY>
       <LENGTH>34</LENGTH>
      </item>
      <item>
       <ID>S</ID>
       <KEY>PA_CAR</KEY>
       <ENTRY>.</ENTRY>
       <LENGTH>9</LENGTH>
       <SPLIT>D</SPLIT>
      </item>
      <item>
       <ID>S</ID>
       <KEY>SO_CON</KEY>
       <ENTRY>.</ENTRY>
       <LENGTH>9</LENGTH>
       <SPLIT>D</SPLIT>
      </item>
     </TEXTPOOL>
    </item>
   </I18N_TPOOL>
  </asx:values>
 </asx:abap>
</abapGit>
