﻿<?xml version="1.0" encoding="utf-8"?>
<abapGit version="v1.0.0" serializer="LCL_OBJECT_DTEL" serializer_version="v1.0.0">
 <asx:abap xmlns:asx="http://www.sap.com/abapxml" version="1.0">
  <asx:values>
   <DD04V>
    <ROLLNAME>ZBC400_COMPUTE_RESULT</ROLLNAME>
    <DDLANGUAGE>D</DDLANGUAGE>
    <DOMNAME>BC400_EPARAM</DOMNAME>
    <HEADLEN>11</HEADLEN>
    <SCRLEN1>10</SCRLEN1>
    <SCRLEN2>15</SCRLEN2>
    <SCRLEN3>20</SCRLEN3>
    <DDTEXT>Ergebnis einer Berechnung mit 2 Nachkommastellen</DDTEXT>
    <REPTEXT>Erg</REPTEXT>
    <SCRTEXT_S>Erg</SCRTEXT_S>
    <SCRTEXT_M>Ergebnis</SCRTEXT_M>
    <SCRTEXT_L>Ergebnis</SCRTEXT_L>
    <DTELMASTER>D</DTELMASTER>
    <REFKIND>D</REFKIND>
   </DD04V>
   <I18N_LANGS>
    <LANGU>E</LANGU>
   </I18N_LANGS>
   <DD04_TEXTS>
    <item>
     <DDLANGUAGE>E</DDLANGUAGE>
     <DDTEXT>Result of Calculation with Two Decimal Places</DDTEXT>
     <REPTEXT>Res.</REPTEXT>
     <SCRTEXT_S>Res.</SCRTEXT_S>
     <SCRTEXT_M>Result</SCRTEXT_M>
     <SCRTEXT_L>Result</SCRTEXT_L>
    </item>
   </DD04_TEXTS>
  </asx:values>
 </asx:abap>
</abapGit>
