﻿<?xml version="1.0" encoding="utf-8"?>
<abapGit version="v1.0.0" serializer="LCL_OBJECT_CLAS" serializer_version="v1.0.0">
 <asx:abap xmlns:asx="http://www.sap.com/abapxml" version="1.0">
  <asx:values>
   <VSEOCLASS>
    <CLSNAME>ZCL_BC400_FLIGHTMODEL</CLSNAME>
    <VERSION>1</VERSION>
    <LANGU>D</LANGU>
    <DESCRIPT>Gekapselter Zugriff auf Flugdaten</DESCRIPT>
    <EXPOSURE>2</EXPOSURE>
    <STATE>1</STATE>
    <RELEASE>1</RELEASE>
    <CLSFINAL>X</CLSFINAL>
    <CLSCCINCL>X</CLSCCINCL>
    <FIXPT>X</FIXPT>
    <UNICODE>X</UNICODE>
   </VSEOCLASS>
   <DESCRIPTIONS>
    <SEOCOMPOTX>
     <CLSNAME>ZCL_BC400_FLIGHTMODEL</CLSNAME>
     <CMPNAME>CHECK_AUTHORITY</CMPNAME>
     <LANGU>D</LANGU>
     <DESCRIPT>Berechtigungsprüfung für Fluggesellschaft</DESCRIPT>
    </SEOCOMPOTX>
    <SEOCOMPOTX>
     <CLSNAME>ZCL_BC400_FLIGHTMODEL</CLSNAME>
     <CMPNAME>GC_AUTH_CHANGE</CMPNAME>
     <LANGU>D</LANGU>
     <DESCRIPT>neue Eingabewerte</DESCRIPT>
    </SEOCOMPOTX>
    <SEOCOMPOTX>
     <CLSNAME>ZCL_BC400_FLIGHTMODEL</CLSNAME>
     <CMPNAME>GC_AUTH_CREATE</CMPNAME>
     <LANGU>D</LANGU>
     <DESCRIPT>neue Eingabewerte</DESCRIPT>
    </SEOCOMPOTX>
    <SEOCOMPOTX>
     <CLSNAME>ZCL_BC400_FLIGHTMODEL</CLSNAME>
     <CMPNAME>GC_AUTH_DISPLAY</CMPNAME>
     <LANGU>D</LANGU>
     <DESCRIPT>neue Eingabewerte</DESCRIPT>
    </SEOCOMPOTX>
    <SEOCOMPOTX>
     <CLSNAME>ZCL_BC400_FLIGHTMODEL</CLSNAME>
     <CMPNAME>GET_BOOKING</CMPNAME>
     <LANGU>D</LANGU>
     <DESCRIPT>Einzelne Flugbuchung</DESCRIPT>
    </SEOCOMPOTX>
    <SEOCOMPOTX>
     <CLSNAME>ZCL_BC400_FLIGHTMODEL</CLSNAME>
     <CMPNAME>GET_BOOKINGS</CMPNAME>
     <LANGU>D</LANGU>
     <DESCRIPT>Liste von Flugbuchungen</DESCRIPT>
    </SEOCOMPOTX>
    <SEOCOMPOTX>
     <CLSNAME>ZCL_BC400_FLIGHTMODEL</CLSNAME>
     <CMPNAME>GET_BOOKINGS_BY_CUST</CMPNAME>
     <LANGU>D</LANGU>
     <DESCRIPT>Liste von Flugbuchungen zu einem Flugkunden</DESCRIPT>
    </SEOCOMPOTX>
    <SEOCOMPOTX>
     <CLSNAME>ZCL_BC400_FLIGHTMODEL</CLSNAME>
     <CMPNAME>GET_CARRIER</CMPNAME>
     <LANGU>D</LANGU>
     <DESCRIPT>Einzelne Fluggesellschaft</DESCRIPT>
    </SEOCOMPOTX>
    <SEOCOMPOTX>
     <CLSNAME>ZCL_BC400_FLIGHTMODEL</CLSNAME>
     <CMPNAME>GET_CARRIERS</CMPNAME>
     <LANGU>D</LANGU>
     <DESCRIPT>Liste von Fluggesellschaften</DESCRIPT>
    </SEOCOMPOTX>
    <SEOCOMPOTX>
     <CLSNAME>ZCL_BC400_FLIGHTMODEL</CLSNAME>
     <CMPNAME>GET_CONNECTION</CMPNAME>
     <LANGU>D</LANGU>
     <DESCRIPT>Einzelne Flugverbindung</DESCRIPT>
    </SEOCOMPOTX>
    <SEOCOMPOTX>
     <CLSNAME>ZCL_BC400_FLIGHTMODEL</CLSNAME>
     <CMPNAME>GET_CONNECTIONS</CMPNAME>
     <LANGU>D</LANGU>
     <DESCRIPT>Liste von Flugverbindungen</DESCRIPT>
    </SEOCOMPOTX>
    <SEOCOMPOTX>
     <CLSNAME>ZCL_BC400_FLIGHTMODEL</CLSNAME>
     <CMPNAME>GET_CONNECTIONS_BY_CITY</CMPNAME>
     <LANGU>D</LANGU>
     <DESCRIPT>Liste von Flugverbindungen</DESCRIPT>
    </SEOCOMPOTX>
    <SEOCOMPOTX>
     <CLSNAME>ZCL_BC400_FLIGHTMODEL</CLSNAME>
     <CMPNAME>GET_CONNECTIONS_EXT</CMPNAME>
     <LANGU>D</LANGU>
     <DESCRIPT>Liste von Flugverbindungen mit Name der Fluggesellschaft</DESCRIPT>
    </SEOCOMPOTX>
    <SEOCOMPOTX>
     <CLSNAME>ZCL_BC400_FLIGHTMODEL</CLSNAME>
     <CMPNAME>GET_FLIGHT</CMPNAME>
     <LANGU>D</LANGU>
     <DESCRIPT>Einzelner Flugtermin</DESCRIPT>
    </SEOCOMPOTX>
    <SEOCOMPOTX>
     <CLSNAME>ZCL_BC400_FLIGHTMODEL</CLSNAME>
     <CMPNAME>GET_FLIGHTS</CMPNAME>
     <LANGU>D</LANGU>
     <DESCRIPT>Liste von Fluterminen</DESCRIPT>
    </SEOCOMPOTX>
    <SEOCOMPOTX>
     <CLSNAME>ZCL_BC400_FLIGHTMODEL</CLSNAME>
     <CMPNAME>GET_FLIGHTS_RANGE</CMPNAME>
     <LANGU>D</LANGU>
     <DESCRIPT>Liste von Fluterminen über Range-Tabelle</DESCRIPT>
    </SEOCOMPOTX>
   </DESCRIPTIONS>
  </asx:values>
 </asx:abap>
</abapGit>
