﻿<?xml version="1.0" encoding="utf-8"?>
<abapGit version="v1.0.0" serializer="LCL_OBJECT_VIEW" serializer_version="v1.0.0">
 <asx:abap xmlns:asx="http://www.sap.com/abapxml" version="1.0">
  <asx:values>
   <DD25V>
    <VIEWNAME>ZBC400_V_CONNCAR</VIEWNAME>
    <AS4LOCAL>A</AS4LOCAL>
    <DDLANGUAGE>D</DDLANGUAGE>
    <AGGTYPE>V</AGGTYPE>
    <ROOTTAB>SPFLI</ROOTTAB>
    <DDTEXT>Flugverbindung mit Details zur Fluggesellschaft</DDTEXT>
    <VIEWCLASS>D</VIEWCLASS>
    <VIEWGRANT>R</VIEWGRANT>
   </DD25V>
   <DD09L>
    <TABNAME>ZBC400_V_CONNCAR</TABNAME>
    <AS4LOCAL>A</AS4LOCAL>
    <PUFFERUNG>X</PUFFERUNG>
    <BUFALLOW>X</BUFALLOW>
   </DD09L>
   <DD26V_TABLE>
    <DD26V>
     <VIEWNAME>ZBC400_V_CONNCAR</VIEWNAME>
     <TABNAME>SPFLI</TABNAME>
     <TABPOS>0001</TABPOS>
     <FORTABNAME>SPFLI</FORTABNAME>
    </DD26V>
    <DD26V>
     <VIEWNAME>ZBC400_V_CONNCAR</VIEWNAME>
     <TABNAME>SCARR</TABNAME>
     <TABPOS>0002</TABPOS>
    </DD26V>
   </DD26V_TABLE>
   <DD27P_TABLE>
    <DD27P>
     <VIEWNAME>ZBC400_V_CONNCAR</VIEWNAME>
     <OBJPOS>0001</OBJPOS>
     <DDLANGUAGE>D</DDLANGUAGE>
     <VIEWFIELD>MANDT</VIEWFIELD>
     <TABNAME>SPFLI</TABNAME>
     <FIELDNAME>MANDT</FIELDNAME>
     <KEYFLAG>X</KEYFLAG>
     <ROLLNAME>S_MANDT</ROLLNAME>
     <ROLLNAMEVI>S_MANDT</ROLLNAMEVI>
     <CHECKTABLE>T000</CHECKTABLE>
     <SHLPORIGIN>P</SHLPORIGIN>
    </DD27P>
    <DD27P>
     <VIEWNAME>ZBC400_V_CONNCAR</VIEWNAME>
     <OBJPOS>0002</OBJPOS>
     <DDLANGUAGE>D</DDLANGUAGE>
     <VIEWFIELD>CARRID</VIEWFIELD>
     <TABNAME>SPFLI</TABNAME>
     <FIELDNAME>CARRID</FIELDNAME>
     <KEYFLAG>X</KEYFLAG>
     <ROLLNAME>S_CARR_ID</ROLLNAME>
     <ROLLNAMEVI>S_CARR_ID</ROLLNAMEVI>
     <CHECKTABLE>SCARR</CHECKTABLE>
     <SHLPORIGIN>P</SHLPORIGIN>
     <SHLPNAME>S_CARRIER_ID</SHLPNAME>
     <SHLPFIELD>CARRID</SHLPFIELD>
    </DD27P>
    <DD27P>
     <VIEWNAME>ZBC400_V_CONNCAR</VIEWNAME>
     <OBJPOS>0003</OBJPOS>
     <DDLANGUAGE>D</DDLANGUAGE>
     <VIEWFIELD>CONNID</VIEWFIELD>
     <TABNAME>SPFLI</TABNAME>
     <FIELDNAME>CONNID</FIELDNAME>
     <KEYFLAG>X</KEYFLAG>
     <ROLLNAME>S_CONN_ID</ROLLNAME>
     <ROLLNAMEVI>S_CONN_ID</ROLLNAMEVI>
    </DD27P>
    <DD27P>
     <VIEWNAME>ZBC400_V_CONNCAR</VIEWNAME>
     <OBJPOS>0004</OBJPOS>
     <DDLANGUAGE>D</DDLANGUAGE>
     <VIEWFIELD>COUNTRYFR</VIEWFIELD>
     <TABNAME>SPFLI</TABNAME>
     <FIELDNAME>COUNTRYFR</FIELDNAME>
     <ROLLNAME>LAND1</ROLLNAME>
     <ROLLNAMEVI>LAND1</ROLLNAMEVI>
     <CHECKTABLE>SGEOCITY</CHECKTABLE>
     <SHLPORIGIN>P</SHLPORIGIN>
     <LOGFLAG>X</LOGFLAG>
    </DD27P>
    <DD27P>
     <VIEWNAME>ZBC400_V_CONNCAR</VIEWNAME>
     <OBJPOS>0005</OBJPOS>
     <DDLANGUAGE>D</DDLANGUAGE>
     <VIEWFIELD>CITYFROM</VIEWFIELD>
     <TABNAME>SPFLI</TABNAME>
     <FIELDNAME>CITYFROM</FIELDNAME>
     <ROLLNAME>S_FROM_CIT</ROLLNAME>
     <ROLLNAMEVI>S_FROM_CIT</ROLLNAMEVI>
     <CHECKTABLE>SGEOCITY</CHECKTABLE>
     <SHLPORIGIN>P</SHLPORIGIN>
    </DD27P>
    <DD27P>
     <VIEWNAME>ZBC400_V_CONNCAR</VIEWNAME>
     <OBJPOS>0006</OBJPOS>
     <DDLANGUAGE>D</DDLANGUAGE>
     <VIEWFIELD>AIRPFROM</VIEWFIELD>
     <TABNAME>SPFLI</TABNAME>
     <FIELDNAME>AIRPFROM</FIELDNAME>
     <ROLLNAME>S_FROMAIRP</ROLLNAME>
     <ROLLNAMEVI>S_FROMAIRP</ROLLNAMEVI>
     <CHECKTABLE>SAIRPORT</CHECKTABLE>
     <SHLPORIGIN>X</SHLPORIGIN>
    </DD27P>
    <DD27P>
     <VIEWNAME>ZBC400_V_CONNCAR</VIEWNAME>
     <OBJPOS>0007</OBJPOS>
     <DDLANGUAGE>D</DDLANGUAGE>
     <VIEWFIELD>COUNTRYTO</VIEWFIELD>
     <TABNAME>SPFLI</TABNAME>
     <FIELDNAME>COUNTRYTO</FIELDNAME>
     <ROLLNAME>LAND1</ROLLNAME>
     <ROLLNAMEVI>LAND1</ROLLNAMEVI>
     <CHECKTABLE>SGEOCITY</CHECKTABLE>
     <SHLPORIGIN>P</SHLPORIGIN>
     <LOGFLAG>X</LOGFLAG>
    </DD27P>
    <DD27P>
     <VIEWNAME>ZBC400_V_CONNCAR</VIEWNAME>
     <OBJPOS>0008</OBJPOS>
     <DDLANGUAGE>D</DDLANGUAGE>
     <VIEWFIELD>CITYTO</VIEWFIELD>
     <TABNAME>SPFLI</TABNAME>
     <FIELDNAME>CITYTO</FIELDNAME>
     <ROLLNAME>S_TO_CITY</ROLLNAME>
     <ROLLNAMEVI>S_TO_CITY</ROLLNAMEVI>
     <CHECKTABLE>SGEOCITY</CHECKTABLE>
     <SHLPORIGIN>P</SHLPORIGIN>
    </DD27P>
    <DD27P>
     <VIEWNAME>ZBC400_V_CONNCAR</VIEWNAME>
     <OBJPOS>0009</OBJPOS>
     <DDLANGUAGE>D</DDLANGUAGE>
     <VIEWFIELD>AIRPTO</VIEWFIELD>
     <TABNAME>SPFLI</TABNAME>
     <FIELDNAME>AIRPTO</FIELDNAME>
     <ROLLNAME>S_TOAIRP</ROLLNAME>
     <ROLLNAMEVI>S_TOAIRP</ROLLNAMEVI>
     <CHECKTABLE>SAIRPORT</CHECKTABLE>
     <SHLPORIGIN>X</SHLPORIGIN>
    </DD27P>
    <DD27P>
     <VIEWNAME>ZBC400_V_CONNCAR</VIEWNAME>
     <OBJPOS>0010</OBJPOS>
     <DDLANGUAGE>D</DDLANGUAGE>
     <VIEWFIELD>FLTIME</VIEWFIELD>
     <TABNAME>SPFLI</TABNAME>
     <FIELDNAME>FLTIME</FIELDNAME>
     <ROLLNAME>S_FLTIME</ROLLNAME>
     <ROLLNAMEVI>S_FLTIME</ROLLNAMEVI>
    </DD27P>
    <DD27P>
     <VIEWNAME>ZBC400_V_CONNCAR</VIEWNAME>
     <OBJPOS>0011</OBJPOS>
     <DDLANGUAGE>D</DDLANGUAGE>
     <VIEWFIELD>DEPTIME</VIEWFIELD>
     <TABNAME>SPFLI</TABNAME>
     <FIELDNAME>DEPTIME</FIELDNAME>
     <ROLLNAME>S_DEP_TIME</ROLLNAME>
     <ROLLNAMEVI>S_DEP_TIME</ROLLNAMEVI>
     <SHLPORIGIN>T</SHLPORIGIN>
    </DD27P>
    <DD27P>
     <VIEWNAME>ZBC400_V_CONNCAR</VIEWNAME>
     <OBJPOS>0012</OBJPOS>
     <DDLANGUAGE>D</DDLANGUAGE>
     <VIEWFIELD>ARRTIME</VIEWFIELD>
     <TABNAME>SPFLI</TABNAME>
     <FIELDNAME>ARRTIME</FIELDNAME>
     <ROLLNAME>S_ARR_TIME</ROLLNAME>
     <ROLLNAMEVI>S_ARR_TIME</ROLLNAMEVI>
     <SHLPORIGIN>T</SHLPORIGIN>
    </DD27P>
    <DD27P>
     <VIEWNAME>ZBC400_V_CONNCAR</VIEWNAME>
     <OBJPOS>0013</OBJPOS>
     <DDLANGUAGE>D</DDLANGUAGE>
     <VIEWFIELD>DISTANCE</VIEWFIELD>
     <TABNAME>SPFLI</TABNAME>
     <FIELDNAME>DISTANCE</FIELDNAME>
     <ROLLNAME>S_DISTANCE</ROLLNAME>
     <ROLLNAMEVI>S_DISTANCE</ROLLNAMEVI>
     <REFTABLE>SPFLI</REFTABLE>
     <REFFIELD>DISTID</REFFIELD>
    </DD27P>
    <DD27P>
     <VIEWNAME>ZBC400_V_CONNCAR</VIEWNAME>
     <OBJPOS>0014</OBJPOS>
     <DDLANGUAGE>D</DDLANGUAGE>
     <VIEWFIELD>DISTID</VIEWFIELD>
     <TABNAME>SPFLI</TABNAME>
     <FIELDNAME>DISTID</FIELDNAME>
     <ROLLNAME>S_DISTID</ROLLNAME>
     <ROLLNAMEVI>S_DISTID</ROLLNAMEVI>
     <SHLPORIGIN>D</SHLPORIGIN>
     <SHLPNAME>S_UNIT_DIST</SHLPNAME>
     <SHLPFIELD>MSEHI</SHLPFIELD>
    </DD27P>
    <DD27P>
     <VIEWNAME>ZBC400_V_CONNCAR</VIEWNAME>
     <OBJPOS>0015</OBJPOS>
     <DDLANGUAGE>D</DDLANGUAGE>
     <VIEWFIELD>FLTYPE</VIEWFIELD>
     <TABNAME>SPFLI</TABNAME>
     <FIELDNAME>FLTYPE</FIELDNAME>
     <ROLLNAME>S_FLTYPE</ROLLNAME>
     <ROLLNAMEVI>S_FLTYPE</ROLLNAMEVI>
     <SHLPORIGIN>F</SHLPORIGIN>
     <VALEXI>X</VALEXI>
    </DD27P>
    <DD27P>
     <VIEWNAME>ZBC400_V_CONNCAR</VIEWNAME>
     <OBJPOS>0016</OBJPOS>
     <DDLANGUAGE>D</DDLANGUAGE>
     <VIEWFIELD>PERIOD</VIEWFIELD>
     <TABNAME>SPFLI</TABNAME>
     <FIELDNAME>PERIOD</FIELDNAME>
     <ROLLNAME>S_PERIOD</ROLLNAME>
     <ROLLNAMEVI>S_PERIOD</ROLLNAMEVI>
    </DD27P>
    <DD27P>
     <VIEWNAME>ZBC400_V_CONNCAR</VIEWNAME>
     <OBJPOS>0017</OBJPOS>
     <DDLANGUAGE>D</DDLANGUAGE>
     <VIEWFIELD>CARRNAME</VIEWFIELD>
     <TABNAME>SCARR</TABNAME>
     <FIELDNAME>CARRNAME</FIELDNAME>
     <ROLLNAME>S_CARRNAME</ROLLNAME>
     <ROLLNAMEVI>S_CARRNAME</ROLLNAMEVI>
    </DD27P>
    <DD27P>
     <VIEWNAME>ZBC400_V_CONNCAR</VIEWNAME>
     <OBJPOS>0018</OBJPOS>
     <DDLANGUAGE>D</DDLANGUAGE>
     <VIEWFIELD>CURRCODE</VIEWFIELD>
     <TABNAME>SCARR</TABNAME>
     <FIELDNAME>CURRCODE</FIELDNAME>
     <ROLLNAME>S_CURRCODE</ROLLNAME>
     <ROLLNAMEVI>S_CURRCODE</ROLLNAMEVI>
     <CHECKTABLE>SCURX</CHECKTABLE>
     <SHLPORIGIN>P</SHLPORIGIN>
    </DD27P>
    <DD27P>
     <VIEWNAME>ZBC400_V_CONNCAR</VIEWNAME>
     <OBJPOS>0019</OBJPOS>
     <DDLANGUAGE>D</DDLANGUAGE>
     <VIEWFIELD>URL</VIEWFIELD>
     <TABNAME>SCARR</TABNAME>
     <FIELDNAME>URL</FIELDNAME>
     <ROLLNAME>S_CARRURL</ROLLNAME>
     <ROLLNAMEVI>S_CARRURL</ROLLNAMEVI>
    </DD27P>
   </DD27P_TABLE>
   <DD28J_TABLE>
    <DD28J>
     <VIEWNAME>ZBC400_V_CONNCAR</VIEWNAME>
     <LTAB>SCARR</LTAB>
     <LFIELD>MANDT</LFIELD>
     <OPERATOR>EQ</OPERATOR>
     <RTAB>SPFLI</RTAB>
     <RFIELD>MANDT</RFIELD>
     <SOURCE>S</SOURCE>
    </DD28J>
    <DD28J>
     <VIEWNAME>ZBC400_V_CONNCAR</VIEWNAME>
     <LTAB>SCARR</LTAB>
     <LFIELD>CARRID</LFIELD>
     <OPERATOR>EQ</OPERATOR>
     <RTAB>SPFLI</RTAB>
     <RFIELD>CARRID</RFIELD>
     <SOURCE>S</SOURCE>
    </DD28J>
   </DD28J_TABLE>
  </asx:values>
 </asx:abap>
</abapGit>
