﻿<?xml version="1.0" encoding="utf-8"?>
<abapGit version="v1.0.0" serializer="LCL_OBJECT_PROG" serializer_version="v1.0.0">
 <asx:abap xmlns:asx="http://www.sap.com/abapxml" version="1.0">
  <asx:values>
   <PROGDIR>
    <NAME>ZBC400_MOS_SUBROUTINE</NAME>
    <STATE>A</STATE>
    <VARCL>X</VARCL>
    <SUBC>1</SUBC>
    <APPL>S</APPL>
    <RSTAT>T</RSTAT>
    <RLOAD>D</RLOAD>
    <FIXPT>X</FIXPT>
    <UCCHECK>X</UCCHECK>
   </PROGDIR>
   <TPOOL>
    <item>
     <ID>I</ID>
     <KEY>DBZ</KEY>
     <ENTRY>Keine Division durch Null!</ENTRY>
     <LENGTH>30</LENGTH>
    </item>
    <item>
     <ID>I</ID>
     <KEY>EPC</KEY>
     <ENTRY>Fehler in Prozentberechnung</ENTRY>
     <LENGTH>50</LENGTH>
    </item>
    <item>
     <ID>I</ID>
     <KEY>IOP</KEY>
     <ENTRY>Ungültiger Operator!</ENTRY>
     <LENGTH>25</LENGTH>
    </item>
    <item>
     <ID>I</ID>
     <KEY>RES</KEY>
     <ENTRY>Ergebnis:</ENTRY>
     <LENGTH>15</LENGTH>
    </item>
    <item>
     <ID>R</ID>
     <ENTRY>Lösung: Modularisierung Unterprogramm</ENTRY>
     <LENGTH>37</LENGTH>
    </item>
   </TPOOL>
   <I18N_TPOOL>
    <item>
     <LANGUAGE>E</LANGUAGE>
     <TEXTPOOL>
      <item>
       <ID>I</ID>
       <KEY>DBZ</KEY>
       <ENTRY>No Division by Zero</ENTRY>
       <LENGTH>30</LENGTH>
      </item>
      <item>
       <ID>I</ID>
       <KEY>EPC</KEY>
       <ENTRY>Error in Percentage Calculation</ENTRY>
       <LENGTH>50</LENGTH>
      </item>
      <item>
       <ID>I</ID>
       <KEY>IOP</KEY>
       <ENTRY>Invalid Operator</ENTRY>
       <LENGTH>25</LENGTH>
      </item>
      <item>
       <ID>I</ID>
       <KEY>RES</KEY>
       <ENTRY>Result:</ENTRY>
       <LENGTH>15</LENGTH>
      </item>
      <item>
       <ID>R</ID>
       <ENTRY>Solution: Modularization Subroutine</ENTRY>
       <LENGTH>70</LENGTH>
      </item>
     </TEXTPOOL>
    </item>
   </I18N_TPOOL>
  </asx:values>
 </asx:abap>
</abapGit>
