﻿<?xml version="1.0" encoding="utf-8"?>
<abapGit version="v1.0.0" serializer="LCL_OBJECT_FUGR" serializer_version="v1.0.0">
 <asx:abap xmlns:asx="http://www.sap.com/abapxml" version="1.0">
  <asx:values>
   <AREAT>Funktionen zur Modularisierung</AREAT>
   <INCLUDES>
    <SOBJ_NAME>LZBC400_MODTOP</SOBJ_NAME>
    <SOBJ_NAME>SAPLZBC400_MOD</SOBJ_NAME>
   </INCLUDES>
   <FUNCTIONS>
    <item>
     <FUNCNAME>ZBC400_MOS_POWER</FUNCNAME>
     <SHORT_TEXT>Berechnet aus einer Basiszahl  und einem Exponenten die Potenz</SHORT_TEXT>
     <IMPORT>
      <RSIMP>
       <PARAMETER>IV_BASE</PARAMETER>
       <REFERENCE>X</REFERENCE>
       <TYP>BC400_COMPUTE_BASE</TYP>
      </RSIMP>
      <RSIMP>
       <PARAMETER>IV_POWER</PARAMETER>
       <DEFAULT>2</DEFAULT>
       <OPTIONAL>X</OPTIONAL>
       <REFERENCE>X</REFERENCE>
       <TYP>BC400_COMPUTE_POWER</TYP>
      </RSIMP>
     </IMPORT>
     <EXPORT>
      <RSEXP>
       <PARAMETER>EV_RESULT</PARAMETER>
       <REFERENCE>X</REFERENCE>
       <TYP>BC400_COMPUTE_RESULT</TYP>
      </RSEXP>
     </EXPORT>
     <EXCEPTION>
      <RSEXC>
       <EXCEPTION>POWER_VALUE_TOO_HIGH</EXCEPTION>
      </RSEXC>
      <RSEXC>
       <EXCEPTION>RESULT_VALUE_TOO_HIGH</EXCEPTION>
      </RSEXC>
     </EXCEPTION>
     <DOCUMENTATION>
      <RSFDO>
       <PARAMETER>IV_BASE</PARAMETER>
       <KIND>P</KIND>
       <STEXT>Basiszahl für Potenzberechnung</STEXT>
       <INDEX> 001</INDEX>
      </RSFDO>
      <RSFDO>
       <PARAMETER>IV_POWER</PARAMETER>
       <KIND>P</KIND>
       <STEXT>Exponent für Potenzberechnung</STEXT>
       <INDEX> 002</INDEX>
      </RSFDO>
      <RSFDO>
       <PARAMETER>EV_RESULT</PARAMETER>
       <KIND>P</KIND>
       <STEXT>Ergebnis einer Berechnung mit 2 Nachkommastellen</STEXT>
       <INDEX> 003</INDEX>
      </RSFDO>
      <RSFDO>
       <PARAMETER>POWER_VALUE_TOO_HIGH</PARAMETER>
       <KIND>X</KIND>
       <STEXT>Exponent zu hoch (&gt;4)</STEXT>
       <INDEX> 004</INDEX>
      </RSFDO>
      <RSFDO>
       <PARAMETER>RESULT_VALUE_TOO_HIGH</PARAMETER>
       <KIND>X</KIND>
       <STEXT>Ergebnis zu groß</STEXT>
       <INDEX> 005</INDEX>
      </RSFDO>
     </DOCUMENTATION>
    </item>
   </FUNCTIONS>
  </asx:values>
 </asx:abap>
</abapGit>
