﻿<?xml version="1.0" encoding="utf-8"?>
<abapGit version="v1.0.0" serializer="LCL_OBJECT_TTYP" serializer_version="v1.0.0">
 <asx:abap xmlns:asx="http://www.sap.com/abapxml" version="1.0">
  <asx:values>
   <DD40V>
    <TYPENAME>ZBC400_T_BOOKINGS</TYPENAME>
    <DDLANGUAGE>D</DDLANGUAGE>
    <ROWTYPE>ZBC400_S_BOOKING</ROWTYPE>
    <ROWKIND>S</ROWKIND>
    <DATATYPE>STRU</DATATYPE>
    <ACCESSMODE>T</ACCESSMODE>
    <KEYDEF>K</KEYDEF>
    <KEYKIND>N</KEYKIND>
    <KEYFDCOUNT>0004</KEYFDCOUNT>
    <DDTEXT>Flugbuchungen</DDTEXT>
   </DD40V>
   <DD42V>
    <DD42V>
     <TYPENAME>ZBC400_T_BOOKINGS</TYPENAME>
     <KEYFDPOS>0001</KEYFDPOS>
     <ROWTYPEPOS>0001</ROWTYPEPOS>
     <KEYFIELD>CARRID</KEYFIELD>
    </DD42V>
    <DD42V>
     <TYPENAME>ZBC400_T_BOOKINGS</TYPENAME>
     <KEYFDPOS>0002</KEYFDPOS>
     <ROWTYPEPOS>0002</ROWTYPEPOS>
     <KEYFIELD>CONNID</KEYFIELD>
    </DD42V>
    <DD42V>
     <TYPENAME>ZBC400_T_BOOKINGS</TYPENAME>
     <KEYFDPOS>0003</KEYFDPOS>
     <ROWTYPEPOS>0003</ROWTYPEPOS>
     <KEYFIELD>FLDATE</KEYFIELD>
    </DD42V>
    <DD42V>
     <TYPENAME>ZBC400_T_BOOKINGS</TYPENAME>
     <KEYFDPOS>0004</KEYFDPOS>
     <ROWTYPEPOS>0004</ROWTYPEPOS>
     <KEYFIELD>BOOKID</KEYFIELD>
    </DD42V>
   </DD42V>
  </asx:values>
 </asx:abap>
</abapGit>
