﻿<?xml version="1.0" encoding="utf-8"?>
<abapGit version="v1.0.0" serializer="LCL_OBJECT_TABL" serializer_version="v1.0.0">
 <asx:abap xmlns:asx="http://www.sap.com/abapxml" version="1.0">
  <asx:values>
   <DD02V>
    <TABNAME>ZBC400_S_BOOKING</TABNAME>
    <DDLANGUAGE>D</DDLANGUAGE>
    <TABCLASS>INTTAB</TABCLASS>
    <DDTEXT>Flugbuchung</DDTEXT>
    <EXCLASS>4</EXCLASS>
   </DD02V>
   <DD03P_TABLE>
    <DD03P>
     <TABNAME>ZBC400_S_BOOKING</TABNAME>
     <FIELDNAME>CARRID</FIELDNAME>
     <POSITION>0001</POSITION>
     <KEYFLAG>X</KEYFLAG>
     <ROLLNAME>S_CARR_ID</ROLLNAME>
     <ADMINFIELD>0</ADMINFIELD>
     <NOTNULL>X</NOTNULL>
     <SHLPORIGIN>D</SHLPORIGIN>
     <COMPTYPE>E</COMPTYPE>
    </DD03P>
    <DD03P>
     <TABNAME>ZBC400_S_BOOKING</TABNAME>
     <FIELDNAME>CONNID</FIELDNAME>
     <POSITION>0002</POSITION>
     <KEYFLAG>X</KEYFLAG>
     <ROLLNAME>S_CONN_ID</ROLLNAME>
     <ADMINFIELD>0</ADMINFIELD>
     <NOTNULL>X</NOTNULL>
     <COMPTYPE>E</COMPTYPE>
    </DD03P>
    <DD03P>
     <TABNAME>ZBC400_S_BOOKING</TABNAME>
     <FIELDNAME>FLDATE</FIELDNAME>
     <POSITION>0003</POSITION>
     <KEYFLAG>X</KEYFLAG>
     <ROLLNAME>S_DATE</ROLLNAME>
     <ADMINFIELD>0</ADMINFIELD>
     <NOTNULL>X</NOTNULL>
     <SHLPORIGIN>T</SHLPORIGIN>
     <COMPTYPE>E</COMPTYPE>
    </DD03P>
    <DD03P>
     <TABNAME>ZBC400_S_BOOKING</TABNAME>
     <FIELDNAME>BOOKID</FIELDNAME>
     <POSITION>0004</POSITION>
     <KEYFLAG>X</KEYFLAG>
     <ROLLNAME>S_BOOK_ID</ROLLNAME>
     <ADMINFIELD>0</ADMINFIELD>
     <NOTNULL>X</NOTNULL>
     <COMPTYPE>E</COMPTYPE>
    </DD03P>
    <DD03P>
     <TABNAME>ZBC400_S_BOOKING</TABNAME>
     <FIELDNAME>CUSTOMID</FIELDNAME>
     <POSITION>0005</POSITION>
     <ROLLNAME>S_CUSTOMER</ROLLNAME>
     <ADMINFIELD>0</ADMINFIELD>
     <NOTNULL>X</NOTNULL>
     <COMPTYPE>E</COMPTYPE>
    </DD03P>
    <DD03P>
     <TABNAME>ZBC400_S_BOOKING</TABNAME>
     <FIELDNAME>CUSTTYPE</FIELDNAME>
     <POSITION>0006</POSITION>
     <ROLLNAME>S_CUSTTYPE</ROLLNAME>
     <ADMINFIELD>0</ADMINFIELD>
     <NOTNULL>X</NOTNULL>
     <VALEXI>X</VALEXI>
     <SHLPORIGIN>F</SHLPORIGIN>
     <COMPTYPE>E</COMPTYPE>
    </DD03P>
    <DD03P>
     <TABNAME>ZBC400_S_BOOKING</TABNAME>
     <FIELDNAME>SMOKER</FIELDNAME>
     <POSITION>0007</POSITION>
     <ROLLNAME>S_SMOKER</ROLLNAME>
     <ADMINFIELD>0</ADMINFIELD>
     <NOTNULL>X</NOTNULL>
     <VALEXI>X</VALEXI>
     <SHLPORIGIN>F</SHLPORIGIN>
     <COMPTYPE>E</COMPTYPE>
    </DD03P>
    <DD03P>
     <TABNAME>ZBC400_S_BOOKING</TABNAME>
     <FIELDNAME>COUNTER</FIELDNAME>
     <POSITION>0008</POSITION>
     <ROLLNAME>S_COUNTNUM</ROLLNAME>
     <ADMINFIELD>0</ADMINFIELD>
     <COMPTYPE>E</COMPTYPE>
    </DD03P>
    <DD03P>
     <TABNAME>ZBC400_S_BOOKING</TABNAME>
     <FIELDNAME>AGENCYNUM</FIELDNAME>
     <POSITION>0009</POSITION>
     <ROLLNAME>S_AGNCYNUM</ROLLNAME>
     <ADMINFIELD>0</ADMINFIELD>
     <SHLPORIGIN>D</SHLPORIGIN>
     <COMPTYPE>E</COMPTYPE>
    </DD03P>
    <DD03P>
     <TABNAME>ZBC400_S_BOOKING</TABNAME>
     <FIELDNAME>CANCELLED</FIELDNAME>
     <POSITION>0010</POSITION>
     <ROLLNAME>S_CANCEL</ROLLNAME>
     <ADMINFIELD>0</ADMINFIELD>
     <VALEXI>X</VALEXI>
     <SHLPORIGIN>F</SHLPORIGIN>
     <COMPTYPE>E</COMPTYPE>
    </DD03P>
   </DD03P_TABLE>
  </asx:values>
 </asx:abap>
</abapGit>
