﻿<?xml version="1.0" encoding="utf-8"?>
<abapGit version="v1.0.0" serializer="LCL_OBJECT_PROG" serializer_version="v1.0.0">
 <asx:abap xmlns:asx="http://www.sap.com/abapxml" version="1.0">
  <asx:values>
   <PROGDIR>
    <NAME>ZBC425_CALC</NAME>
    <STATE>A</STATE>
    <VARCL>X</VARCL>
    <SUBC>1</SUBC>
    <APPL>S</APPL>
    <RLOAD>D</RLOAD>
    <FIXPT>X</FIXPT>
    <UCCHECK>X</UCCHECK>
   </PROGDIR>
   <TPOOL>
    <item>
     <ID>I</ID>
     <KEY>DBZ</KEY>
     <ENTRY>No Division by Zero</ENTRY>
     <LENGTH>30</LENGTH>
    </item>
    <item>
     <ID>I</ID>
     <KEY>IOP</KEY>
     <ENTRY>Invalid Operator</ENTRY>
     <LENGTH>25</LENGTH>
    </item>
    <item>
     <ID>I</ID>
     <KEY>RES</KEY>
     <ENTRY>Result:</ENTRY>
     <LENGTH>15</LENGTH>
    </item>
    <item>
     <ID>R</ID>
     <ENTRY>Working with enhancements</ENTRY>
     <LENGTH>70</LENGTH>
    </item>
    <item>
     <ID>S</ID>
     <KEY>PA_INT1</KEY>
     <ENTRY>Operand 1</ENTRY>
     <LENGTH>17</LENGTH>
    </item>
    <item>
     <ID>S</ID>
     <KEY>PA_INT2</KEY>
     <ENTRY>Operand 2</ENTRY>
     <LENGTH>17</LENGTH>
    </item>
    <item>
     <ID>S</ID>
     <KEY>PA_OP</KEY>
     <ENTRY>.</ENTRY>
     <LENGTH>9</LENGTH>
     <SPLIT>D</SPLIT>
    </item>
   </TPOOL>
   <I18N_TPOOL>
    <item>
     <LANGUAGE>D</LANGUAGE>
     <TEXTPOOL>
      <item>
       <ID>I</ID>
       <KEY>DBZ</KEY>
       <ENTRY>Keine Division durch Null!</ENTRY>
       <LENGTH>30</LENGTH>
      </item>
      <item>
       <ID>I</ID>
       <KEY>IOP</KEY>
       <ENTRY>Ungültiger Operator!</ENTRY>
       <LENGTH>25</LENGTH>
      </item>
      <item>
       <ID>I</ID>
       <KEY>RES</KEY>
       <ENTRY>Ergebnis:</ENTRY>
       <LENGTH>15</LENGTH>
      </item>
      <item>
       <ID>R</ID>
       <ENTRY>Arbeiten mit Erweiterungen</ENTRY>
       <LENGTH>46</LENGTH>
      </item>
      <item>
       <ID>S</ID>
       <KEY>PA_INT1</KEY>
       <ENTRY>Operand 1</ENTRY>
       <LENGTH>17</LENGTH>
      </item>
      <item>
       <ID>S</ID>
       <KEY>PA_INT2</KEY>
       <ENTRY>Operand 2</ENTRY>
       <LENGTH>17</LENGTH>
      </item>
      <item>
       <ID>S</ID>
       <KEY>PA_OP</KEY>
       <ENTRY>.</ENTRY>
       <LENGTH>9</LENGTH>
       <SPLIT>D</SPLIT>
      </item>
     </TEXTPOOL>
    </item>
   </I18N_TPOOL>
  </asx:values>
 </asx:abap>
</abapGit>
