﻿<?xml version="1.0" encoding="utf-8"?>
<abapGit version="v1.0.0" serializer="LCL_OBJECT_DTEL" serializer_version="v1.0.0">
 <asx:abap xmlns:asx="http://www.sap.com/abapxml" version="1.0">
  <asx:values>
   <DD04V>
    <ROLLNAME>ZBC425_PRICE</ROLLNAME>
    <DDLANGUAGE>E</DDLANGUAGE>
    <DOMNAME>ZBC425_PRICE</DOMNAME>
    <HEADLEN>13</HEADLEN>
    <SCRLEN1>10</SCRLEN1>
    <SCRLEN2>15</SCRLEN2>
    <SCRLEN3>20</SCRLEN3>
    <DDTEXT>Price</DDTEXT>
    <REPTEXT>Price</REPTEXT>
    <SCRTEXT_S>Price</SCRTEXT_S>
    <SCRTEXT_M>Price</SCRTEXT_M>
    <SCRTEXT_L>Price</SCRTEXT_L>
    <DTELMASTER>D</DTELMASTER>
    <REFKIND>D</REFKIND>
   </DD04V>
   <I18N_LANGS>
    <LANGU>D</LANGU>
   </I18N_LANGS>
   <DD04_TEXTS>
    <item>
     <DDLANGUAGE>D</DDLANGUAGE>
     <DDTEXT>Preis</DDTEXT>
     <REPTEXT>Preis</REPTEXT>
     <SCRTEXT_S>Preis</SCRTEXT_S>
     <SCRTEXT_M>Preis</SCRTEXT_M>
     <SCRTEXT_L>Preis</SCRTEXT_L>
    </item>
   </DD04_TEXTS>
  </asx:values>
 </asx:abap>
</abapGit>
