﻿<?xml version="1.0" encoding="utf-8"?>
<abapGit version="v1.0.0" serializer="LCL_OBJECT_PROG" serializer_version="v1.0.0">
 <asx:abap xmlns:asx="http://www.sap.com/abapxml" version="1.0">
  <asx:values>
   <PROGDIR>
    <NAME>ZBC425_CONNECTIONS</NAME>
    <STATE>A</STATE>
    <VARCL>X</VARCL>
    <SUBC>1</SUBC>
    <RLOAD>D</RLOAD>
    <FIXPT>X</FIXPT>
    <UCCHECK>X</UCCHECK>
   </PROGDIR>
   <TPOOL>
    <item>
     <ID>H</ID>
     <KEY>001</KEY>
     <ENTRY>Fl. Conn No  Departure Location   Destination</ENTRY>
     <LENGTH>45</LENGTH>
    </item>
    <item>
     <ID>R</ID>
     <ENTRY>Demo: New BAdI Program Exits (Flight Connections Display)</ENTRY>
     <LENGTH>70</LENGTH>
    </item>
    <item>
     <ID>T</ID>
     <ENTRY>Flight Connections Display</ENTRY>
     <LENGTH>57</LENGTH>
    </item>
   </TPOOL>
   <I18N_TPOOL>
    <item>
     <LANGUAGE>D</LANGUAGE>
     <TEXTPOOL>
      <item>
       <ID>R</ID>
       <ENTRY>Demo: Neue BAdI-Programm-Exits (Anzeige Flugverbindungen)</ENTRY>
       <LENGTH>57</LENGTH>
      </item>
      <item>
       <ID>T</ID>
       <ENTRY>Anzeige Flugverbindungen</ENTRY>
       <LENGTH>57</LENGTH>
      </item>
      <item>
       <ID>H</ID>
       <KEY>001</KEY>
       <ENTRY>FG  V-Nr     Abflugort            Zielort</ENTRY>
       <LENGTH>41</LENGTH>
      </item>
     </TEXTPOOL>
    </item>
   </I18N_TPOOL>
  </asx:values>
 </asx:abap>
</abapGit>
