﻿<?xml version="1.0" encoding="utf-8"?>
<abapGit version="v1.0.0" serializer="LCL_OBJECT_SHLP" serializer_version="v1.0.0">
 <asx:abap xmlns:asx="http://www.sap.com/abapxml" version="1.0">
  <asx:values>
   <DD30V>
    <SHLPNAME>ZSFLIGHT_BC425</SHLPNAME>
    <DDLANGUAGE>E</DDLANGUAGE>
    <DDTEXT>Find according to flight date</DDTEXT>
    <ISSIMPLE>X</ISSIMPLE>
    <SELMETHOD>SFLIGHT</SELMETHOD>
    <SELMTYPE>T</SELMTYPE>
    <DIALOGTYPE>D</DIALOGTYPE>
    <FUZZY_SIMILARITY>0.8</FUZZY_SIMILARITY>
   </DD30V>
   <DD32P_TABLE>
    <DD32P>
     <SHLPNAME>ZSFLIGHT_BC425</SHLPNAME>
     <FIELDNAME>CARRID</FIELDNAME>
     <FLPOSITION>0001</FLPOSITION>
     <ROLLNAME>S_CARR_ID</ROLLNAME>
     <SHLPINPUT>X</SHLPINPUT>
     <SHLPOUTPUT>X</SHLPOUTPUT>
     <SHLPLISPOS>01</SHLPLISPOS>
     <SCRLEN3>16</SCRLEN3>
    </DD32P>
    <DD32P>
     <SHLPNAME>ZSFLIGHT_BC425</SHLPNAME>
     <FIELDNAME>CONNID</FIELDNAME>
     <FLPOSITION>0002</FLPOSITION>
     <ROLLNAME>S_CONN_ID</ROLLNAME>
     <SHLPINPUT>X</SHLPINPUT>
     <SHLPOUTPUT>X</SHLPOUTPUT>
     <SHLPLISPOS>02</SHLPLISPOS>
     <SCRLEN3>20</SCRLEN3>
    </DD32P>
    <DD32P>
     <SHLPNAME>ZSFLIGHT_BC425</SHLPNAME>
     <FIELDNAME>FLDATE</FIELDNAME>
     <FLPOSITION>0003</FLPOSITION>
     <ROLLNAME>S_DATE</ROLLNAME>
     <SHLPINPUT>X</SHLPINPUT>
     <SHLPOUTPUT>X</SHLPOUTPUT>
     <SHLPLISPOS>03</SHLPLISPOS>
     <SCRLEN3>16</SCRLEN3>
    </DD32P>
   </DD32P_TABLE>
  </asx:values>
 </asx:abap>
</abapGit>
