﻿<?xml version="1.0" encoding="utf-8"?>
<abapGit version="v1.0.0" serializer="LCL_OBJECT_MSAG" serializer_version="v1.0.0">
 <asx:abap xmlns:asx="http://www.sap.com/abapxml" version="1.0">
  <asx:values>
   <T100A>
    <ARBGB>ZBC414</ARBGB>
    <MASTERLANG>D</MASTERLANG>
    <STEXT>BC414: Datenbankänderungen programmieren</STEXT>
   </T100A>
   <T100>
    <T100>
     <SPRSL>D</SPRSL>
     <ARBGB>ZBC414</ARBGB>
     <MSGNR>000</MSGNR>
     <TEXT>Tabelleneintrag konnte nicht angelegt werden</TEXT>
    </T100>
    <T100>
     <SPRSL>D</SPRSL>
     <ARBGB>ZBC414</ARBGB>
     <MSGNR>001</MSGNR>
     <TEXT>&amp;1: Fluggesellschaft konnte nicht angelegt werden</TEXT>
    </T100>
    <T100>
     <SPRSL>D</SPRSL>
     <ARBGB>ZBC414</ARBGB>
     <MSGNR>002</MSGNR>
     <TEXT>&amp;1 &amp;2: Flugverbindung konnte nicht angelegt werden</TEXT>
    </T100>
    <T100>
     <SPRSL>D</SPRSL>
     <ARBGB>ZBC414</ARBGB>
     <MSGNR>003</MSGNR>
     <TEXT>&amp;1 &amp;2 &amp;3: Flug konnte konnte nicht angelegt werden</TEXT>
    </T100>
    <T100>
     <SPRSL>D</SPRSL>
     <ARBGB>ZBC414</ARBGB>
     <MSGNR>004</MSGNR>
     <TEXT>Buchung(en) konnten nicht angelegt werden</TEXT>
    </T100>
    <T100>
     <SPRSL>D</SPRSL>
     <ARBGB>ZBC414</ARBGB>
     <MSGNR>010</MSGNR>
     <TEXT>Tabelleneintrag wurde erfolgreich angelegt</TEXT>
    </T100>
    <T100>
     <SPRSL>D</SPRSL>
     <ARBGB>ZBC414</ARBGB>
     <MSGNR>011</MSGNR>
     <TEXT>&amp;1: Fluggesellschaft angelegt</TEXT>
    </T100>
    <T100>
     <SPRSL>D</SPRSL>
     <ARBGB>ZBC414</ARBGB>
     <MSGNR>012</MSGNR>
     <TEXT>&amp;1 &amp;2: Flugverbindung angelegt</TEXT>
    </T100>
    <T100>
     <SPRSL>D</SPRSL>
     <ARBGB>ZBC414</ARBGB>
     <MSGNR>013</MSGNR>
     <TEXT>&amp;1 &amp;2 &amp;3: Flug angelegt</TEXT>
    </T100>
    <T100>
     <SPRSL>D</SPRSL>
     <ARBGB>ZBC414</ARBGB>
     <MSGNR>014</MSGNR>
     <TEXT>Buchung(en) angelegt</TEXT>
    </T100>
    <T100>
     <SPRSL>D</SPRSL>
     <ARBGB>ZBC414</ARBGB>
     <MSGNR>015</MSGNR>
     <TEXT>Kunde Nr. &amp;1 erfolgreich angelegt</TEXT>
    </T100>
    <T100>
     <SPRSL>D</SPRSL>
     <ARBGB>ZBC414</ARBGB>
     <MSGNR>020</MSGNR>
     <TEXT>Tabelleneintrag ist nicht vorhanden</TEXT>
    </T100>
    <T100>
     <SPRSL>D</SPRSL>
     <ARBGB>ZBC414</ARBGB>
     <MSGNR>021</MSGNR>
     <TEXT>&amp;1: Fluggesellschaft nicht gepflegt</TEXT>
    </T100>
    <T100>
     <SPRSL>D</SPRSL>
     <ARBGB>ZBC414</ARBGB>
     <MSGNR>022</MSGNR>
     <TEXT>&amp;1 &amp;2: Flugverbindung nicht gepflegt</TEXT>
    </T100>
    <T100>
     <SPRSL>D</SPRSL>
     <ARBGB>ZBC414</ARBGB>
     <MSGNR>023</MSGNR>
     <TEXT>&amp;1 &amp;2 &amp;3: Flug nicht gepflegt</TEXT>
    </T100>
    <T100>
     <SPRSL>D</SPRSL>
     <ARBGB>ZBC414</ARBGB>
     <MSGNR>024</MSGNR>
     <TEXT>Buchung(en) nicht vorhanden</TEXT>
    </T100>
    <T100>
     <SPRSL>D</SPRSL>
     <ARBGB>ZBC414</ARBGB>
     <MSGNR>030</MSGNR>
     <TEXT>Tabelleneintrag erfolgreich aktualisiert</TEXT>
    </T100>
    <T100>
     <SPRSL>D</SPRSL>
     <ARBGB>ZBC414</ARBGB>
     <MSGNR>031</MSGNR>
     <TEXT>&amp;1: Fluggesellschaft aktualisiert</TEXT>
    </T100>
    <T100>
     <SPRSL>D</SPRSL>
     <ARBGB>ZBC414</ARBGB>
     <MSGNR>032</MSGNR>
     <TEXT>&amp;1 &amp;2: Flugverbindung aktualisiert</TEXT>
    </T100>
    <T100>
     <SPRSL>D</SPRSL>
     <ARBGB>ZBC414</ARBGB>
     <MSGNR>033</MSGNR>
     <TEXT>&amp;1 &amp;2 &amp;3: Flug aktualisiert</TEXT>
    </T100>
    <T100>
     <SPRSL>D</SPRSL>
     <ARBGB>ZBC414</ARBGB>
     <MSGNR>034</MSGNR>
     <TEXT>&amp;1 &amp;2 &amp;3: Flug und Buchung(en) aktualisiert</TEXT>
    </T100>
    <T100>
     <SPRSL>D</SPRSL>
     <ARBGB>ZBC414</ARBGB>
     <MSGNR>040</MSGNR>
     <TEXT>Tabelleneintrag konnte nicht aktualisiert werden</TEXT>
    </T100>
    <T100>
     <SPRSL>D</SPRSL>
     <ARBGB>ZBC414</ARBGB>
     <MSGNR>041</MSGNR>
     <TEXT>&amp;1: Fluggesellschaft konnte nicht aktualisiert werden</TEXT>
    </T100>
    <T100>
     <SPRSL>D</SPRSL>
     <ARBGB>ZBC414</ARBGB>
     <MSGNR>042</MSGNR>
     <TEXT>&amp;1 &amp;2: Flugverbindung konnte nicht aktualisiert werden</TEXT>
    </T100>
    <T100>
     <SPRSL>D</SPRSL>
     <ARBGB>ZBC414</ARBGB>
     <MSGNR>043</MSGNR>
     <TEXT>&amp;1 &amp;2 &amp;3: Flug konnte nicht aktualisiert werden</TEXT>
    </T100>
    <T100>
     <SPRSL>D</SPRSL>
     <ARBGB>ZBC414</ARBGB>
     <MSGNR>044</MSGNR>
     <TEXT>&amp;1 &amp;2 &amp;3: Flug und Buchung(en) konnten nicht aktualisiert werden</TEXT>
    </T100>
    <T100>
     <SPRSL>D</SPRSL>
     <ARBGB>ZBC414</ARBGB>
     <MSGNR>045</MSGNR>
     <TEXT>Änderungen nicht erfolgreich (Flug ist ausgebucht)</TEXT>
    </T100>
    <T100>
     <SPRSL>D</SPRSL>
     <ARBGB>ZBC414</ARBGB>
     <MSGNR>046</MSGNR>
     <TEXT>Änderungen nicht erfolgreich (Flug ist nicht gepflegt)</TEXT>
    </T100>
    <T100>
     <SPRSL>D</SPRSL>
     <ARBGB>ZBC414</ARBGB>
     <MSGNR>047</MSGNR>
     <TEXT>Änderungen nicht erfolgreich (Buchung nicht vorhanden)</TEXT>
    </T100>
    <T100>
     <SPRSL>D</SPRSL>
     <ARBGB>ZBC414</ARBGB>
     <MSGNR>048</MSGNR>
     <TEXT>Änderungen nicht erfolgreich</TEXT>
    </T100>
    <T100>
     <SPRSL>D</SPRSL>
     <ARBGB>ZBC414</ARBGB>
     <MSGNR>049</MSGNR>
     <TEXT>Änderungen nicht erfolgreich (Umrechnung auf Hauswährung schlug fehl)</TEXT>
    </T100>
    <T100>
     <SPRSL>D</SPRSL>
     <ARBGB>ZBC414</ARBGB>
     <MSGNR>050</MSGNR>
     <TEXT>Änderungen nicht erfolgreich (Fluggesellschaft bereits angelegt)</TEXT>
    </T100>
    <T100>
     <SPRSL>D</SPRSL>
     <ARBGB>ZBC414</ARBGB>
     <MSGNR>051</MSGNR>
     <TEXT>Änderungen nicht erfolgreich (Flug bereits angelegt)</TEXT>
    </T100>
    <T100>
     <SPRSL>D</SPRSL>
     <ARBGB>ZBC414</ARBGB>
     <MSGNR>052</MSGNR>
     <TEXT>Änderungen nicht erfolgreich (Buchung zum Schlüssel schon erfasst)</TEXT>
    </T100>
    <T100>
     <SPRSL>D</SPRSL>
     <ARBGB>ZBC414</ARBGB>
     <MSGNR>055</MSGNR>
     <TEXT>&amp;1: Fluggesellschaft schon gepflegt</TEXT>
    </T100>
    <T100>
     <SPRSL>D</SPRSL>
     <ARBGB>ZBC414</ARBGB>
     <MSGNR>056</MSGNR>
     <TEXT>&amp;1 &amp;2: Flugverbindung schon gepflegt</TEXT>
    </T100>
    <T100>
     <SPRSL>D</SPRSL>
     <ARBGB>ZBC414</ARBGB>
     <MSGNR>057</MSGNR>
     <TEXT>&amp;1 &amp;2 &amp;3: Flug schon gepflegt</TEXT>
    </T100>
    <T100>
     <SPRSL>D</SPRSL>
     <ARBGB>ZBC414</ARBGB>
     <MSGNR>060</MSGNR>
     <TEXT>Datensatz wird bereits bearbeitet</TEXT>
    </T100>
    <T100>
     <SPRSL>D</SPRSL>
     <ARBGB>ZBC414</ARBGB>
     <MSGNR>061</MSGNR>
     <TEXT>Bearbeitung abgebrochen (Buchung bereits gesperrt)</TEXT>
    </T100>
    <T100>
     <SPRSL>D</SPRSL>
     <ARBGB>ZBC414</ARBGB>
     <MSGNR>062</MSGNR>
     <TEXT>Flug und/oder Buchungen werden bereits bearbeitet</TEXT>
    </T100>
    <T100>
     <SPRSL>D</SPRSL>
     <ARBGB>ZBC414</ARBGB>
     <MSGNR>063</MSGNR>
     <TEXT>Sperranforderung nicht erfolgreich (sy-subrc = &amp;1)</TEXT>
    </T100>
    <T100>
     <SPRSL>D</SPRSL>
     <ARBGB>ZBC414</ARBGB>
     <MSGNR>070</MSGNR>
     <TEXT>Nummernvorrat hat kritische Marke unterschritten</TEXT>
    </T100>
    <T100>
     <SPRSL>D</SPRSL>
     <ARBGB>ZBC414</ARBGB>
     <MSGNR>071</MSGNR>
     <TEXT>Achtung: Letzte Nummer wurde gezogen</TEXT>
    </T100>
    <T100>
     <SPRSL>D</SPRSL>
     <ARBGB>ZBC414</ARBGB>
     <MSGNR>072</MSGNR>
     <TEXT>Keine freie Nummer mehr verfügbar</TEXT>
    </T100>
    <T100>
     <SPRSL>D</SPRSL>
     <ARBGB>ZBC414</ARBGB>
     <MSGNR>073</MSGNR>
     <TEXT>Interner Fehler bei Nummernvergabe (sy-subrc = &amp;1)</TEXT>
    </T100>
    <T100>
     <SPRSL>D</SPRSL>
     <ARBGB>ZBC414</ARBGB>
     <MSGNR>080</MSGNR>
     <TEXT>Fehler bei Umrechnung auf Hauswährung (sy-subrc = &amp;1)</TEXT>
    </T100>
    <T100>
     <SPRSL>D</SPRSL>
     <ARBGB>ZBC414</ARBGB>
     <MSGNR>100</MSGNR>
     <TEXT>Diese Funktionalität muß erst noch implementiert werden.</TEXT>
    </T100>
    <T100>
     <SPRSL>D</SPRSL>
     <ARBGB>ZBC414</ARBGB>
     <MSGNR>110</MSGNR>
     <TEXT>Es wurden &amp; Flugverbindungen auf der Liste ausgegeben.</TEXT>
    </T100>
    <T100>
     <SPRSL>D</SPRSL>
     <ARBGB>ZBC414</ARBGB>
     <MSGNR>111</MSGNR>
     <TEXT>Es konnten keine Daten aus dem ABAP Memory gelesen werden.</TEXT>
    </T100>
    <T100>
     <SPRSL>D</SPRSL>
     <ARBGB>ZBC414</ARBGB>
     <MSGNR>115</MSGNR>
     <TEXT>Verbuchungsauftrag erfolgreich erzeugt.</TEXT>
    </T100>
   </T100>
  </asx:values>
 </asx:abap>
</abapGit>
