﻿<?xml version="1.0" encoding="utf-8"?>
<abapGit version="v1.0.0" serializer="LCL_OBJECT_VIEW" serializer_version="v1.0.0">
 <asx:abap xmlns:asx="http://www.sap.com/abapxml" version="1.0">
  <asx:values>
   <DD25V>
    <VIEWNAME>ZBC414_MV_FLIGHT</VIEWNAME>
    <AS4LOCAL>A</AS4LOCAL>
    <DDLANGUAGE>D</DDLANGUAGE>
    <AGGTYPE>V</AGGTYPE>
    <ROOTTAB>SFLIGHT</ROOTTAB>
    <DDTEXT>BC414: Pflegeview SFLIGHT, SCARR, SPFLI</DDTEXT>
    <VIEWCLASS>C</VIEWCLASS>
    <CUSTOMAUTH>A</CUSTOMAUTH>
    <GLOBALFLAG>X</GLOBALFLAG>
   </DD25V>
   <DD26V_TABLE>
    <DD26V>
     <VIEWNAME>ZBC414_MV_FLIGHT</VIEWNAME>
     <TABNAME>SFLIGHT</TABNAME>
     <TABPOS>0001</TABPOS>
     <FORTABNAME>SFLIGHT</FORTABNAME>
    </DD26V>
    <DD26V>
     <VIEWNAME>ZBC414_MV_FLIGHT</VIEWNAME>
     <TABNAME>SCARR</TABNAME>
     <TABPOS>0002</TABPOS>
     <FORTABNAME>SFLIGHT</FORTABNAME>
     <FORFIELD>CARRID</FORFIELD>
     <FORDIR>E</FORDIR>
    </DD26V>
    <DD26V>
     <VIEWNAME>ZBC414_MV_FLIGHT</VIEWNAME>
     <TABNAME>SPFLI</TABNAME>
     <TABPOS>0003</TABPOS>
     <FORTABNAME>SFLIGHT</FORTABNAME>
     <FORFIELD>CONNID</FORFIELD>
     <FORDIR>E</FORDIR>
    </DD26V>
   </DD26V_TABLE>
   <DD27P_TABLE>
    <DD27P>
     <VIEWNAME>ZBC414_MV_FLIGHT</VIEWNAME>
     <OBJPOS>0001</OBJPOS>
     <DDLANGUAGE>D</DDLANGUAGE>
     <VIEWFIELD>MANDT</VIEWFIELD>
     <TABNAME>SFLIGHT</TABNAME>
     <FIELDNAME>MANDT</FIELDNAME>
     <KEYFLAG>X</KEYFLAG>
     <ROLLNAME>S_MANDT</ROLLNAME>
     <ROLLNAMEVI>S_MANDT</ROLLNAMEVI>
     <CHECKTABLE>T000</CHECKTABLE>
     <SHLPORIGIN>P</SHLPORIGIN>
    </DD27P>
    <DD27P>
     <VIEWNAME>ZBC414_MV_FLIGHT</VIEWNAME>
     <OBJPOS>0002</OBJPOS>
     <DDLANGUAGE>D</DDLANGUAGE>
     <VIEWFIELD>CARRID</VIEWFIELD>
     <TABNAME>SFLIGHT</TABNAME>
     <FIELDNAME>CARRID</FIELDNAME>
     <KEYFLAG>X</KEYFLAG>
     <ROLLNAME>S_CARR_ID</ROLLNAME>
     <ROLLNAMEVI>S_CARR_ID</ROLLNAMEVI>
     <CHECKTABLE>SCARR</CHECKTABLE>
     <SHLPORIGIN>P</SHLPORIGIN>
     <SHLPNAME>S_CARRIER_ID</SHLPNAME>
     <SHLPFIELD>CARRID</SHLPFIELD>
    </DD27P>
    <DD27P>
     <VIEWNAME>ZBC414_MV_FLIGHT</VIEWNAME>
     <OBJPOS>0003</OBJPOS>
     <DDLANGUAGE>D</DDLANGUAGE>
     <VIEWFIELD>CONNID</VIEWFIELD>
     <TABNAME>SFLIGHT</TABNAME>
     <FIELDNAME>CONNID</FIELDNAME>
     <KEYFLAG>X</KEYFLAG>
     <ROLLNAME>S_CONN_ID</ROLLNAME>
     <ROLLNAMEVI>S_CONN_ID</ROLLNAMEVI>
     <CHECKTABLE>SPFLI</CHECKTABLE>
     <SHLPORIGIN>P</SHLPORIGIN>
    </DD27P>
    <DD27P>
     <VIEWNAME>ZBC414_MV_FLIGHT</VIEWNAME>
     <OBJPOS>0004</OBJPOS>
     <DDLANGUAGE>D</DDLANGUAGE>
     <VIEWFIELD>FLDATE</VIEWFIELD>
     <TABNAME>SFLIGHT</TABNAME>
     <FIELDNAME>FLDATE</FIELDNAME>
     <KEYFLAG>X</KEYFLAG>
     <ROLLNAME>S_DATE</ROLLNAME>
     <ROLLNAMEVI>S_DATE</ROLLNAMEVI>
     <SHLPORIGIN>T</SHLPORIGIN>
    </DD27P>
    <DD27P>
     <VIEWNAME>ZBC414_MV_FLIGHT</VIEWNAME>
     <OBJPOS>0005</OBJPOS>
     <DDLANGUAGE>D</DDLANGUAGE>
     <VIEWFIELD>PRICE</VIEWFIELD>
     <TABNAME>SFLIGHT</TABNAME>
     <FIELDNAME>PRICE</FIELDNAME>
     <ROLLNAME>S_PRICE</ROLLNAME>
     <ROLLNAMEVI>S_PRICE</ROLLNAMEVI>
     <REFTABLE>SFLIGHT</REFTABLE>
     <REFFIELD>CURRENCY</REFFIELD>
    </DD27P>
    <DD27P>
     <VIEWNAME>ZBC414_MV_FLIGHT</VIEWNAME>
     <OBJPOS>0006</OBJPOS>
     <DDLANGUAGE>D</DDLANGUAGE>
     <VIEWFIELD>CURRENCY</VIEWFIELD>
     <TABNAME>SFLIGHT</TABNAME>
     <FIELDNAME>CURRENCY</FIELDNAME>
     <ROLLNAME>S_CURRCODE</ROLLNAME>
     <ROLLNAMEVI>S_CURRCODE</ROLLNAMEVI>
     <CHECKTABLE>SCURX</CHECKTABLE>
     <SHLPORIGIN>P</SHLPORIGIN>
    </DD27P>
    <DD27P>
     <VIEWNAME>ZBC414_MV_FLIGHT</VIEWNAME>
     <OBJPOS>0007</OBJPOS>
     <DDLANGUAGE>D</DDLANGUAGE>
     <VIEWFIELD>PLANETYPE</VIEWFIELD>
     <TABNAME>SFLIGHT</TABNAME>
     <FIELDNAME>PLANETYPE</FIELDNAME>
     <ROLLNAME>S_PLANETYE</ROLLNAME>
     <ROLLNAMEVI>S_PLANETYE</ROLLNAMEVI>
     <CHECKTABLE>SAPLANE</CHECKTABLE>
     <SHLPORIGIN>P</SHLPORIGIN>
     <LOGFLAG>X</LOGFLAG>
    </DD27P>
    <DD27P>
     <VIEWNAME>ZBC414_MV_FLIGHT</VIEWNAME>
     <OBJPOS>0008</OBJPOS>
     <DDLANGUAGE>D</DDLANGUAGE>
     <VIEWFIELD>SEATSMAX</VIEWFIELD>
     <TABNAME>SFLIGHT</TABNAME>
     <FIELDNAME>SEATSMAX</FIELDNAME>
     <ROLLNAME>S_SEATSMAX</ROLLNAME>
     <ROLLNAMEVI>S_SEATSMAX</ROLLNAMEVI>
     <SHLPORIGIN>F</SHLPORIGIN>
     <VALEXI>X</VALEXI>
    </DD27P>
    <DD27P>
     <VIEWNAME>ZBC414_MV_FLIGHT</VIEWNAME>
     <OBJPOS>0009</OBJPOS>
     <DDLANGUAGE>D</DDLANGUAGE>
     <VIEWFIELD>SEATSOCC</VIEWFIELD>
     <TABNAME>SFLIGHT</TABNAME>
     <FIELDNAME>SEATSOCC</FIELDNAME>
     <ROLLNAME>S_SEATSOCC</ROLLNAME>
     <ROLLNAMEVI>S_SEATSOCC</ROLLNAMEVI>
     <SHLPORIGIN>F</SHLPORIGIN>
     <VALEXI>X</VALEXI>
    </DD27P>
    <DD27P>
     <VIEWNAME>ZBC414_MV_FLIGHT</VIEWNAME>
     <OBJPOS>0010</OBJPOS>
     <DDLANGUAGE>D</DDLANGUAGE>
     <VIEWFIELD>PAYMENTSUM</VIEWFIELD>
     <TABNAME>SFLIGHT</TABNAME>
     <FIELDNAME>PAYMENTSUM</FIELDNAME>
     <ROLLNAME>S_SUM</ROLLNAME>
     <ROLLNAMEVI>S_SUM</ROLLNAMEVI>
     <REFTABLE>SFLIGHT</REFTABLE>
     <REFFIELD>CURRENCY</REFFIELD>
    </DD27P>
    <DD27P>
     <VIEWNAME>ZBC414_MV_FLIGHT</VIEWNAME>
     <OBJPOS>0011</OBJPOS>
     <DDLANGUAGE>D</DDLANGUAGE>
     <VIEWFIELD>SEATSMAX_B</VIEWFIELD>
     <TABNAME>SFLIGHT</TABNAME>
     <FIELDNAME>SEATSMAX_B</FIELDNAME>
     <ROLLNAME>S_SMAX_B</ROLLNAME>
     <ROLLNAMEVI>S_SMAX_B</ROLLNAMEVI>
     <SHLPORIGIN>F</SHLPORIGIN>
     <VALEXI>X</VALEXI>
    </DD27P>
    <DD27P>
     <VIEWNAME>ZBC414_MV_FLIGHT</VIEWNAME>
     <OBJPOS>0012</OBJPOS>
     <DDLANGUAGE>D</DDLANGUAGE>
     <VIEWFIELD>SEATSOCC_B</VIEWFIELD>
     <TABNAME>SFLIGHT</TABNAME>
     <FIELDNAME>SEATSOCC_B</FIELDNAME>
     <ROLLNAME>S_SOCC_B</ROLLNAME>
     <ROLLNAMEVI>S_SOCC_B</ROLLNAMEVI>
     <SHLPORIGIN>F</SHLPORIGIN>
     <VALEXI>X</VALEXI>
    </DD27P>
    <DD27P>
     <VIEWNAME>ZBC414_MV_FLIGHT</VIEWNAME>
     <OBJPOS>0013</OBJPOS>
     <DDLANGUAGE>D</DDLANGUAGE>
     <VIEWFIELD>SEATSMAX_F</VIEWFIELD>
     <TABNAME>SFLIGHT</TABNAME>
     <FIELDNAME>SEATSMAX_F</FIELDNAME>
     <ROLLNAME>S_SMAX_F</ROLLNAME>
     <ROLLNAMEVI>S_SMAX_F</ROLLNAMEVI>
     <SHLPORIGIN>F</SHLPORIGIN>
     <VALEXI>X</VALEXI>
    </DD27P>
    <DD27P>
     <VIEWNAME>ZBC414_MV_FLIGHT</VIEWNAME>
     <OBJPOS>0014</OBJPOS>
     <DDLANGUAGE>D</DDLANGUAGE>
     <VIEWFIELD>SEATSOCC_F</VIEWFIELD>
     <TABNAME>SFLIGHT</TABNAME>
     <FIELDNAME>SEATSOCC_F</FIELDNAME>
     <ROLLNAME>S_SOCC_F</ROLLNAME>
     <ROLLNAMEVI>S_SOCC_F</ROLLNAMEVI>
     <SHLPORIGIN>F</SHLPORIGIN>
     <VALEXI>X</VALEXI>
    </DD27P>
    <DD27P>
     <VIEWNAME>ZBC414_MV_FLIGHT</VIEWNAME>
     <OBJPOS>0015</OBJPOS>
     <DDLANGUAGE>D</DDLANGUAGE>
     <VIEWFIELD>COUNTRYFR</VIEWFIELD>
     <TABNAME>SPFLI</TABNAME>
     <FIELDNAME>COUNTRYFR</FIELDNAME>
     <ROLLNAME>LAND1</ROLLNAME>
     <ROLLNAMEVI>LAND1</ROLLNAMEVI>
     <CHECKTABLE>SGEOCITY</CHECKTABLE>
     <SHLPORIGIN>P</SHLPORIGIN>
     <LOGFLAG>X</LOGFLAG>
    </DD27P>
    <DD27P>
     <VIEWNAME>ZBC414_MV_FLIGHT</VIEWNAME>
     <OBJPOS>0016</OBJPOS>
     <DDLANGUAGE>D</DDLANGUAGE>
     <VIEWFIELD>CITYFROM</VIEWFIELD>
     <TABNAME>SPFLI</TABNAME>
     <FIELDNAME>CITYFROM</FIELDNAME>
     <ROLLNAME>S_FROM_CIT</ROLLNAME>
     <ROLLNAMEVI>S_FROM_CIT</ROLLNAMEVI>
     <CHECKTABLE>SGEOCITY</CHECKTABLE>
     <SHLPORIGIN>P</SHLPORIGIN>
    </DD27P>
    <DD27P>
     <VIEWNAME>ZBC414_MV_FLIGHT</VIEWNAME>
     <OBJPOS>0017</OBJPOS>
     <DDLANGUAGE>D</DDLANGUAGE>
     <VIEWFIELD>AIRPFROM</VIEWFIELD>
     <TABNAME>SPFLI</TABNAME>
     <FIELDNAME>AIRPFROM</FIELDNAME>
     <ROLLNAME>S_FROMAIRP</ROLLNAME>
     <ROLLNAMEVI>S_FROMAIRP</ROLLNAMEVI>
     <CHECKTABLE>SAIRPORT</CHECKTABLE>
     <SHLPORIGIN>X</SHLPORIGIN>
    </DD27P>
    <DD27P>
     <VIEWNAME>ZBC414_MV_FLIGHT</VIEWNAME>
     <OBJPOS>0018</OBJPOS>
     <DDLANGUAGE>D</DDLANGUAGE>
     <VIEWFIELD>COUNTRYTO</VIEWFIELD>
     <TABNAME>SPFLI</TABNAME>
     <FIELDNAME>COUNTRYTO</FIELDNAME>
     <ROLLNAME>LAND1</ROLLNAME>
     <ROLLNAMEVI>LAND1</ROLLNAMEVI>
     <CHECKTABLE>SGEOCITY</CHECKTABLE>
     <SHLPORIGIN>P</SHLPORIGIN>
     <LOGFLAG>X</LOGFLAG>
    </DD27P>
    <DD27P>
     <VIEWNAME>ZBC414_MV_FLIGHT</VIEWNAME>
     <OBJPOS>0019</OBJPOS>
     <DDLANGUAGE>D</DDLANGUAGE>
     <VIEWFIELD>CITYTO</VIEWFIELD>
     <TABNAME>SPFLI</TABNAME>
     <FIELDNAME>CITYTO</FIELDNAME>
     <ROLLNAME>S_TO_CITY</ROLLNAME>
     <ROLLNAMEVI>S_TO_CITY</ROLLNAMEVI>
     <CHECKTABLE>SGEOCITY</CHECKTABLE>
     <SHLPORIGIN>P</SHLPORIGIN>
    </DD27P>
    <DD27P>
     <VIEWNAME>ZBC414_MV_FLIGHT</VIEWNAME>
     <OBJPOS>0020</OBJPOS>
     <DDLANGUAGE>D</DDLANGUAGE>
     <VIEWFIELD>AIRPTO</VIEWFIELD>
     <TABNAME>SPFLI</TABNAME>
     <FIELDNAME>AIRPTO</FIELDNAME>
     <ROLLNAME>S_TOAIRP</ROLLNAME>
     <ROLLNAMEVI>S_TOAIRP</ROLLNAMEVI>
     <CHECKTABLE>SAIRPORT</CHECKTABLE>
     <SHLPORIGIN>X</SHLPORIGIN>
    </DD27P>
    <DD27P>
     <VIEWNAME>ZBC414_MV_FLIGHT</VIEWNAME>
     <OBJPOS>0021</OBJPOS>
     <DDLANGUAGE>D</DDLANGUAGE>
     <VIEWFIELD>FLTIME</VIEWFIELD>
     <TABNAME>SPFLI</TABNAME>
     <FIELDNAME>FLTIME</FIELDNAME>
     <ROLLNAME>S_FLTIME</ROLLNAME>
     <ROLLNAMEVI>S_FLTIME</ROLLNAMEVI>
    </DD27P>
    <DD27P>
     <VIEWNAME>ZBC414_MV_FLIGHT</VIEWNAME>
     <OBJPOS>0022</OBJPOS>
     <DDLANGUAGE>D</DDLANGUAGE>
     <VIEWFIELD>DEPTIME</VIEWFIELD>
     <TABNAME>SPFLI</TABNAME>
     <FIELDNAME>DEPTIME</FIELDNAME>
     <ROLLNAME>S_DEP_TIME</ROLLNAME>
     <ROLLNAMEVI>S_DEP_TIME</ROLLNAMEVI>
     <SHLPORIGIN>T</SHLPORIGIN>
    </DD27P>
    <DD27P>
     <VIEWNAME>ZBC414_MV_FLIGHT</VIEWNAME>
     <OBJPOS>0023</OBJPOS>
     <DDLANGUAGE>D</DDLANGUAGE>
     <VIEWFIELD>ARRTIME</VIEWFIELD>
     <TABNAME>SPFLI</TABNAME>
     <FIELDNAME>ARRTIME</FIELDNAME>
     <ROLLNAME>S_ARR_TIME</ROLLNAME>
     <ROLLNAMEVI>S_ARR_TIME</ROLLNAMEVI>
     <SHLPORIGIN>T</SHLPORIGIN>
    </DD27P>
    <DD27P>
     <VIEWNAME>ZBC414_MV_FLIGHT</VIEWNAME>
     <OBJPOS>0024</OBJPOS>
     <DDLANGUAGE>D</DDLANGUAGE>
     <VIEWFIELD>DISTANCE</VIEWFIELD>
     <TABNAME>SPFLI</TABNAME>
     <FIELDNAME>DISTANCE</FIELDNAME>
     <ROLLNAME>S_DISTANCE</ROLLNAME>
     <ROLLNAMEVI>S_DISTANCE</ROLLNAMEVI>
     <REFTABLE>SPFLI</REFTABLE>
     <REFFIELD>DISTID</REFFIELD>
    </DD27P>
    <DD27P>
     <VIEWNAME>ZBC414_MV_FLIGHT</VIEWNAME>
     <OBJPOS>0025</OBJPOS>
     <DDLANGUAGE>D</DDLANGUAGE>
     <VIEWFIELD>DISTID</VIEWFIELD>
     <TABNAME>SPFLI</TABNAME>
     <FIELDNAME>DISTID</FIELDNAME>
     <ROLLNAME>S_DISTID</ROLLNAME>
     <ROLLNAMEVI>S_DISTID</ROLLNAMEVI>
     <SHLPORIGIN>D</SHLPORIGIN>
     <SHLPNAME>S_UNIT_DIST</SHLPNAME>
     <SHLPFIELD>MSEHI</SHLPFIELD>
    </DD27P>
    <DD27P>
     <VIEWNAME>ZBC414_MV_FLIGHT</VIEWNAME>
     <OBJPOS>0026</OBJPOS>
     <DDLANGUAGE>D</DDLANGUAGE>
     <VIEWFIELD>FLTYPE</VIEWFIELD>
     <TABNAME>SPFLI</TABNAME>
     <FIELDNAME>FLTYPE</FIELDNAME>
     <ROLLNAME>S_FLTYPE</ROLLNAME>
     <ROLLNAMEVI>S_FLTYPE</ROLLNAMEVI>
     <SHLPORIGIN>F</SHLPORIGIN>
     <VALEXI>X</VALEXI>
    </DD27P>
    <DD27P>
     <VIEWNAME>ZBC414_MV_FLIGHT</VIEWNAME>
     <OBJPOS>0027</OBJPOS>
     <DDLANGUAGE>D</DDLANGUAGE>
     <VIEWFIELD>PERIOD</VIEWFIELD>
     <TABNAME>SPFLI</TABNAME>
     <FIELDNAME>PERIOD</FIELDNAME>
     <ROLLNAME>S_PERIOD</ROLLNAME>
     <ROLLNAMEVI>S_PERIOD</ROLLNAMEVI>
    </DD27P>
    <DD27P>
     <VIEWNAME>ZBC414_MV_FLIGHT</VIEWNAME>
     <OBJPOS>0028</OBJPOS>
     <DDLANGUAGE>D</DDLANGUAGE>
     <VIEWFIELD>CARRNAME</VIEWFIELD>
     <TABNAME>SCARR</TABNAME>
     <FIELDNAME>CARRNAME</FIELDNAME>
     <ROLLNAME>S_CARRNAME</ROLLNAME>
     <ROLLNAMEVI>S_CARRNAME</ROLLNAMEVI>
    </DD27P>
    <DD27P>
     <VIEWNAME>ZBC414_MV_FLIGHT</VIEWNAME>
     <OBJPOS>0029</OBJPOS>
     <DDLANGUAGE>D</DDLANGUAGE>
     <VIEWFIELD>CURRCODE</VIEWFIELD>
     <TABNAME>SCARR</TABNAME>
     <FIELDNAME>CURRCODE</FIELDNAME>
     <ROLLNAME>S_CURRCODE</ROLLNAME>
     <ROLLNAMEVI>S_CURRCODE</ROLLNAMEVI>
     <CHECKTABLE>SCURX</CHECKTABLE>
     <SHLPORIGIN>P</SHLPORIGIN>
    </DD27P>
   </DD27P_TABLE>
   <DD28J_TABLE>
    <DD28J>
     <VIEWNAME>ZBC414_MV_FLIGHT</VIEWNAME>
     <LTAB>SCARR</LTAB>
     <LFIELD>MANDT</LFIELD>
     <OPERATOR>EQ</OPERATOR>
     <RTAB>SFLIGHT</RTAB>
     <RFIELD>MANDT</RFIELD>
     <SOURCE>F</SOURCE>
     <FRKTAB>SFLIGHT</FRKTAB>
     <FRKFIELD>CARRID</FRKFIELD>
     <FRKDIR>E</FRKDIR>
    </DD28J>
    <DD28J>
     <VIEWNAME>ZBC414_MV_FLIGHT</VIEWNAME>
     <LTAB>SCARR</LTAB>
     <LFIELD>CARRID</LFIELD>
     <OPERATOR>EQ</OPERATOR>
     <RTAB>SFLIGHT</RTAB>
     <RFIELD>CARRID</RFIELD>
     <SOURCE>F</SOURCE>
     <FRKTAB>SFLIGHT</FRKTAB>
     <FRKFIELD>CARRID</FRKFIELD>
     <FRKDIR>E</FRKDIR>
    </DD28J>
    <DD28J>
     <VIEWNAME>ZBC414_MV_FLIGHT</VIEWNAME>
     <LTAB>SPFLI</LTAB>
     <LFIELD>MANDT</LFIELD>
     <OPERATOR>EQ</OPERATOR>
     <RTAB>SFLIGHT</RTAB>
     <RFIELD>MANDT</RFIELD>
     <SOURCE>F</SOURCE>
     <FRKTAB>SFLIGHT</FRKTAB>
     <FRKFIELD>CONNID</FRKFIELD>
     <FRKDIR>E</FRKDIR>
    </DD28J>
    <DD28J>
     <VIEWNAME>ZBC414_MV_FLIGHT</VIEWNAME>
     <LTAB>SPFLI</LTAB>
     <LFIELD>CARRID</LFIELD>
     <OPERATOR>EQ</OPERATOR>
     <RTAB>SFLIGHT</RTAB>
     <RFIELD>CARRID</RFIELD>
     <SOURCE>F</SOURCE>
     <FRKTAB>SFLIGHT</FRKTAB>
     <FRKFIELD>CONNID</FRKFIELD>
     <FRKDIR>E</FRKDIR>
    </DD28J>
    <DD28J>
     <VIEWNAME>ZBC414_MV_FLIGHT</VIEWNAME>
     <LTAB>SPFLI</LTAB>
     <LFIELD>CONNID</LFIELD>
     <OPERATOR>EQ</OPERATOR>
     <RTAB>SFLIGHT</RTAB>
     <RFIELD>CONNID</RFIELD>
     <SOURCE>F</SOURCE>
     <FRKTAB>SFLIGHT</FRKTAB>
     <FRKFIELD>CONNID</FRKFIELD>
     <FRKDIR>E</FRKDIR>
    </DD28J>
   </DD28J_TABLE>
  </asx:values>
 </asx:abap>
</abapGit>
