﻿<?xml version="1.0" encoding="utf-8"?>
<abapGit version="v1.0.0" serializer="LCL_OBJECT_FUGR" serializer_version="v1.0.0">
 <asx:abap xmlns:asx="http://www.sap.com/abapxml" version="1.0">
  <asx:values>
   <AREAT>BC414: Datenbankoperationen</AREAT>
   <INCLUDES>
    <SOBJ_NAME>LZBC414_DBF01</SOBJ_NAME>
    <SOBJ_NAME>LZBC414_DBI01</SOBJ_NAME>
    <SOBJ_NAME>LZBC414_DBO01</SOBJ_NAME>
    <SOBJ_NAME>LZBC414_DBTOP</SOBJ_NAME>
    <SOBJ_NAME>SAPLZBC414_DB</SOBJ_NAME>
   </INCLUDES>
   <FUNCTIONS>
    <item>
     <FUNCNAME>ZBC414_LOCK_DEMO</FUNCNAME>
     <REMOTE_CALL>R</REMOTE_CALL>
     <SHORT_TEXT>BC414: Demo - Locks set in differen programs</SHORT_TEXT>
    </item>
    <item>
     <FUNCNAME>ZBC414_SFLIGHT_DUMMY</FUNCNAME>
     <UPDATE_TASK>1</UPDATE_TASK>
     <SHORT_TEXT>BC414: Demo - Creation of dummy update requests (V1)</SHORT_TEXT>
     <IMPORT>
      <RSIMP>
       <PARAMETER>IS_SFLIGHT</PARAMETER>
       <DBFIELD>SFLIGHT</DBFIELD>
      </RSIMP>
     </IMPORT>
     <DOCUMENTATION>
      <RSFDO>
       <PARAMETER>IS_SFLIGHT</PARAMETER>
       <KIND>P</KIND>
       <INDEX> 001</INDEX>
      </RSFDO>
     </DOCUMENTATION>
    </item>
    <item>
     <FUNCNAME>ZBC414_UPDATE_D1</FUNCNAME>
     <UPDATE_TASK>1</UPDATE_TASK>
     <SHORT_TEXT>BC414: Function module not calling any form with addition On Commit</SHORT_TEXT>
     <IMPORT>
      <RSIMP>
       <PARAMETER>IV_TEXT</PARAMETER>
       <TYP>TEXT10</TYP>
      </RSIMP>
     </IMPORT>
     <DOCUMENTATION>
      <RSFDO>
       <PARAMETER>IV_TEXT</PARAMETER>
       <KIND>P</KIND>
       <STEXT>Text (10 Characters)</STEXT>
       <INDEX> 001</INDEX>
      </RSFDO>
     </DOCUMENTATION>
    </item>
    <item>
     <FUNCNAME>ZBC414_UPDATE_D2</FUNCNAME>
     <UPDATE_TASK>1</UPDATE_TASK>
     <SHORT_TEXT>BC414: Function module calling subroutine with addition On Commit</SHORT_TEXT>
     <IMPORT>
      <RSIMP>
       <PARAMETER>IV_TEXT</PARAMETER>
       <TYP>TEXT10</TYP>
      </RSIMP>
     </IMPORT>
     <DOCUMENTATION>
      <RSFDO>
       <PARAMETER>IV_TEXT</PARAMETER>
       <KIND>P</KIND>
       <STEXT>Text (10 Characters)</STEXT>
       <INDEX> 001</INDEX>
      </RSFDO>
     </DOCUMENTATION>
    </item>
    <item>
     <FUNCNAME>ZBC414_UPDATE_ERROR</FUNCNAME>
     <UPDATE_TASK>1</UPDATE_TASK>
     <SHORT_TEXT>BC414: Demo - Message of type A in update module (V1)</SHORT_TEXT>
     <IMPORT>
      <RSIMP>
       <PARAMETER>IS_SPFLI</PARAMETER>
       <TYP>SPFLI</TYP>
      </RSIMP>
     </IMPORT>
     <DOCUMENTATION>
      <RSFDO>
       <PARAMETER>IS_SPFLI</PARAMETER>
       <KIND>P</KIND>
       <STEXT>Flight Schedule</STEXT>
       <INDEX> 001</INDEX>
      </RSFDO>
     </DOCUMENTATION>
    </item>
    <item>
     <FUNCNAME>ZDELETE_SBOOK</FUNCNAME>
     <UPDATE_TASK>1</UPDATE_TASK>
     <SHORT_TEXT>BC414: Delete dataset from DB table SBOOK</SHORT_TEXT>
     <IMPORT>
      <RSIMP>
       <PARAMETER>IS_SBOOK</PARAMETER>
       <DBFIELD>SBOOK</DBFIELD>
      </RSIMP>
     </IMPORT>
     <EXCEPTION>
      <RSEXC>
       <EXCEPTION>DELETION_FAILURE</EXCEPTION>
      </RSEXC>
     </EXCEPTION>
     <DOCUMENTATION>
      <RSFDO>
       <PARAMETER>IS_SBOOK</PARAMETER>
       <KIND>P</KIND>
       <STEXT>Dataset to delete</STEXT>
       <INDEX> 001</INDEX>
      </RSFDO>
      <RSFDO>
       <PARAMETER>DELETION_FAILURE</PARAMETER>
       <KIND>X</KIND>
       <STEXT>Error deleting dataset in table SBOOK</STEXT>
       <INDEX> 002</INDEX>
      </RSFDO>
     </DOCUMENTATION>
    </item>
    <item>
     <FUNCNAME>ZDISPLAY_SPFLI</FUNCNAME>
     <SHORT_TEXT>BC414: Demo - Info popup displaying SPFLI data</SHORT_TEXT>
     <IMPORT>
      <RSIMP>
       <PARAMETER>IV_CARRID</PARAMETER>
       <REFERENCE>X</REFERENCE>
       <TYP>S_CARR_ID</TYP>
      </RSIMP>
      <RSIMP>
       <PARAMETER>IV_CONNID</PARAMETER>
       <REFERENCE>X</REFERENCE>
       <TYP>S_CONN_ID</TYP>
      </RSIMP>
     </IMPORT>
     <EXCEPTION>
      <RSEXC>
       <EXCEPTION>INVALID_KEY</EXCEPTION>
      </RSEXC>
     </EXCEPTION>
     <DOCUMENTATION>
      <RSFDO>
       <PARAMETER>IV_CARRID</PARAMETER>
       <KIND>P</KIND>
       <STEXT>Airline Carrier</STEXT>
       <INDEX> 001</INDEX>
      </RSFDO>
      <RSFDO>
       <PARAMETER>IV_CONNID</PARAMETER>
       <KIND>P</KIND>
       <STEXT>Connection Number</STEXT>
       <INDEX> 002</INDEX>
      </RSFDO>
      <RSFDO>
       <PARAMETER>INVALID_KEY</PARAMETER>
       <KIND>X</KIND>
       <STEXT>Key not valid</STEXT>
       <INDEX> 003</INDEX>
      </RSFDO>
     </DOCUMENTATION>
    </item>
    <item>
     <FUNCNAME>ZINSERT_SBOOK</FUNCNAME>
     <UPDATE_TASK>1</UPDATE_TASK>
     <SHORT_TEXT>BC414: Insert new booking in DB table SBOOK</SHORT_TEXT>
     <IMPORT>
      <RSIMP>
       <PARAMETER>IS_SBOOK</PARAMETER>
       <DBFIELD>SBOOK</DBFIELD>
      </RSIMP>
     </IMPORT>
     <EXCEPTION>
      <RSEXC>
       <EXCEPTION>INSERT_FAILURE</EXCEPTION>
      </RSEXC>
     </EXCEPTION>
     <DOCUMENTATION>
      <RSFDO>
       <PARAMETER>IS_SBOOK</PARAMETER>
       <KIND>P</KIND>
       <STEXT>Data set to be inserted in DB table SBOOK</STEXT>
       <INDEX> 001</INDEX>
      </RSFDO>
      <RSFDO>
       <PARAMETER>INSERT_FAILURE</PARAMETER>
       <KIND>X</KIND>
       <STEXT>Error during insert into SBOOK</STEXT>
       <INDEX> 002</INDEX>
      </RSFDO>
     </DOCUMENTATION>
    </item>
    <item>
     <FUNCNAME>ZINSERT_SCUSTOM</FUNCNAME>
     <UPDATE_TASK>1</UPDATE_TASK>
     <SHORT_TEXT>BC414: Insert custoner record in DB table SCUSTOM</SHORT_TEXT>
     <IMPORT>
      <RSIMP>
       <PARAMETER>IS_SCUST</PARAMETER>
       <TYP>SCUSTOM</TYP>
      </RSIMP>
     </IMPORT>
     <EXCEPTION>
      <RSEXC>
       <EXCEPTION>INSERT_FAILURE</EXCEPTION>
      </RSEXC>
     </EXCEPTION>
     <DOCUMENTATION>
      <RSFDO>
       <PARAMETER>IS_SCUST</PARAMETER>
       <KIND>P</KIND>
       <STEXT>Data set to be inserted in DB table</STEXT>
       <INDEX> 001</INDEX>
      </RSFDO>
      <RSFDO>
       <PARAMETER>INSERT_FAILURE</PARAMETER>
       <KIND>X</KIND>
       <STEXT>Error during insert</STEXT>
       <INDEX> 002</INDEX>
      </RSFDO>
     </DOCUMENTATION>
    </item>
    <item>
     <FUNCNAME>ZREAD_SPFLI</FUNCNAME>
     <SHORT_TEXT>BC414: Demo - Reading a connection from DB table SPFLI</SHORT_TEXT>
     <IMPORT>
      <RSIMP>
       <PARAMETER>IV_CARRID</PARAMETER>
       <REFERENCE>X</REFERENCE>
       <TYP>S_CARR_ID</TYP>
      </RSIMP>
      <RSIMP>
       <PARAMETER>IV_CONNID</PARAMETER>
       <REFERENCE>X</REFERENCE>
       <TYP>S_CONN_ID</TYP>
      </RSIMP>
     </IMPORT>
     <EXPORT>
      <RSEXP>
       <PARAMETER>ES_SPFLI</PARAMETER>
       <REFERENCE>X</REFERENCE>
       <TYP>SPFLI</TYP>
      </RSEXP>
     </EXPORT>
     <EXCEPTION>
      <RSEXC>
       <EXCEPTION>INVALID_KEY</EXCEPTION>
      </RSEXC>
     </EXCEPTION>
     <DOCUMENTATION>
      <RSFDO>
       <PARAMETER>IV_CARRID</PARAMETER>
       <KIND>P</KIND>
       <STEXT>Airline Carrier</STEXT>
       <INDEX> 001</INDEX>
      </RSFDO>
      <RSFDO>
       <PARAMETER>IV_CONNID</PARAMETER>
       <KIND>P</KIND>
       <STEXT>Connection Number</STEXT>
       <INDEX> 002</INDEX>
      </RSFDO>
      <RSFDO>
       <PARAMETER>ES_SPFLI</PARAMETER>
       <KIND>P</KIND>
       <STEXT>Flight Schedule</STEXT>
       <INDEX> 003</INDEX>
      </RSFDO>
      <RSFDO>
       <PARAMETER>INVALID_KEY</PARAMETER>
       <KIND>X</KIND>
       <STEXT>Invalid key</STEXT>
       <INDEX> 004</INDEX>
      </RSFDO>
     </DOCUMENTATION>
    </item>
    <item>
     <FUNCNAME>ZUPDATE_SBOOK</FUNCNAME>
     <UPDATE_TASK>1</UPDATE_TASK>
     <SHORT_TEXT>BC414: Update of DB table SBOOK</SHORT_TEXT>
     <IMPORT>
      <RSIMP>
       <PARAMETER>IT_SBOOK</PARAMETER>
       <TYP>BC_SBOOK</TYP>
      </RSIMP>
     </IMPORT>
     <EXCEPTION>
      <RSEXC>
       <EXCEPTION>UPDATE_FAILURE</EXCEPTION>
      </RSEXC>
     </EXCEPTION>
     <DOCUMENTATION>
      <RSFDO>
       <PARAMETER>IT_SBOOK</PARAMETER>
       <KIND>P</KIND>
       <STEXT>Data sets to be updated in DB table SBOOK</STEXT>
       <INDEX> 001</INDEX>
      </RSFDO>
      <RSFDO>
       <PARAMETER>UPDATE_FAILURE</PARAMETER>
       <KIND>X</KIND>
       <STEXT>Error during update of table SBOOK</STEXT>
       <INDEX> 002</INDEX>
      </RSFDO>
     </DOCUMENTATION>
    </item>
    <item>
     <FUNCNAME>ZUPDATE_SBOOK_A</FUNCNAME>
     <SHORT_TEXT>BC414: Update of DB table SBOOK</SHORT_TEXT>
     <IMPORT>
      <RSIMP>
       <PARAMETER>IT_SBOOK</PARAMETER>
       <TYP>BC_SBOOK</TYP>
      </RSIMP>
     </IMPORT>
     <EXCEPTION>
      <RSEXC>
       <EXCEPTION>UPDATE_FAILURE</EXCEPTION>
      </RSEXC>
     </EXCEPTION>
     <DOCUMENTATION>
      <RSFDO>
       <PARAMETER>IT_SBOOK</PARAMETER>
       <KIND>P</KIND>
       <STEXT>Data sets to be updated in DB table SBOOK</STEXT>
       <INDEX> 001</INDEX>
      </RSFDO>
      <RSFDO>
       <PARAMETER>UPDATE_FAILURE</PARAMETER>
       <KIND>X</KIND>
       <STEXT>Error during update of table SBOOK</STEXT>
       <INDEX> 002</INDEX>
      </RSFDO>
     </DOCUMENTATION>
    </item>
    <item>
     <FUNCNAME>ZUPDATE_SFLIGHT</FUNCNAME>
     <UPDATE_TASK>1</UPDATE_TASK>
     <SHORT_TEXT>BC414: Update of DB table SFLIGHT</SHORT_TEXT>
     <IMPORT>
      <RSIMP>
       <PARAMETER>IV_CARRID</PARAMETER>
       <TYP>S_CARR_ID</TYP>
      </RSIMP>
      <RSIMP>
       <PARAMETER>IV_CONNID</PARAMETER>
       <TYP>S_CONN_ID</TYP>
      </RSIMP>
      <RSIMP>
       <PARAMETER>IV_FLDATE</PARAMETER>
       <TYP>S_DATE</TYP>
      </RSIMP>
     </IMPORT>
     <EXCEPTION>
      <RSEXC>
       <EXCEPTION>UPDATE_FAILURE</EXCEPTION>
      </RSEXC>
      <RSEXC>
       <EXCEPTION>FLIGHT_FULL</EXCEPTION>
      </RSEXC>
      <RSEXC>
       <EXCEPTION>FLIGHT_NOT_FOUND</EXCEPTION>
      </RSEXC>
     </EXCEPTION>
     <DOCUMENTATION>
      <RSFDO>
       <PARAMETER>IV_CARRID</PARAMETER>
       <KIND>P</KIND>
       <STEXT>Airline Carrier</STEXT>
       <INDEX> 001</INDEX>
      </RSFDO>
      <RSFDO>
       <PARAMETER>IV_CONNID</PARAMETER>
       <KIND>P</KIND>
       <STEXT>Connection Number</STEXT>
       <INDEX> 002</INDEX>
      </RSFDO>
      <RSFDO>
       <PARAMETER>IV_FLDATE</PARAMETER>
       <KIND>P</KIND>
       <STEXT>Date</STEXT>
       <INDEX> 003</INDEX>
      </RSFDO>
      <RSFDO>
       <PARAMETER>UPDATE_FAILURE</PARAMETER>
       <KIND>X</KIND>
       <STEXT>Error during update of table SBOOK</STEXT>
       <INDEX> 004</INDEX>
      </RSFDO>
      <RSFDO>
       <PARAMETER>FLIGHT_FULL</PARAMETER>
       <KIND>X</KIND>
       <STEXT>Flight is fully booked</STEXT>
       <INDEX> 005</INDEX>
      </RSFDO>
      <RSFDO>
       <PARAMETER>FLIGHT_NOT_FOUND</PARAMETER>
       <KIND>X</KIND>
       <INDEX> 006</INDEX>
      </RSFDO>
     </DOCUMENTATION>
    </item>
    <item>
     <FUNCNAME>ZUPDATE_SFLIGHT_A</FUNCNAME>
     <SHORT_TEXT>BC414: Update of DB table SFLIGHT</SHORT_TEXT>
     <IMPORT>
      <RSIMP>
       <PARAMETER>IV_CARRID</PARAMETER>
       <TYP>S_CARR_ID</TYP>
      </RSIMP>
      <RSIMP>
       <PARAMETER>IV_CONNID</PARAMETER>
       <TYP>S_CONN_ID</TYP>
      </RSIMP>
      <RSIMP>
       <PARAMETER>IV_FLDATE</PARAMETER>
       <TYP>S_DATE</TYP>
      </RSIMP>
     </IMPORT>
     <EXCEPTION>
      <RSEXC>
       <EXCEPTION>UPDATE_FAILURE</EXCEPTION>
      </RSEXC>
      <RSEXC>
       <EXCEPTION>FLIGHT_FULL</EXCEPTION>
      </RSEXC>
      <RSEXC>
       <EXCEPTION>FLIGHT_NOT_FOUND</EXCEPTION>
      </RSEXC>
     </EXCEPTION>
     <DOCUMENTATION>
      <RSFDO>
       <PARAMETER>IV_CARRID</PARAMETER>
       <KIND>P</KIND>
       <STEXT>Airline Carrier</STEXT>
       <INDEX> 001</INDEX>
      </RSFDO>
      <RSFDO>
       <PARAMETER>IV_CONNID</PARAMETER>
       <KIND>P</KIND>
       <STEXT>Connection Number</STEXT>
       <INDEX> 002</INDEX>
      </RSFDO>
      <RSFDO>
       <PARAMETER>IV_FLDATE</PARAMETER>
       <KIND>P</KIND>
       <STEXT>Date</STEXT>
       <INDEX> 003</INDEX>
      </RSFDO>
      <RSFDO>
       <PARAMETER>UPDATE_FAILURE</PARAMETER>
       <KIND>X</KIND>
       <STEXT>Error during update of table SBOOK</STEXT>
       <INDEX> 004</INDEX>
      </RSFDO>
      <RSFDO>
       <PARAMETER>FLIGHT_FULL</PARAMETER>
       <KIND>X</KIND>
       <STEXT>Flight is fully booked</STEXT>
       <INDEX> 005</INDEX>
      </RSFDO>
      <RSFDO>
       <PARAMETER>FLIGHT_NOT_FOUND</PARAMETER>
       <KIND>X</KIND>
       <INDEX> 006</INDEX>
      </RSFDO>
     </DOCUMENTATION>
    </item>
   </FUNCTIONS>
   <DYNPROS>
    <item>
     <HEADER>
      <PROGRAM>SAPLZBC414_DB</PROGRAM>
      <SCREEN>0100</SCREEN>
      <LANGUAGE>D</LANGUAGE>
      <DESCRIPT>Verbinungsdaten anzeigen</DESCRIPT>
      <TYPE>N</TYPE>
      <NEXTSCREEN>0100</NEXTSCREEN>
      <LINES>027</LINES>
      <COLUMNS>120</COLUMNS>
     </HEADER>
     <CONTAINERS>
      <RPY_DYCATT>
       <TYPE>SCREEN</TYPE>
       <NAME>SCREEN</NAME>
      </RPY_DYCATT>
     </CONTAINERS>
     <FIELDS>
      <RPY_DYFATC>
       <CONT_TYPE>SCREEN</CONT_TYPE>
       <CONT_NAME>SCREEN</CONT_NAME>
       <TYPE>FRAME</TYPE>
       <NAME>FRAME_001</NAME>
       <TEXT>Verbindungsdaten_____________________________________</TEXT>
       <LINE>001</LINE>
       <COLUMN>001</COLUMN>
       <LENGTH>054</LENGTH>
       <VISLENGTH>054</VISLENGTH>
       <HEIGHT>008</HEIGHT>
       <FORMAT>CHAR</FORMAT>
       <REQU_ENTRY>N</REQU_ENTRY>
      </RPY_DYFATC>
      <RPY_DYFATC>
       <CONT_TYPE>SCREEN</CONT_TYPE>
       <CONT_NAME>SCREEN</CONT_NAME>
       <TYPE>TEXT</TYPE>
       <NAME>SDYN_CONN-CARRID</NAME>
       <TEXT>Fluggesellschaft</TEXT>
       <LINE>002</LINE>
       <COLUMN>002</COLUMN>
       <LENGTH>016</LENGTH>
       <VISLENGTH>016</VISLENGTH>
       <HEIGHT>001</HEIGHT>
       <FORMAT>CHAR</FORMAT>
       <FROM_DICT>X</FROM_DICT>
       <MODIFIC>2</MODIFIC>
       <REQU_ENTRY>N</REQU_ENTRY>
       <LABELLEFT>X</LABELLEFT>
       <DICT_I_FKY>X</DICT_I_FKY>
      </RPY_DYFATC>
      <RPY_DYFATC>
       <CONT_TYPE>SCREEN</CONT_TYPE>
       <CONT_NAME>SCREEN</CONT_NAME>
       <TYPE>TEMPLATE</TYPE>
       <NAME>SDYN_CONN-CARRID</NAME>
       <TEXT>___</TEXT>
       <LINE>002</LINE>
       <COLUMN>029</COLUMN>
       <LENGTH>003</LENGTH>
       <VISLENGTH>003</VISLENGTH>
       <HEIGHT>001</HEIGHT>
       <FORMAT>CHAR</FORMAT>
       <FROM_DICT>X</FROM_DICT>
       <PARAM_ID>CAR</PARAM_ID>
       <FOREIGNKEY>X</FOREIGNKEY>
       <OUTPUT_FLD>X</OUTPUT_FLD>
       <REQU_ENTRY>N</REQU_ENTRY>
       <DICT_I_FKY>X</DICT_I_FKY>
      </RPY_DYFATC>
      <RPY_DYFATC>
       <CONT_TYPE>SCREEN</CONT_TYPE>
       <CONT_NAME>SCREEN</CONT_NAME>
       <TYPE>TEXT</TYPE>
       <NAME>SDYN_CONN-CONNID</NAME>
       <TEXT>Flugnummer_____</TEXT>
       <LINE>003</LINE>
       <COLUMN>002</COLUMN>
       <LENGTH>015</LENGTH>
       <VISLENGTH>015</VISLENGTH>
       <HEIGHT>001</HEIGHT>
       <FORMAT>CHAR</FORMAT>
       <FROM_DICT>X</FROM_DICT>
       <MODIFIC>2</MODIFIC>
       <REQU_ENTRY>N</REQU_ENTRY>
       <LABELLEFT>X</LABELLEFT>
      </RPY_DYFATC>
      <RPY_DYFATC>
       <CONT_TYPE>SCREEN</CONT_TYPE>
       <CONT_NAME>SCREEN</CONT_NAME>
       <TYPE>TEMPLATE</TYPE>
       <NAME>SDYN_CONN-CONNID</NAME>
       <TEXT>____</TEXT>
       <LINE>003</LINE>
       <COLUMN>029</COLUMN>
       <LENGTH>004</LENGTH>
       <VISLENGTH>004</VISLENGTH>
       <HEIGHT>001</HEIGHT>
       <FORMAT>NUMC</FORMAT>
       <FROM_DICT>X</FROM_DICT>
       <PARAM_ID>CON</PARAM_ID>
       <FOREIGNKEY>X</FOREIGNKEY>
       <OUTPUT_FLD>X</OUTPUT_FLD>
       <REQU_ENTRY>N</REQU_ENTRY>
       <DICT_I_FKY>X</DICT_I_FKY>
      </RPY_DYFATC>
      <RPY_DYFATC>
       <CONT_TYPE>SCREEN</CONT_TYPE>
       <CONT_NAME>SCREEN</CONT_NAME>
       <TYPE>TEXT</TYPE>
       <NAME>SDYN_CONN-CITYFROM</NAME>
       <TEXT>Abflugstadt</TEXT>
       <LINE>004</LINE>
       <COLUMN>002</COLUMN>
       <LENGTH>011</LENGTH>
       <VISLENGTH>011</VISLENGTH>
       <HEIGHT>001</HEIGHT>
       <FORMAT>CHAR</FORMAT>
       <FROM_DICT>X</FROM_DICT>
       <MODIFIC>2</MODIFIC>
       <REQU_ENTRY>N</REQU_ENTRY>
       <LABELLEFT>X</LABELLEFT>
       <DICT_I_FKY>X</DICT_I_FKY>
      </RPY_DYFATC>
      <RPY_DYFATC>
       <CONT_TYPE>SCREEN</CONT_TYPE>
       <CONT_NAME>SCREEN</CONT_NAME>
       <TYPE>TEMPLATE</TYPE>
       <NAME>SDYN_CONN-CITYFROM</NAME>
       <TEXT>____________________</TEXT>
       <LINE>004</LINE>
       <COLUMN>029</COLUMN>
       <LENGTH>020</LENGTH>
       <VISLENGTH>020</VISLENGTH>
       <HEIGHT>001</HEIGHT>
       <FORMAT>CHAR</FORMAT>
       <FROM_DICT>X</FROM_DICT>
       <FOREIGNKEY>X</FOREIGNKEY>
       <OUTPUT_FLD>X</OUTPUT_FLD>
       <REQU_ENTRY>N</REQU_ENTRY>
      </RPY_DYFATC>
      <RPY_DYFATC>
       <CONT_TYPE>SCREEN</CONT_TYPE>
       <CONT_NAME>SCREEN</CONT_NAME>
       <TYPE>TEXT</TYPE>
       <NAME>SDYN_CONN-CITYTO</NAME>
       <TEXT>Ankunftstadt_____</TEXT>
       <LINE>005</LINE>
       <COLUMN>002</COLUMN>
       <LENGTH>017</LENGTH>
       <VISLENGTH>017</VISLENGTH>
       <HEIGHT>001</HEIGHT>
       <FORMAT>CHAR</FORMAT>
       <FROM_DICT>X</FROM_DICT>
       <MODIFIC>2</MODIFIC>
       <REQU_ENTRY>N</REQU_ENTRY>
       <LABELLEFT>X</LABELLEFT>
       <DICT_I_FKY>X</DICT_I_FKY>
      </RPY_DYFATC>
      <RPY_DYFATC>
       <CONT_TYPE>SCREEN</CONT_TYPE>
       <CONT_NAME>SCREEN</CONT_NAME>
       <TYPE>TEMPLATE</TYPE>
       <NAME>SDYN_CONN-CITYTO</NAME>
       <TEXT>____________________</TEXT>
       <LINE>005</LINE>
       <COLUMN>029</COLUMN>
       <LENGTH>020</LENGTH>
       <VISLENGTH>020</VISLENGTH>
       <HEIGHT>001</HEIGHT>
       <FORMAT>CHAR</FORMAT>
       <FROM_DICT>X</FROM_DICT>
       <FOREIGNKEY>X</FOREIGNKEY>
       <OUTPUT_FLD>X</OUTPUT_FLD>
       <REQU_ENTRY>N</REQU_ENTRY>
      </RPY_DYFATC>
      <RPY_DYFATC>
       <CONT_TYPE>SCREEN</CONT_TYPE>
       <CONT_NAME>SCREEN</CONT_NAME>
       <TYPE>TEXT</TYPE>
       <NAME>SDYN_CONN-FLTIME</NAME>
       <TEXT>Flugdauer______</TEXT>
       <LINE>006</LINE>
       <COLUMN>002</COLUMN>
       <LENGTH>015</LENGTH>
       <VISLENGTH>015</VISLENGTH>
       <HEIGHT>001</HEIGHT>
       <FORMAT>CHAR</FORMAT>
       <FROM_DICT>X</FROM_DICT>
       <MODIFIC>2</MODIFIC>
       <REQU_ENTRY>N</REQU_ENTRY>
       <LABELLEFT>X</LABELLEFT>
      </RPY_DYFATC>
      <RPY_DYFATC>
       <CONT_TYPE>SCREEN</CONT_TYPE>
       <CONT_NAME>SCREEN</CONT_NAME>
       <TYPE>TEMPLATE</TYPE>
       <NAME>SDYN_CONN-FLTIME</NAME>
       <TEXT>______</TEXT>
       <LINE>006</LINE>
       <COLUMN>029</COLUMN>
       <LENGTH>006</LENGTH>
       <VISLENGTH>006</VISLENGTH>
       <HEIGHT>001</HEIGHT>
       <FORMAT>INT4</FORMAT>
       <FROM_DICT>X</FROM_DICT>
       <CONV_EXIT>SDURA</CONV_EXIT>
       <FOREIGNKEY>X</FOREIGNKEY>
       <OUTPUT_FLD>X</OUTPUT_FLD>
       <REQU_ENTRY>N</REQU_ENTRY>
      </RPY_DYFATC>
      <RPY_DYFATC>
       <CONT_TYPE>SCREEN</CONT_TYPE>
       <CONT_NAME>SCREEN</CONT_NAME>
       <TYPE>TEXT</TYPE>
       <NAME>SDYN_CONN-DISTANCE</NAME>
       <TEXT>Entfernung</TEXT>
       <LINE>007</LINE>
       <COLUMN>002</COLUMN>
       <LENGTH>010</LENGTH>
       <VISLENGTH>010</VISLENGTH>
       <HEIGHT>001</HEIGHT>
       <FORMAT>CHAR</FORMAT>
       <FROM_DICT>X</FROM_DICT>
       <MODIFIC>2</MODIFIC>
       <REQU_ENTRY>N</REQU_ENTRY>
       <LABELLEFT>X</LABELLEFT>
      </RPY_DYFATC>
      <RPY_DYFATC>
       <CONT_TYPE>SCREEN</CONT_TYPE>
       <CONT_NAME>SCREEN</CONT_NAME>
       <TYPE>TEMPLATE</TYPE>
       <NAME>SDYN_CONN-DISTANCE</NAME>
       <TEXT>__.___,____</TEXT>
       <LINE>007</LINE>
       <COLUMN>029</COLUMN>
       <LENGTH>011</LENGTH>
       <VISLENGTH>011</VISLENGTH>
       <HEIGHT>001</HEIGHT>
       <FORMAT>QUAN</FORMAT>
       <FROM_DICT>X</FROM_DICT>
       <FOREIGNKEY>X</FOREIGNKEY>
       <OUTPUT_FLD>X</OUTPUT_FLD>
       <REQU_ENTRY>N</REQU_ENTRY>
       <REF_FIELD>SDYN_CONN-DISTID</REF_FIELD>
      </RPY_DYFATC>
      <RPY_DYFATC>
       <CONT_TYPE>SCREEN</CONT_TYPE>
       <CONT_NAME>SCREEN</CONT_NAME>
       <TYPE>TEMPLATE</TYPE>
       <NAME>SDYN_CONN-DISTID</NAME>
       <TEXT>___</TEXT>
       <LINE>007</LINE>
       <COLUMN>042</COLUMN>
       <LENGTH>003</LENGTH>
       <VISLENGTH>003</VISLENGTH>
       <HEIGHT>001</HEIGHT>
       <FORMAT>UNIT</FORMAT>
       <FROM_DICT>X</FROM_DICT>
       <CONV_EXIT>CUNIT</CONV_EXIT>
       <UP_LOWER>X</UP_LOWER>
       <FOREIGNKEY>X</FOREIGNKEY>
       <OUTPUT_FLD>X</OUTPUT_FLD>
       <REQU_ENTRY>N</REQU_ENTRY>
      </RPY_DYFATC>
      <RPY_DYFATC>
       <CONT_TYPE>SCREEN</CONT_TYPE>
       <CONT_NAME>SCREEN</CONT_NAME>
       <TYPE>PUSH</TYPE>
       <NAME>BUT_1</NAME>
       <TEXT>__</TEXT>
       <ICON_NAME>ICON_OKAY</ICON_NAME>
       <WITH_ICON>X</WITH_ICON>
       <LINE>010</LINE>
       <COLUMN>002</COLUMN>
       <LENGTH>007</LENGTH>
       <VISLENGTH>005</VISLENGTH>
       <HEIGHT>001</HEIGHT>
       <PUSH_FCODE>OK</PUSH_FCODE>
       <FORMAT>CHAR</FORMAT>
       <REQU_ENTRY>N</REQU_ENTRY>
      </RPY_DYFATC>
      <RPY_DYFATC>
       <CONT_TYPE>SCREEN</CONT_TYPE>
       <CONT_NAME>SCREEN</CONT_NAME>
       <TYPE>OKCODE</TYPE>
       <TEXT>____________________</TEXT>
       <LENGTH>020</LENGTH>
       <VISLENGTH>020</VISLENGTH>
       <HEIGHT>001</HEIGHT>
       <FORMAT>CHAR</FORMAT>
       <INPUT_FLD>X</INPUT_FLD>
      </RPY_DYFATC>
     </FIELDS>
     <FLOW_LOGIC>
      <RPY_DYFLOW/>
      <RPY_DYFLOW>
       <LINE>PROCESS BEFORE OUTPUT.</LINE>
      </RPY_DYFLOW>
      <RPY_DYFLOW>
       <LINE>MODULE trans_to_100.</LINE>
      </RPY_DYFLOW>
      <RPY_DYFLOW>
       <LINE>module clear_okcode.</LINE>
      </RPY_DYFLOW>
      <RPY_DYFLOW/>
      <RPY_DYFLOW/>
      <RPY_DYFLOW>
       <LINE>PROCESS AFTER INPUT.</LINE>
      </RPY_DYFLOW>
      <RPY_DYFLOW>
       <LINE>MODULE user_command_0100.</LINE>
      </RPY_DYFLOW>
     </FLOW_LOGIC>
     <SPACES>
      <item>0</item>
      <item>0</item>
      <item>2</item>
      <item>2</item>
      <item>0</item>
      <item>0</item>
      <item>0</item>
      <item>2</item>
     </SPACES>
    </item>
    <item>
     <HEADER>
      <PROGRAM>SAPLZBC414_DB</PROGRAM>
      <SCREEN>0200</SCREEN>
      <LANGUAGE>D</LANGUAGE>
      <DESCRIPT>Demo für Sperren</DESCRIPT>
      <TYPE>N</TYPE>
      <NEXTSCREEN>0200</NEXTSCREEN>
      <LINES>027</LINES>
      <COLUMNS>120</COLUMNS>
     </HEADER>
     <CONTAINERS>
      <RPY_DYCATT>
       <TYPE>SCREEN</TYPE>
       <NAME>SCREEN</NAME>
      </RPY_DYCATT>
     </CONTAINERS>
     <FIELDS>
      <RPY_DYFATC>
       <CONT_TYPE>SCREEN</CONT_TYPE>
       <CONT_NAME>SCREEN</CONT_NAME>
       <TYPE>FRAME</TYPE>
       <NAME>FRAME_001</NAME>
       <TEXT>Flug____________________________________________________________________</TEXT>
       <LINE>001</LINE>
       <COLUMN>001</COLUMN>
       <LENGTH>073</LENGTH>
       <VISLENGTH>073</VISLENGTH>
       <HEIGHT>005</HEIGHT>
       <FORMAT>CHAR</FORMAT>
       <REQU_ENTRY>N</REQU_ENTRY>
      </RPY_DYFATC>
      <RPY_DYFATC>
       <CONT_TYPE>SCREEN</CONT_TYPE>
       <CONT_NAME>SCREEN</CONT_NAME>
       <TYPE>TEXT</TYPE>
       <NAME>SDYN_CONN-CARRID</NAME>
       <TEXT>Fluggesellschaft</TEXT>
       <LINE>002</LINE>
       <COLUMN>003</COLUMN>
       <LENGTH>016</LENGTH>
       <VISLENGTH>016</VISLENGTH>
       <HEIGHT>001</HEIGHT>
       <FORMAT>CHAR</FORMAT>
       <FROM_DICT>X</FROM_DICT>
       <MODIFIC>2</MODIFIC>
       <REQU_ENTRY>N</REQU_ENTRY>
       <LABELLEFT>X</LABELLEFT>
       <DICT_I_FKY>X</DICT_I_FKY>
      </RPY_DYFATC>
      <RPY_DYFATC>
       <CONT_TYPE>SCREEN</CONT_TYPE>
       <CONT_NAME>SCREEN</CONT_NAME>
       <TYPE>TEMPLATE</TYPE>
       <NAME>SDYN_CONN-CARRID</NAME>
       <TEXT>___</TEXT>
       <LINE>002</LINE>
       <COLUMN>020</COLUMN>
       <LENGTH>003</LENGTH>
       <VISLENGTH>003</VISLENGTH>
       <HEIGHT>001</HEIGHT>
       <FORMAT>CHAR</FORMAT>
       <FROM_DICT>X</FROM_DICT>
       <PARAM_ID>CAR</PARAM_ID>
       <SET_PARAM>X</SET_PARAM>
       <GET_PARAM>X</GET_PARAM>
       <INPUT_FLD>X</INPUT_FLD>
       <OUTPUT_FLD>X</OUTPUT_FLD>
       <DICT_I_FKY>X</DICT_I_FKY>
      </RPY_DYFATC>
      <RPY_DYFATC>
       <CONT_TYPE>SCREEN</CONT_TYPE>
       <CONT_NAME>SCREEN</CONT_NAME>
       <TYPE>TEXT</TYPE>
       <NAME>SDYN_CONN-CONNID</NAME>
       <TEXT>Flugnummer_____</TEXT>
       <LINE>003</LINE>
       <COLUMN>003</COLUMN>
       <LENGTH>015</LENGTH>
       <VISLENGTH>015</VISLENGTH>
       <HEIGHT>001</HEIGHT>
       <FORMAT>CHAR</FORMAT>
       <FROM_DICT>X</FROM_DICT>
       <MODIFIC>2</MODIFIC>
       <REQU_ENTRY>N</REQU_ENTRY>
       <LABELLEFT>X</LABELLEFT>
       <DICT_I_FKY>X</DICT_I_FKY>
      </RPY_DYFATC>
      <RPY_DYFATC>
       <CONT_TYPE>SCREEN</CONT_TYPE>
       <CONT_NAME>SCREEN</CONT_NAME>
       <TYPE>TEMPLATE</TYPE>
       <NAME>SDYN_CONN-CONNID</NAME>
       <TEXT>____</TEXT>
       <LINE>003</LINE>
       <COLUMN>020</COLUMN>
       <LENGTH>004</LENGTH>
       <VISLENGTH>004</VISLENGTH>
       <HEIGHT>001</HEIGHT>
       <FORMAT>NUMC</FORMAT>
       <FROM_DICT>X</FROM_DICT>
       <PARAM_ID>CON</PARAM_ID>
       <SET_PARAM>X</SET_PARAM>
       <GET_PARAM>X</GET_PARAM>
       <INPUT_FLD>X</INPUT_FLD>
       <OUTPUT_FLD>X</OUTPUT_FLD>
       <DICT_I_FKY>X</DICT_I_FKY>
      </RPY_DYFATC>
      <RPY_DYFATC>
       <CONT_TYPE>SCREEN</CONT_TYPE>
       <CONT_NAME>SCREEN</CONT_NAME>
       <TYPE>TEXT</TYPE>
       <NAME>SDYN_CONN-FLDATE</NAME>
       <TEXT>Flugdatum</TEXT>
       <LINE>004</LINE>
       <COLUMN>003</COLUMN>
       <LENGTH>009</LENGTH>
       <VISLENGTH>009</VISLENGTH>
       <HEIGHT>001</HEIGHT>
       <FORMAT>CHAR</FORMAT>
       <FROM_DICT>X</FROM_DICT>
       <MODIFIC>2</MODIFIC>
       <REQU_ENTRY>N</REQU_ENTRY>
       <LABELLEFT>X</LABELLEFT>
      </RPY_DYFATC>
      <RPY_DYFATC>
       <CONT_TYPE>SCREEN</CONT_TYPE>
       <CONT_NAME>SCREEN</CONT_NAME>
       <TYPE>TEMPLATE</TYPE>
       <NAME>SDYN_CONN-FLDATE</NAME>
       <TEXT>__________</TEXT>
       <LINE>004</LINE>
       <COLUMN>020</COLUMN>
       <LENGTH>010</LENGTH>
       <VISLENGTH>010</VISLENGTH>
       <HEIGHT>001</HEIGHT>
       <FORMAT>DATS</FORMAT>
       <FROM_DICT>X</FROM_DICT>
       <PARAM_ID>DAY</PARAM_ID>
       <FOREIGNKEY>X</FOREIGNKEY>
       <INPUT_FLD>X</INPUT_FLD>
       <OUTPUT_FLD>X</OUTPUT_FLD>
      </RPY_DYFATC>
      <RPY_DYFATC>
       <CONT_TYPE>SCREEN</CONT_TYPE>
       <CONT_NAME>SCREEN</CONT_NAME>
       <TYPE>FRAME</TYPE>
       <NAME>FRAME_002</NAME>
       <TEXT>Sperren_________________________________________________________________</TEXT>
       <LINE>007</LINE>
       <COLUMN>001</COLUMN>
       <LENGTH>073</LENGTH>
       <VISLENGTH>073</VISLENGTH>
       <HEIGHT>005</HEIGHT>
       <FORMAT>CHAR</FORMAT>
       <REQU_ENTRY>N</REQU_ENTRY>
      </RPY_DYFATC>
      <RPY_DYFATC>
       <CONT_TYPE>SCREEN</CONT_TYPE>
       <CONT_NAME>SCREEN</CONT_NAME>
       <TYPE>TEXT</TYPE>
       <NAME>DD27S-ENQMODE</NAME>
       <TEXT>Sperrmodus_____</TEXT>
       <LINE>008</LINE>
       <COLUMN>003</COLUMN>
       <LENGTH>015</LENGTH>
       <VISLENGTH>015</VISLENGTH>
       <HEIGHT>001</HEIGHT>
       <FORMAT>CHAR</FORMAT>
       <FROM_DICT>X</FROM_DICT>
       <MODIFIC>2</MODIFIC>
       <REQU_ENTRY>N</REQU_ENTRY>
       <LABELLEFT>X</LABELLEFT>
       <DICT_I_VAL>X</DICT_I_VAL>
      </RPY_DYFATC>
      <RPY_DYFATC>
       <CONT_TYPE>SCREEN</CONT_TYPE>
       <CONT_NAME>SCREEN</CONT_NAME>
       <TYPE>TEMPLATE</TYPE>
       <NAME>GV_MODE1</NAME>
       <TEXT>_</TEXT>
       <LINE>008</LINE>
       <COLUMN>020</COLUMN>
       <LENGTH>001</LENGTH>
       <VISLENGTH>001</VISLENGTH>
       <HEIGHT>001</HEIGHT>
       <FORMAT>CHAR</FORMAT>
       <INPUT_FLD>X</INPUT_FLD>
       <OUTPUT_FLD>X</OUTPUT_FLD>
      </RPY_DYFATC>
      <RPY_DYFATC>
       <CONT_TYPE>SCREEN</CONT_TYPE>
       <CONT_NAME>SCREEN</CONT_NAME>
       <TYPE>PUSH</TYPE>
       <NAME>PUSH_LOCK_SET</NAME>
       <TEXT>Sperre_setzen_____________</TEXT>
       <LINE>008</LINE>
       <COLUMN>030</COLUMN>
       <LENGTH>026</LENGTH>
       <VISLENGTH>026</VISLENGTH>
       <HEIGHT>001</HEIGHT>
       <PUSH_FCODE>ENQ</PUSH_FCODE>
       <FORMAT>CHAR</FORMAT>
       <REQU_ENTRY>N</REQU_ENTRY>
      </RPY_DYFATC>
      <RPY_DYFATC>
       <CONT_TYPE>SCREEN</CONT_TYPE>
       <CONT_NAME>SCREEN</CONT_NAME>
       <TYPE>PUSH</TYPE>
       <NAME>PUSH_LOCK_DEL</NAME>
       <TEXT>Sperre_löschen____________</TEXT>
       <LINE>010</LINE>
       <COLUMN>030</COLUMN>
       <LENGTH>026</LENGTH>
       <VISLENGTH>026</VISLENGTH>
       <HEIGHT>001</HEIGHT>
       <PUSH_FCODE>DENQ</PUSH_FCODE>
       <FORMAT>CHAR</FORMAT>
       <REQU_ENTRY>N</REQU_ENTRY>
      </RPY_DYFATC>
      <RPY_DYFATC>
       <CONT_TYPE>SCREEN</CONT_TYPE>
       <CONT_NAME>SCREEN</CONT_NAME>
       <TYPE>FRAME</TYPE>
       <NAME>FRAME_003</NAME>
       <TEXT>Weitere_Sperre_setzen___________________________________________________</TEXT>
       <LINE>013</LINE>
       <COLUMN>001</COLUMN>
       <LENGTH>073</LENGTH>
       <VISLENGTH>073</VISLENGTH>
       <HEIGHT>007</HEIGHT>
       <FORMAT>CHAR</FORMAT>
       <REQU_ENTRY>N</REQU_ENTRY>
      </RPY_DYFATC>
      <RPY_DYFATC>
       <CONT_TYPE>SCREEN</CONT_TYPE>
       <CONT_NAME>SCREEN</CONT_NAME>
       <TYPE>TEXT</TYPE>
       <NAME>TEXT_MODE</NAME>
       <TEXT>Sperrmodus_____</TEXT>
       <LINE>014</LINE>
       <COLUMN>003</COLUMN>
       <LENGTH>015</LENGTH>
       <VISLENGTH>015</VISLENGTH>
       <HEIGHT>001</HEIGHT>
       <FORMAT>CHAR</FORMAT>
       <REQU_ENTRY>N</REQU_ENTRY>
      </RPY_DYFATC>
      <RPY_DYFATC>
       <CONT_TYPE>SCREEN</CONT_TYPE>
       <CONT_NAME>SCREEN</CONT_NAME>
       <TYPE>TEMPLATE</TYPE>
       <NAME>GV_MODE2</NAME>
       <TEXT>_</TEXT>
       <LINE>014</LINE>
       <COLUMN>020</COLUMN>
       <LENGTH>001</LENGTH>
       <VISLENGTH>001</VISLENGTH>
       <HEIGHT>001</HEIGHT>
       <FORMAT>CHAR</FORMAT>
       <INPUT_FLD>X</INPUT_FLD>
       <OUTPUT_FLD>X</OUTPUT_FLD>
      </RPY_DYFATC>
      <RPY_DYFATC>
       <CONT_TYPE>SCREEN</CONT_TYPE>
       <CONT_NAME>SCREEN</CONT_NAME>
       <TYPE>PUSH</TYPE>
       <NAME>PUSH_CALL_TRANS</NAME>
       <TEXT>CALL_TRANSACTION__</TEXT>
       <LINE>014</LINE>
       <COLUMN>029</COLUMN>
       <LENGTH>018</LENGTH>
       <VISLENGTH>018</VISLENGTH>
       <HEIGHT>001</HEIGHT>
       <PUSH_FCODE>CALL_TA</PUSH_FCODE>
       <FORMAT>CHAR</FORMAT>
       <REQU_ENTRY>N</REQU_ENTRY>
      </RPY_DYFATC>
      <RPY_DYFATC>
       <CONT_TYPE>SCREEN</CONT_TYPE>
       <CONT_NAME>SCREEN</CONT_NAME>
       <TYPE>PUSH</TYPE>
       <NAME>PUSH_SUBMIT</NAME>
       <TEXT>SUBMIT_AND_RETURN_</TEXT>
       <LINE>014</LINE>
       <COLUMN>050</COLUMN>
       <LENGTH>018</LENGTH>
       <VISLENGTH>018</VISLENGTH>
       <HEIGHT>001</HEIGHT>
       <PUSH_FCODE>SUBMIT</PUSH_FCODE>
       <FORMAT>CHAR</FORMAT>
       <REQU_ENTRY>N</REQU_ENTRY>
      </RPY_DYFATC>
      <RPY_DYFATC>
       <CONT_TYPE>SCREEN</CONT_TYPE>
       <CONT_NAME>SCREEN</CONT_NAME>
       <TYPE>PUSH</TYPE>
       <NAME>PUSH_ASYNC</NAME>
       <TEXT>CALL_FUNCTION_STARTING_NEW_TASK________</TEXT>
       <LINE>016</LINE>
       <COLUMN>029</COLUMN>
       <LENGTH>039</LENGTH>
       <VISLENGTH>039</VISLENGTH>
       <HEIGHT>001</HEIGHT>
       <PUSH_FCODE>CALL_ASYNC</PUSH_FCODE>
       <FORMAT>CHAR</FORMAT>
       <REQU_ENTRY>N</REQU_ENTRY>
      </RPY_DYFATC>
      <RPY_DYFATC>
       <CONT_TYPE>SCREEN</CONT_TYPE>
       <CONT_NAME>SCREEN</CONT_NAME>
       <TYPE>PUSH</TYPE>
       <NAME>PUSH_SYNC</NAME>
       <TEXT>CALL_FUNCTION__________________________</TEXT>
       <LINE>018</LINE>
       <COLUMN>029</COLUMN>
       <LENGTH>039</LENGTH>
       <VISLENGTH>039</VISLENGTH>
       <HEIGHT>001</HEIGHT>
       <PUSH_FCODE>CALL_SYNC</PUSH_FCODE>
       <FORMAT>CHAR</FORMAT>
       <REQU_ENTRY>N</REQU_ENTRY>
      </RPY_DYFATC>
      <RPY_DYFATC>
       <CONT_TYPE>SCREEN</CONT_TYPE>
       <CONT_NAME>SCREEN</CONT_NAME>
       <TYPE>PUSH</TYPE>
       <NAME>PUSH_DISP_LOCKS</NAME>
       <TEXT>Sperrverwaltung_anzeigen__</TEXT>
       <LINE>021</LINE>
       <COLUMN>001</COLUMN>
       <LENGTH>026</LENGTH>
       <VISLENGTH>026</VISLENGTH>
       <HEIGHT>001</HEIGHT>
       <PUSH_FCODE>C_SM12</PUSH_FCODE>
       <FORMAT>CHAR</FORMAT>
       <REQU_ENTRY>N</REQU_ENTRY>
      </RPY_DYFATC>
      <RPY_DYFATC>
       <CONT_TYPE>SCREEN</CONT_TYPE>
       <CONT_NAME>SCREEN</CONT_NAME>
       <TYPE>OKCODE</TYPE>
       <NAME>OK_CODE</NAME>
       <TEXT>____________________</TEXT>
       <LENGTH>020</LENGTH>
       <VISLENGTH>020</VISLENGTH>
       <HEIGHT>001</HEIGHT>
       <FORMAT>CHAR</FORMAT>
       <INPUT_FLD>X</INPUT_FLD>
      </RPY_DYFATC>
     </FIELDS>
     <FLOW_LOGIC>
      <RPY_DYFLOW/>
      <RPY_DYFLOW>
       <LINE>PROCESS BEFORE OUTPUT.</LINE>
      </RPY_DYFLOW>
      <RPY_DYFLOW>
       <LINE>MODULE status_0200.</LINE>
      </RPY_DYFLOW>
      <RPY_DYFLOW/>
      <RPY_DYFLOW/>
      <RPY_DYFLOW>
       <LINE>PROCESS AFTER INPUT.</LINE>
      </RPY_DYFLOW>
      <RPY_DYFLOW>
       <LINE>MODULE exit_command_0200 AT EXIT-COMMAND.</LINE>
      </RPY_DYFLOW>
      <RPY_DYFLOW>
       <LINE>CHAIN.</LINE>
      </RPY_DYFLOW>
      <RPY_DYFLOW>
       <LINE>FIELD: sdyn_conn-carrid,</LINE>
      </RPY_DYFLOW>
      <RPY_DYFLOW>
       <LINE>sdyn_conn-connid,</LINE>
      </RPY_DYFLOW>
      <RPY_DYFLOW>
       <LINE>sdyn_conn-fldate,</LINE>
      </RPY_DYFLOW>
      <RPY_DYFLOW>
       <LINE>gv_mode1</LINE>
      </RPY_DYFLOW>
      <RPY_DYFLOW>
       <LINE>MODULE user_command_0200.</LINE>
      </RPY_DYFLOW>
      <RPY_DYFLOW>
       <LINE>ENDCHAIN.</LINE>
      </RPY_DYFLOW>
     </FLOW_LOGIC>
     <SPACES>
      <item>0</item>
      <item>0</item>
      <item>2</item>
      <item>0</item>
      <item>0</item>
      <item>0</item>
      <item>2</item>
      <item>2</item>
      <item>4</item>
      <item>11</item>
      <item>11</item>
      <item>11</item>
      <item>4</item>
      <item>2</item>
     </SPACES>
    </item>
   </DYNPROS>
   <CUA>
    <ADM>
     <ACTCODE>000001</ACTCODE>
     <MENCODE>000005</MENCODE>
     <PFKCODE>000001</PFKCODE>
    </ADM>
    <STA>
     <RSMPE_STAT>
      <CODE>0200</CODE>
      <MODAL>D</MODAL>
      <ACTCODE>000001</ACTCODE>
      <PFKCODE>000001</PFKCODE>
      <BUTCODE>0001</BUTCODE>
      <INT_NOTE>Status 200</INT_NOTE>
     </RSMPE_STAT>
    </STA>
    <FUN>
     <RSMPE_FUNT>
      <CODE>EXIT</CODE>
      <TEXTNO>001</TEXTNO>
      <TYPE>E</TYPE>
      <TEXT_TYPE>S</TEXT_TYPE>
      <FUN_TEXT>Beenden</FUN_TEXT>
     </RSMPE_FUNT>
    </FUN>
    <MEN>
     <RSMPE_MEN>
      <CODE>000001</CODE>
      <NO>01</NO>
      <REF_TYPE>F</REF_TYPE>
      <REF_CODE>&lt;01&gt;</REF_CODE>
     </RSMPE_MEN>
     <RSMPE_MEN>
      <CODE>000001</CODE>
      <NO>02</NO>
      <REF_TYPE>F</REF_TYPE>
      <REF_CODE>&lt;02&gt;</REF_CODE>
     </RSMPE_MEN>
     <RSMPE_MEN>
      <CODE>000001</CODE>
      <NO>03</NO>
      <REF_TYPE>F</REF_TYPE>
      <REF_CODE>&lt;03&gt;</REF_CODE>
     </RSMPE_MEN>
     <RSMPE_MEN>
      <CODE>000001</CODE>
      <NO>04</NO>
      <REF_TYPE>F</REF_TYPE>
      <REF_CODE>&lt;04&gt;</REF_CODE>
     </RSMPE_MEN>
     <RSMPE_MEN>
      <CODE>000001</CODE>
      <NO>05</NO>
      <REF_TYPE>F</REF_TYPE>
      <REF_CODE>&lt;05&gt;</REF_CODE>
     </RSMPE_MEN>
     <RSMPE_MEN>
      <CODE>000001</CODE>
      <NO>06</NO>
      <REF_TYPE>S</REF_TYPE>
      <REF_CODE>&lt;S1&gt;</REF_CODE>
     </RSMPE_MEN>
     <RSMPE_MEN>
      <CODE>000001</CODE>
      <NO>07</NO>
      <REF_TYPE>F</REF_TYPE>
      <REF_CODE>&lt;06&gt;</REF_CODE>
     </RSMPE_MEN>
     <RSMPE_MEN>
      <CODE>000001</CODE>
      <NO>08</NO>
      <REF_TYPE>S</REF_TYPE>
      <REF_CODE>&lt;S1&gt;</REF_CODE>
     </RSMPE_MEN>
     <RSMPE_MEN>
      <CODE>000001</CODE>
      <NO>09</NO>
      <REF_TYPE>F</REF_TYPE>
      <REF_CODE>&lt;09&gt;</REF_CODE>
     </RSMPE_MEN>
     <RSMPE_MEN>
      <CODE>000001</CODE>
      <NO>10</NO>
      <REF_TYPE>S</REF_TYPE>
      <REF_CODE>&lt;S1&gt;</REF_CODE>
     </RSMPE_MEN>
     <RSMPE_MEN>
      <CODE>000001</CODE>
      <NO>11</NO>
      <REF_TYPE>F</REF_TYPE>
      <REF_CODE>&lt;10&gt;</REF_CODE>
     </RSMPE_MEN>
     <RSMPE_MEN>
      <CODE>000001</CODE>
      <NO>12</NO>
      <REF_TYPE>F</REF_TYPE>
      <REF_CODE>EXIT</REF_CODE>
      <REF_NO>001</REF_NO>
     </RSMPE_MEN>
     <RSMPE_MEN>
      <CODE>000002</CODE>
      <NO>01</NO>
      <REF_TYPE>F</REF_TYPE>
      <REF_CODE>&lt;12&gt;</REF_CODE>
     </RSMPE_MEN>
     <RSMPE_MEN>
      <CODE>000002</CODE>
      <NO>02</NO>
      <REF_TYPE>F</REF_TYPE>
      <REF_CODE>&lt;13&gt;</REF_CODE>
     </RSMPE_MEN>
     <RSMPE_MEN>
      <CODE>000002</CODE>
      <NO>03</NO>
      <REF_TYPE>F</REF_TYPE>
      <REF_CODE>&lt;24&gt;</REF_CODE>
     </RSMPE_MEN>
     <RSMPE_MEN>
      <CODE>000002</CODE>
      <NO>04</NO>
      <REF_TYPE>F</REF_TYPE>
      <REF_CODE>&lt;14&gt;</REF_CODE>
     </RSMPE_MEN>
     <RSMPE_MEN>
      <CODE>000002</CODE>
      <NO>05</NO>
      <REF_TYPE>S</REF_TYPE>
      <REF_CODE>&lt;S1&gt;</REF_CODE>
     </RSMPE_MEN>
     <RSMPE_MEN>
      <CODE>000002</CODE>
      <NO>06</NO>
      <REF_TYPE>F</REF_TYPE>
      <REF_CODE>&lt;16&gt;</REF_CODE>
     </RSMPE_MEN>
     <RSMPE_MEN>
      <CODE>000002</CODE>
      <NO>07</NO>
      <REF_TYPE>F</REF_TYPE>
      <REF_CODE>&lt;17&gt;</REF_CODE>
     </RSMPE_MEN>
     <RSMPE_MEN>
      <CODE>000002</CODE>
      <NO>08</NO>
      <REF_TYPE>F</REF_TYPE>
      <REF_CODE>&lt;18&gt;</REF_CODE>
     </RSMPE_MEN>
     <RSMPE_MEN>
      <CODE>000002</CODE>
      <NO>09</NO>
      <REF_TYPE>S</REF_TYPE>
      <REF_CODE>&lt;S1&gt;</REF_CODE>
     </RSMPE_MEN>
     <RSMPE_MEN>
      <CODE>000002</CODE>
      <NO>10</NO>
      <REF_TYPE>F</REF_TYPE>
      <REF_CODE>&lt;26&gt;</REF_CODE>
     </RSMPE_MEN>
     <RSMPE_MEN>
      <CODE>000002</CODE>
      <NO>11</NO>
      <REF_TYPE>F</REF_TYPE>
      <REF_CODE>&lt;27&gt;</REF_CODE>
     </RSMPE_MEN>
     <RSMPE_MEN>
      <CODE>000002</CODE>
      <NO>12</NO>
      <REF_TYPE>F</REF_TYPE>
      <REF_CODE>&lt;20&gt;</REF_CODE>
     </RSMPE_MEN>
     <RSMPE_MEN>
      <CODE>000002</CODE>
      <NO>13</NO>
      <REF_TYPE>S</REF_TYPE>
      <REF_CODE>&lt;S1&gt;</REF_CODE>
     </RSMPE_MEN>
     <RSMPE_MEN>
      <CODE>000002</CODE>
      <NO>14</NO>
      <REF_TYPE>F</REF_TYPE>
      <REF_CODE>&lt;22&gt;</REF_CODE>
     </RSMPE_MEN>
     <RSMPE_MEN>
      <CODE>000003</CODE>
      <NO>01</NO>
      <REF_TYPE>S</REF_TYPE>
      <REF_CODE>&lt;S1&gt;</REF_CODE>
     </RSMPE_MEN>
     <RSMPE_MEN>
      <CODE>000003</CODE>
      <NO>02</NO>
      <REF_TYPE>F</REF_TYPE>
      <REF_CODE>&lt;23&gt;</REF_CODE>
     </RSMPE_MEN>
    </MEN>
    <MTX>
     <RSMPE_MNLT>
      <CODE>000001</CODE>
      <TEXT_TYPE>S</TEXT_TYPE>
      <TEXT>Programm</TEXT>
      <INT_NOTE>Normergänzung</INT_NOTE>
     </RSMPE_MNLT>
     <RSMPE_MNLT>
      <CODE>000002</CODE>
      <TEXT_TYPE>S</TEXT_TYPE>
      <TEXT>Bearbeiten</TEXT>
      <PATH>B</PATH>
      <INT_NOTE>Normergänzung</INT_NOTE>
     </RSMPE_MNLT>
     <RSMPE_MNLT>
      <CODE>000003</CODE>
      <TEXT_TYPE>S</TEXT_TYPE>
      <TEXT>Springen</TEXT>
      <PATH>S</PATH>
      <INT_NOTE>Normergänzung</INT_NOTE>
     </RSMPE_MNLT>
     <RSMPE_MNLT>
      <CODE>000004</CODE>
      <TEXT_TYPE>S</TEXT_TYPE>
      <TEXT>Zusätze</TEXT>
      <PATH>Z</PATH>
      <INT_NOTE>Normergänzung</INT_NOTE>
     </RSMPE_MNLT>
     <RSMPE_MNLT>
      <CODE>000005</CODE>
      <TEXT_TYPE>S</TEXT_TYPE>
      <TEXT>Umfeld</TEXT>
      <PATH>U</PATH>
      <INT_NOTE>Normergänzung</INT_NOTE>
     </RSMPE_MNLT>
    </MTX>
    <ACT>
     <RSMPE_ACT>
      <CODE>000001</CODE>
      <NO>01</NO>
      <MENUCODE>000001</MENUCODE>
     </RSMPE_ACT>
     <RSMPE_ACT>
      <CODE>000001</CODE>
      <NO>02</NO>
      <MENUCODE>000002</MENUCODE>
     </RSMPE_ACT>
     <RSMPE_ACT>
      <CODE>000001</CODE>
      <NO>03</NO>
      <MENUCODE>000003</MENUCODE>
     </RSMPE_ACT>
     <RSMPE_ACT>
      <CODE>000001</CODE>
      <NO>04</NO>
      <MENUCODE>000004</MENUCODE>
     </RSMPE_ACT>
     <RSMPE_ACT>
      <CODE>000001</CODE>
      <NO>05</NO>
      <MENUCODE>000005</MENUCODE>
     </RSMPE_ACT>
    </ACT>
    <PFK>
     <RSMPE_PFK>
      <CODE>000001</CODE>
      <PFNO>15</PFNO>
      <FUNCODE>EXIT</FUNCODE>
      <FUNNO>001</FUNNO>
     </RSMPE_PFK>
    </PFK>
    <SET>
     <RSMPE_STAF>
      <STATUS>0200</STATUS>
      <FUNCTION>EXIT</FUNCTION>
     </RSMPE_STAF>
    </SET>
    <DOC>
     <RSMPE_ATRT>
      <OBJ_TYPE>A</OBJ_TYPE>
      <OBJ_CODE>000001</OBJ_CODE>
      <MODAL>D</MODAL>
      <NORM>X</NORM>
      <INT_NOTE>Status 200</INT_NOTE>
     </RSMPE_ATRT>
     <RSMPE_ATRT>
      <OBJ_TYPE>P</OBJ_TYPE>
      <OBJ_CODE>000001</OBJ_CODE>
      <MODAL>D</MODAL>
      <INT_NOTE>Status 200</INT_NOTE>
     </RSMPE_ATRT>
     <RSMPE_ATRT>
      <OBJ_TYPE>B</OBJ_TYPE>
      <OBJ_CODE>000001</OBJ_CODE>
      <SUB_CODE>0001</SUB_CODE>
      <MODAL>D</MODAL>
      <INT_NOTE>Status 200</INT_NOTE>
     </RSMPE_ATRT>
    </DOC>
    <TIT>
     <RSMPE_TITT>
      <CODE>0200</CODE>
      <TEXT>Demo: Sperren kummulieren</TEXT>
     </RSMPE_TITT>
    </TIT>
   </CUA>
  </asx:values>
 </asx:abap>
</abapGit>
