﻿<?xml version="1.0" encoding="utf-8"?>
<abapGit version="v1.0.0" serializer="LCL_OBJECT_CLAS" serializer_version="v1.0.0">
 <asx:abap xmlns:asx="http://www.sap.com/abapxml" version="1.0">
  <asx:values>
   <VSEOCLASS>
    <CLSNAME>ZCL_BC414_MODEL_OBJ</CLSNAME>
    <VERSION>1</VERSION>
    <LANGU>D</LANGU>
    <DESCRIPT>BC414: Datenmodell mit Objekt-Diensten</DESCRIPT>
    <EXPOSURE>2</EXPOSURE>
    <STATE>1</STATE>
    <CLSFINAL>X</CLSFINAL>
    <CLSCCINCL>X</CLSCCINCL>
    <FIXPT>X</FIXPT>
    <UNICODE>X</UNICODE>
    <MSG_ID>BC414</MSG_ID>
   </VSEOCLASS>
   <DESCRIPTIONS>
    <SEOCOMPOTX>
     <CLSNAME>ZCL_BC414_MODEL_OBJ</CLSNAME>
     <CMPNAME>CHECK_SFLIGHT</CMPNAME>
     <LANGU>D</LANGU>
     <DESCRIPT>Prüfung Flugtermin</DESCRIPT>
    </SEOCOMPOTX>
    <SEOCOMPOTX>
     <CLSNAME>ZCL_BC414_MODEL_OBJ</CLSNAME>
     <CMPNAME>CHECK_SPFLI</CMPNAME>
     <LANGU>D</LANGU>
     <DESCRIPT>Prüfung Flugverbindung</DESCRIPT>
    </SEOCOMPOTX>
    <SEOCOMPOTX>
     <CLSNAME>ZCL_BC414_MODEL_OBJ</CLSNAME>
     <CMPNAME>MODIFY_BOOKINGS</CMPNAME>
     <LANGU>D</LANGU>
     <DESCRIPT>Ändern Buchungen</DESCRIPT>
    </SEOCOMPOTX>
    <SEOCOMPOTX>
     <CLSNAME>ZCL_BC414_MODEL_OBJ</CLSNAME>
     <CMPNAME>READ_BOOKINGS</CMPNAME>
     <LANGU>D</LANGU>
     <DESCRIPT>Lesen Buchungen</DESCRIPT>
    </SEOCOMPOTX>
    <SEOCOMPOTX>
     <CLSNAME>ZCL_BC414_MODEL_OBJ</CLSNAME>
     <CMPNAME>READ_CURRCODE</CMPNAME>
     <LANGU>D</LANGU>
     <DESCRIPT>Lesen Währungsschlüssel</DESCRIPT>
    </SEOCOMPOTX>
    <SEOCOMPOTX>
     <CLSNAME>ZCL_BC414_MODEL_OBJ</CLSNAME>
     <CMPNAME>SAVE_NEW_BOOKING</CMPNAME>
     <LANGU>D</LANGU>
     <DESCRIPT>Neue Buchung anlegen</DESCRIPT>
    </SEOCOMPOTX>
   </DESCRIPTIONS>
  </asx:values>
 </asx:abap>
</abapGit>
