﻿<?xml version="1.0" encoding="utf-8"?>
<abapGit version="v1.0.0" serializer="LCL_OBJECT_CLAS" serializer_version="v1.0.0">
 <asx:abap xmlns:asx="http://www.sap.com/abapxml" version="1.0">
  <asx:values>
   <VSEOCLASS>
    <CLSNAME>ZCL_BC414_MODEL_COMPLEX</CLSNAME>
    <VERSION>1</VERSION>
    <LANGU>D</LANGU>
    <DESCRIPT>BC414: Komplexes Datenmodell mit Objekt-Diensten</DESCRIPT>
    <EXPOSURE>2</EXPOSURE>
    <STATE>1</STATE>
    <CLSFINAL>X</CLSFINAL>
    <CLSCCINCL>X</CLSCCINCL>
    <FIXPT>X</FIXPT>
    <UNICODE>X</UNICODE>
    <MSG_ID>BC414</MSG_ID>
   </VSEOCLASS>
   <DESCRIPTIONS>
    <SEOCOMPOTX>
     <CLSNAME>ZCL_BC414_MODEL_COMPLEX</CLSNAME>
     <CMPNAME>ADD_NEW_BOOKING</CMPNAME>
     <LANGU>D</LANGU>
     <DESCRIPT>Neue Buchung anlegen</DESCRIPT>
    </SEOCOMPOTX>
    <SEOCOMPOTX>
     <CLSNAME>ZCL_BC414_MODEL_COMPLEX</CLSNAME>
     <CMPNAME>CANCEL_BOOKING</CMPNAME>
     <LANGU>D</LANGU>
     <DESCRIPT>Stornieren einer Buchung</DESCRIPT>
    </SEOCOMPOTX>
    <SEOCOMPOTX>
     <CLSNAME>ZCL_BC414_MODEL_COMPLEX</CLSNAME>
     <CMPNAME>CLASS_CONSTRUCTOR</CMPNAME>
     <LANGU>D</LANGU>
     <DESCRIPT>CLASS_CONSTRUCTOR</DESCRIPT>
    </SEOCOMPOTX>
    <SEOCOMPOTX>
     <CLSNAME>ZCL_BC414_MODEL_COMPLEX</CLSNAME>
     <CMPNAME>CONSTRUCTOR</CMPNAME>
     <LANGU>D</LANGU>
     <DESCRIPT>CONSTRUCTOR</DESCRIPT>
    </SEOCOMPOTX>
    <SEOCOMPOTX>
     <CLSNAME>ZCL_BC414_MODEL_COMPLEX</CLSNAME>
     <CMPNAME>CONVERT_AMOUNT</CMPNAME>
     <LANGU>D</LANGU>
     <DESCRIPT>Umrechnung von Fremdwährung in Hauswährung</DESCRIPT>
    </SEOCOMPOTX>
    <SEOCOMPOTX>
     <CLSNAME>ZCL_BC414_MODEL_COMPLEX</CLSNAME>
     <CMPNAME>END_TRANSACTION</CMPNAME>
     <LANGU>D</LANGU>
     <DESCRIPT>Aktuelle Transaktion mit Commit beenden</DESCRIPT>
    </SEOCOMPOTX>
    <SEOCOMPOTX>
     <CLSNAME>ZCL_BC414_MODEL_COMPLEX</CLSNAME>
     <CMPNAME>GET_BOOKINGS</CMPNAME>
     <LANGU>D</LANGU>
     <DESCRIPT>Lesen Buchungen</DESCRIPT>
    </SEOCOMPOTX>
    <SEOCOMPOTX>
     <CLSNAME>ZCL_BC414_MODEL_COMPLEX</CLSNAME>
     <CMPNAME>GET_FLIGHTDATA</CMPNAME>
     <LANGU>D</LANGU>
     <DESCRIPT>Daten zu Flug und Flugverbindung</DESCRIPT>
    </SEOCOMPOTX>
    <SEOCOMPOTX>
     <CLSNAME>ZCL_BC414_MODEL_COMPLEX</CLSNAME>
     <CMPNAME>GET_NEXT_BOOKID</CMPNAME>
     <LANGU>D</LANGU>
     <DESCRIPT>Nächste freie Buchungsnummer ermitteln</DESCRIPT>
    </SEOCOMPOTX>
    <SEOCOMPOTX>
     <CLSNAME>ZCL_BC414_MODEL_COMPLEX</CLSNAME>
     <CMPNAME>GO_TRANSACTION_MANAGER</CMPNAME>
     <LANGU>D</LANGU>
     <DESCRIPT>Schnittstelle zum Object Transaction Manager</DESCRIPT>
    </SEOCOMPOTX>
    <SEOCOMPOTX>
     <CLSNAME>ZCL_BC414_MODEL_COMPLEX</CLSNAME>
     <CMPNAME>INIT_OS_SYSTEM</CMPNAME>
     <LANGU>D</LANGU>
     <DESCRIPT>Init des OO Transaktionsdienst (falls erforderlich)</DESCRIPT>
    </SEOCOMPOTX>
    <SEOCOMPOTX>
     <CLSNAME>ZCL_BC414_MODEL_COMPLEX</CLSNAME>
     <CMPNAME>LOCK_BOOKING</CMPNAME>
     <LANGU>D</LANGU>
     <DESCRIPT>Sperren einer Buchung</DESCRIPT>
    </SEOCOMPOTX>
    <SEOCOMPOTX>
     <CLSNAME>ZCL_BC414_MODEL_COMPLEX</CLSNAME>
     <CMPNAME>LOCK_FLIGHT</CMPNAME>
     <LANGU>D</LANGU>
     <DESCRIPT>Sperren eines Fluges (optional mit Buchungen)</DESCRIPT>
    </SEOCOMPOTX>
    <SEOCOMPOTX>
     <CLSNAME>ZCL_BC414_MODEL_COMPLEX</CLSNAME>
     <CMPNAME>MO_CARRIER</CMPNAME>
     <LANGU>D</LANGU>
     <DESCRIPT>BC414: Persistente Klasse für Fluggesellschaft</DESCRIPT>
    </SEOCOMPOTX>
    <SEOCOMPOTX>
     <CLSNAME>ZCL_BC414_MODEL_COMPLEX</CLSNAME>
     <CMPNAME>MO_CONNECTION</CMPNAME>
     <LANGU>D</LANGU>
     <DESCRIPT>BC414: Persistente Klasse für Flugverbindung</DESCRIPT>
    </SEOCOMPOTX>
    <SEOCOMPOTX>
     <CLSNAME>ZCL_BC414_MODEL_COMPLEX</CLSNAME>
     <CMPNAME>MO_FLIGHT</CMPNAME>
     <LANGU>D</LANGU>
     <DESCRIPT>BC414: Persistente Klasse für Flugtermin</DESCRIPT>
    </SEOCOMPOTX>
    <SEOCOMPOTX>
     <CLSNAME>ZCL_BC414_MODEL_COMPLEX</CLSNAME>
     <CMPNAME>MV_BOOKINGS_READ</CMPNAME>
     <LANGU>D</LANGU>
     <DESCRIPT>Buchungen zu diesem Flug  gelesen</DESCRIPT>
    </SEOCOMPOTX>
    <SEOCOMPOTX>
     <CLSNAME>ZCL_BC414_MODEL_COMPLEX</CLSNAME>
     <CMPNAME>NEW_TRANSACTION</CMPNAME>
     <LANGU>D</LANGU>
     <DESCRIPT>Neue Transaktion öffnen</DESCRIPT>
    </SEOCOMPOTX>
    <SEOCOMPOTX>
     <CLSNAME>ZCL_BC414_MODEL_COMPLEX</CLSNAME>
     <CMPNAME>READ_BOOKINGS</CMPNAME>
     <LANGU>D</LANGU>
     <DESCRIPT>Füllen von mt_bookings</DESCRIPT>
    </SEOCOMPOTX>
    <SEOCOMPOTX>
     <CLSNAME>ZCL_BC414_MODEL_COMPLEX</CLSNAME>
     <CMPNAME>READ_CUSTNAME_BY_ID</CMPNAME>
     <LANGU>D</LANGU>
     <DESCRIPT>Ermittelt Kundenname zur Kundennummer</DESCRIPT>
    </SEOCOMPOTX>
   </DESCRIPTIONS>
  </asx:values>
 </asx:abap>
</abapGit>
