﻿<?xml version="1.0" encoding="utf-8"?>
<abapGit version="v1.0.0" serializer="LCL_OBJECT_PROG" serializer_version="v1.0.0">
 <asx:abap xmlns:asx="http://www.sap.com/abapxml" version="1.0">
  <asx:values>
   <PROGDIR>
    <NAME>ZMBC414_BOOK_TF02</NAME>
    <STATE>A</STATE>
    <VARCL>X</VARCL>
    <SUBC>I</SUBC>
    <APPL>S</APPL>
    <RLOAD>D</RLOAD>
   </PROGDIR>
   <TPOOL>
    <item>
     <ID>R</ID>
     <ENTRY>Zugriffe auf Datenbanktabellen</ENTRY>
     <LENGTH>49</LENGTH>
    </item>
   </TPOOL>
  </asx:values>
 </asx:abap>
</abapGit>
