﻿<?xml version="1.0" encoding="utf-8"?>
<abapGit version="v1.0.0" serializer="LCL_OBJECT_PROG" serializer_version="v1.0.0">
 <asx:abap xmlns:asx="http://www.sap.com/abapxml" version="1.0">
  <asx:values>
   <PROGDIR>
    <NAME>ZSAPMBC414_CUST_T</NAME>
    <STATE>A</STATE>
    <VARCL>X</VARCL>
    <SUBC>M</SUBC>
    <APPL>S</APPL>
    <RLOAD>D</RLOAD>
    <FIXPT>X</FIXPT>
    <UCCHECK>X</UCCHECK>
   </PROGDIR>
   <DYNPROS>
    <item>
     <HEADER>
      <PROGRAM>ZSAPMBC414_CUST_T</PROGRAM>
      <SCREEN>0100</SCREEN>
      <LANGUAGE>D</LANGUAGE>
      <DESCRIPT>BC414: Kunde anlegen (komplette Transaktion)</DESCRIPT>
      <TYPE>N</TYPE>
      <NEXTSCREEN>0100</NEXTSCREEN>
      <LINES>027</LINES>
      <COLUMNS>120</COLUMNS>
     </HEADER>
     <CONTAINERS>
      <RPY_DYCATT>
       <TYPE>SCREEN</TYPE>
       <NAME>SCREEN</NAME>
      </RPY_DYCATT>
     </CONTAINERS>
     <FIELDS>
      <RPY_DYFATC>
       <CONT_TYPE>SCREEN</CONT_TYPE>
       <CONT_NAME>SCREEN</CONT_NAME>
       <TYPE>FRAME</TYPE>
       <NAME>FRAME01</NAME>
       <TEXT>Name______________________________________________________________________</TEXT>
       <LINE>001</LINE>
       <COLUMN>001</COLUMN>
       <LENGTH>075</LENGTH>
       <VISLENGTH>075</VISLENGTH>
       <HEIGHT>004</HEIGHT>
       <FORMAT>CHAR</FORMAT>
       <REQU_ENTRY>N</REQU_ENTRY>
      </RPY_DYFATC>
      <RPY_DYFATC>
       <CONT_TYPE>SCREEN</CONT_TYPE>
       <CONT_NAME>SCREEN</CONT_NAME>
       <TYPE>TEXT</TYPE>
       <NAME>SCUSTOM-NAME</NAME>
       <TEXT>Kundenname_____</TEXT>
       <LINE>002</LINE>
       <COLUMN>002</COLUMN>
       <LENGTH>015</LENGTH>
       <VISLENGTH>015</VISLENGTH>
       <HEIGHT>001</HEIGHT>
       <FORMAT>CHAR</FORMAT>
       <FROM_DICT>X</FROM_DICT>
       <MODIFIC>2</MODIFIC>
       <UP_LOWER>X</UP_LOWER>
       <REQU_ENTRY>N</REQU_ENTRY>
       <LABELLEFT>X</LABELLEFT>
      </RPY_DYFATC>
      <RPY_DYFATC>
       <CONT_TYPE>SCREEN</CONT_TYPE>
       <CONT_NAME>SCREEN</CONT_NAME>
       <TYPE>TEMPLATE</TYPE>
       <NAME>SCUSTOM-NAME</NAME>
       <TEXT>_________________________</TEXT>
       <LINE>002</LINE>
       <COLUMN>018</COLUMN>
       <LENGTH>025</LENGTH>
       <VISLENGTH>025</VISLENGTH>
       <HEIGHT>001</HEIGHT>
       <FORMAT>CHAR</FORMAT>
       <FROM_DICT>X</FROM_DICT>
       <UP_LOWER>X</UP_LOWER>
       <FOREIGNKEY>X</FOREIGNKEY>
       <INPUT_FLD>X</INPUT_FLD>
       <OUTPUT_FLD>X</OUTPUT_FLD>
       <REQU_ENTRY>O</REQU_ENTRY>
      </RPY_DYFATC>
      <RPY_DYFATC>
       <CONT_TYPE>SCREEN</CONT_TYPE>
       <CONT_NAME>SCREEN</CONT_NAME>
       <TYPE>TEXT</TYPE>
       <NAME>SCUSTOM-FORM</NAME>
       <TEXT>Anrede______</TEXT>
       <LINE>003</LINE>
       <COLUMN>002</COLUMN>
       <LENGTH>012</LENGTH>
       <VISLENGTH>012</VISLENGTH>
       <HEIGHT>001</HEIGHT>
       <FORMAT>CHAR</FORMAT>
       <FROM_DICT>X</FROM_DICT>
       <MODIFIC>2</MODIFIC>
       <UP_LOWER>X</UP_LOWER>
       <REQU_ENTRY>N</REQU_ENTRY>
       <LABELLEFT>X</LABELLEFT>
      </RPY_DYFATC>
      <RPY_DYFATC>
       <CONT_TYPE>SCREEN</CONT_TYPE>
       <CONT_NAME>SCREEN</CONT_NAME>
       <TYPE>TEMPLATE</TYPE>
       <NAME>SCUSTOM-FORM</NAME>
       <TEXT>_______________</TEXT>
       <LINE>003</LINE>
       <COLUMN>018</COLUMN>
       <LENGTH>015</LENGTH>
       <VISLENGTH>015</VISLENGTH>
       <HEIGHT>001</HEIGHT>
       <FORMAT>CHAR</FORMAT>
       <FROM_DICT>X</FROM_DICT>
       <UP_LOWER>X</UP_LOWER>
       <FOREIGNKEY>X</FOREIGNKEY>
       <INPUT_FLD>X</INPUT_FLD>
       <OUTPUT_FLD>X</OUTPUT_FLD>
       <REQU_ENTRY>O</REQU_ENTRY>
      </RPY_DYFATC>
      <RPY_DYFATC>
       <CONT_TYPE>SCREEN</CONT_TYPE>
       <CONT_NAME>SCREEN</CONT_NAME>
       <TYPE>FRAME</TYPE>
       <NAME>FRAME02</NAME>
       <TEXT>Adresse___________________________________________________________________</TEXT>
       <LINE>005</LINE>
       <COLUMN>001</COLUMN>
       <LENGTH>075</LENGTH>
       <VISLENGTH>075</VISLENGTH>
       <HEIGHT>005</HEIGHT>
       <FORMAT>CHAR</FORMAT>
       <REQU_ENTRY>N</REQU_ENTRY>
      </RPY_DYFATC>
      <RPY_DYFATC>
       <CONT_TYPE>SCREEN</CONT_TYPE>
       <CONT_NAME>SCREEN</CONT_NAME>
       <TYPE>TEXT</TYPE>
       <NAME>SCUSTOM-STREET</NAME>
       <TEXT>Strasse________</TEXT>
       <LINE>006</LINE>
       <COLUMN>002</COLUMN>
       <LENGTH>015</LENGTH>
       <VISLENGTH>015</VISLENGTH>
       <HEIGHT>001</HEIGHT>
       <FORMAT>CHAR</FORMAT>
       <FROM_DICT>X</FROM_DICT>
       <MODIFIC>2</MODIFIC>
       <UP_LOWER>X</UP_LOWER>
       <REQU_ENTRY>N</REQU_ENTRY>
       <LABELLEFT>X</LABELLEFT>
      </RPY_DYFATC>
      <RPY_DYFATC>
       <CONT_TYPE>SCREEN</CONT_TYPE>
       <CONT_NAME>SCREEN</CONT_NAME>
       <TYPE>TEMPLATE</TYPE>
       <NAME>SCUSTOM-STREET</NAME>
       <TEXT>______________________________</TEXT>
       <LINE>006</LINE>
       <COLUMN>018</COLUMN>
       <LENGTH>030</LENGTH>
       <VISLENGTH>030</VISLENGTH>
       <HEIGHT>001</HEIGHT>
       <FORMAT>CHAR</FORMAT>
       <FROM_DICT>X</FROM_DICT>
       <UP_LOWER>X</UP_LOWER>
       <FOREIGNKEY>X</FOREIGNKEY>
       <INPUT_FLD>X</INPUT_FLD>
       <OUTPUT_FLD>X</OUTPUT_FLD>
       <REQU_ENTRY>O</REQU_ENTRY>
      </RPY_DYFATC>
      <RPY_DYFATC>
       <CONT_TYPE>SCREEN</CONT_TYPE>
       <CONT_NAME>SCREEN</CONT_NAME>
       <TYPE>TEXT</TYPE>
       <NAME>SCUSTOM-POSTBOX</NAME>
       <TEXT>Postfach</TEXT>
       <LINE>006</LINE>
       <COLUMN>050</COLUMN>
       <LENGTH>008</LENGTH>
       <VISLENGTH>008</VISLENGTH>
       <HEIGHT>001</HEIGHT>
       <FORMAT>CHAR</FORMAT>
       <FROM_DICT>X</FROM_DICT>
       <MODIFIC>2</MODIFIC>
       <REQU_ENTRY>N</REQU_ENTRY>
       <LABELLEFT>X</LABELLEFT>
      </RPY_DYFATC>
      <RPY_DYFATC>
       <CONT_TYPE>SCREEN</CONT_TYPE>
       <CONT_NAME>SCREEN</CONT_NAME>
       <TYPE>TEMPLATE</TYPE>
       <NAME>SCUSTOM-POSTBOX</NAME>
       <TEXT>__________</TEXT>
       <LINE>006</LINE>
       <COLUMN>064</COLUMN>
       <LENGTH>010</LENGTH>
       <VISLENGTH>010</VISLENGTH>
       <HEIGHT>001</HEIGHT>
       <FORMAT>CHAR</FORMAT>
       <FROM_DICT>X</FROM_DICT>
       <FOREIGNKEY>X</FOREIGNKEY>
       <INPUT_FLD>X</INPUT_FLD>
       <OUTPUT_FLD>X</OUTPUT_FLD>
      </RPY_DYFATC>
      <RPY_DYFATC>
       <CONT_TYPE>SCREEN</CONT_TYPE>
       <CONT_NAME>SCREEN</CONT_NAME>
       <TYPE>TEXT</TYPE>
       <NAME>SCUSTOM-POSTCODE</NAME>
       <TEXT>Postleitzahl__</TEXT>
       <LINE>007</LINE>
       <COLUMN>002</COLUMN>
       <LENGTH>014</LENGTH>
       <VISLENGTH>014</VISLENGTH>
       <HEIGHT>001</HEIGHT>
       <FORMAT>CHAR</FORMAT>
       <FROM_DICT>X</FROM_DICT>
       <MODIFIC>2</MODIFIC>
       <REQU_ENTRY>N</REQU_ENTRY>
       <LABELLEFT>X</LABELLEFT>
      </RPY_DYFATC>
      <RPY_DYFATC>
       <CONT_TYPE>SCREEN</CONT_TYPE>
       <CONT_NAME>SCREEN</CONT_NAME>
       <TYPE>TEMPLATE</TYPE>
       <NAME>SCUSTOM-POSTCODE</NAME>
       <TEXT>__________</TEXT>
       <LINE>007</LINE>
       <COLUMN>018</COLUMN>
       <LENGTH>010</LENGTH>
       <VISLENGTH>010</VISLENGTH>
       <HEIGHT>001</HEIGHT>
       <FORMAT>CHAR</FORMAT>
       <FROM_DICT>X</FROM_DICT>
       <FOREIGNKEY>X</FOREIGNKEY>
       <INPUT_FLD>X</INPUT_FLD>
       <OUTPUT_FLD>X</OUTPUT_FLD>
       <REQU_ENTRY>O</REQU_ENTRY>
      </RPY_DYFATC>
      <RPY_DYFATC>
       <CONT_TYPE>SCREEN</CONT_TYPE>
       <CONT_NAME>SCREEN</CONT_NAME>
       <TYPE>TEXT</TYPE>
       <NAME>SCUSTOM-CITY</NAME>
       <TEXT>Stadt__________</TEXT>
       <LINE>007</LINE>
       <COLUMN>033</COLUMN>
       <LENGTH>015</LENGTH>
       <VISLENGTH>015</VISLENGTH>
       <HEIGHT>001</HEIGHT>
       <FORMAT>CHAR</FORMAT>
       <FROM_DICT>X</FROM_DICT>
       <MODIFIC>2</MODIFIC>
       <UP_LOWER>X</UP_LOWER>
       <REQU_ENTRY>N</REQU_ENTRY>
       <LABELLEFT>X</LABELLEFT>
      </RPY_DYFATC>
      <RPY_DYFATC>
       <CONT_TYPE>SCREEN</CONT_TYPE>
       <CONT_NAME>SCREEN</CONT_NAME>
       <TYPE>TEMPLATE</TYPE>
       <NAME>SCUSTOM-CITY</NAME>
       <TEXT>_________________________</TEXT>
       <LINE>007</LINE>
       <COLUMN>049</COLUMN>
       <LENGTH>025</LENGTH>
       <VISLENGTH>025</VISLENGTH>
       <HEIGHT>001</HEIGHT>
       <FORMAT>CHAR</FORMAT>
       <FROM_DICT>X</FROM_DICT>
       <UP_LOWER>X</UP_LOWER>
       <FOREIGNKEY>X</FOREIGNKEY>
       <INPUT_FLD>X</INPUT_FLD>
       <OUTPUT_FLD>X</OUTPUT_FLD>
       <REQU_ENTRY>O</REQU_ENTRY>
      </RPY_DYFATC>
      <RPY_DYFATC>
       <CONT_TYPE>SCREEN</CONT_TYPE>
       <CONT_NAME>SCREEN</CONT_NAME>
       <TYPE>TEXT</TYPE>
       <NAME>SCUSTOM-COUNTRY</NAME>
       <TEXT>Land___________</TEXT>
       <LINE>008</LINE>
       <COLUMN>002</COLUMN>
       <LENGTH>015</LENGTH>
       <VISLENGTH>015</VISLENGTH>
       <HEIGHT>001</HEIGHT>
       <FORMAT>CHAR</FORMAT>
       <FROM_DICT>X</FROM_DICT>
       <MODIFIC>2</MODIFIC>
       <REQU_ENTRY>N</REQU_ENTRY>
       <LABELLEFT>X</LABELLEFT>
      </RPY_DYFATC>
      <RPY_DYFATC>
       <CONT_TYPE>SCREEN</CONT_TYPE>
       <CONT_NAME>SCREEN</CONT_NAME>
       <TYPE>TEMPLATE</TYPE>
       <NAME>SCUSTOM-COUNTRY</NAME>
       <TEXT>___</TEXT>
       <LINE>008</LINE>
       <COLUMN>018</COLUMN>
       <LENGTH>003</LENGTH>
       <VISLENGTH>003</VISLENGTH>
       <HEIGHT>001</HEIGHT>
       <FORMAT>CHAR</FORMAT>
       <FROM_DICT>X</FROM_DICT>
       <FOREIGNKEY>X</FOREIGNKEY>
       <INPUT_FLD>X</INPUT_FLD>
       <OUTPUT_FLD>X</OUTPUT_FLD>
       <REQU_ENTRY>O</REQU_ENTRY>
      </RPY_DYFATC>
      <RPY_DYFATC>
       <CONT_TYPE>SCREEN</CONT_TYPE>
       <CONT_NAME>SCREEN</CONT_NAME>
       <TYPE>TEXT</TYPE>
       <NAME>SCUSTOM-REGION</NAME>
       <TEXT>Region_________</TEXT>
       <LINE>008</LINE>
       <COLUMN>033</COLUMN>
       <LENGTH>015</LENGTH>
       <VISLENGTH>015</VISLENGTH>
       <HEIGHT>001</HEIGHT>
       <FORMAT>CHAR</FORMAT>
       <FROM_DICT>X</FROM_DICT>
       <MODIFIC>2</MODIFIC>
       <REQU_ENTRY>N</REQU_ENTRY>
       <LABELLEFT>X</LABELLEFT>
      </RPY_DYFATC>
      <RPY_DYFATC>
       <CONT_TYPE>SCREEN</CONT_TYPE>
       <CONT_NAME>SCREEN</CONT_NAME>
       <TYPE>TEMPLATE</TYPE>
       <NAME>SCUSTOM-REGION</NAME>
       <TEXT>___</TEXT>
       <LINE>008</LINE>
       <COLUMN>049</COLUMN>
       <LENGTH>003</LENGTH>
       <VISLENGTH>003</VISLENGTH>
       <HEIGHT>001</HEIGHT>
       <FORMAT>CHAR</FORMAT>
       <FROM_DICT>X</FROM_DICT>
       <FOREIGNKEY>X</FOREIGNKEY>
       <INPUT_FLD>X</INPUT_FLD>
       <OUTPUT_FLD>X</OUTPUT_FLD>
      </RPY_DYFATC>
      <RPY_DYFATC>
       <CONT_TYPE>SCREEN</CONT_TYPE>
       <CONT_NAME>SCREEN</CONT_NAME>
       <TYPE>FRAME</TYPE>
       <NAME>FRAME03</NAME>
       <TEXT>Kontakt___________________________________________________________________</TEXT>
       <LINE>010</LINE>
       <COLUMN>001</COLUMN>
       <LENGTH>075</LENGTH>
       <VISLENGTH>075</VISLENGTH>
       <HEIGHT>004</HEIGHT>
       <FORMAT>CHAR</FORMAT>
       <REQU_ENTRY>N</REQU_ENTRY>
      </RPY_DYFATC>
      <RPY_DYFATC>
       <CONT_TYPE>SCREEN</CONT_TYPE>
       <CONT_NAME>SCREEN</CONT_NAME>
       <TYPE>TEXT</TYPE>
       <NAME>SCUSTOM-TELEPHONE</NAME>
       <TEXT>Telefon</TEXT>
       <LINE>011</LINE>
       <COLUMN>003</COLUMN>
       <LENGTH>007</LENGTH>
       <VISLENGTH>007</VISLENGTH>
       <HEIGHT>001</HEIGHT>
       <FORMAT>CHAR</FORMAT>
       <FROM_DICT>X</FROM_DICT>
       <MODIFIC>2</MODIFIC>
       <REQU_ENTRY>N</REQU_ENTRY>
       <LABELLEFT>X</LABELLEFT>
      </RPY_DYFATC>
      <RPY_DYFATC>
       <CONT_TYPE>SCREEN</CONT_TYPE>
       <CONT_NAME>SCREEN</CONT_NAME>
       <TYPE>TEMPLATE</TYPE>
       <NAME>SCUSTOM-TELEPHONE</NAME>
       <TEXT>______________________________</TEXT>
       <LINE>011</LINE>
       <COLUMN>019</COLUMN>
       <LENGTH>030</LENGTH>
       <VISLENGTH>030</VISLENGTH>
       <HEIGHT>001</HEIGHT>
       <FORMAT>CHAR</FORMAT>
       <FROM_DICT>X</FROM_DICT>
       <FOREIGNKEY>X</FOREIGNKEY>
       <INPUT_FLD>X</INPUT_FLD>
       <OUTPUT_FLD>X</OUTPUT_FLD>
      </RPY_DYFATC>
      <RPY_DYFATC>
       <CONT_TYPE>SCREEN</CONT_TYPE>
       <CONT_NAME>SCREEN</CONT_NAME>
       <TYPE>TEXT</TYPE>
       <NAME>SCUSTOM-EMAIL</NAME>
       <TEXT>E-Mail-Adresse</TEXT>
       <LINE>012</LINE>
       <COLUMN>003</COLUMN>
       <LENGTH>014</LENGTH>
       <VISLENGTH>014</VISLENGTH>
       <HEIGHT>001</HEIGHT>
       <FORMAT>CHAR</FORMAT>
       <FROM_DICT>X</FROM_DICT>
       <MODIFIC>2</MODIFIC>
       <UP_LOWER>X</UP_LOWER>
       <REQU_ENTRY>N</REQU_ENTRY>
       <LABELLEFT>X</LABELLEFT>
      </RPY_DYFATC>
      <RPY_DYFATC>
       <CONT_TYPE>SCREEN</CONT_TYPE>
       <CONT_NAME>SCREEN</CONT_NAME>
       <TYPE>TEMPLATE</TYPE>
       <NAME>SCUSTOM-EMAIL</NAME>
       <TEXT>________________________________________</TEXT>
       <LINE>012</LINE>
       <COLUMN>019</COLUMN>
       <LENGTH>040</LENGTH>
       <VISLENGTH>040</VISLENGTH>
       <HEIGHT>001</HEIGHT>
       <FORMAT>CHAR</FORMAT>
       <FROM_DICT>X</FROM_DICT>
       <UP_LOWER>X</UP_LOWER>
       <FOREIGNKEY>X</FOREIGNKEY>
       <INPUT_FLD>X</INPUT_FLD>
       <OUTPUT_FLD>X</OUTPUT_FLD>
      </RPY_DYFATC>
      <RPY_DYFATC>
       <CONT_TYPE>SCREEN</CONT_TYPE>
       <CONT_NAME>SCREEN</CONT_NAME>
       <TYPE>FRAME</TYPE>
       <NAME>FRAME04</NAME>
       <TEXT>Details___________________________________________________________________</TEXT>
       <LINE>014</LINE>
       <COLUMN>001</COLUMN>
       <LENGTH>075</LENGTH>
       <VISLENGTH>075</VISLENGTH>
       <HEIGHT>003</HEIGHT>
       <FORMAT>CHAR</FORMAT>
       <REQU_ENTRY>N</REQU_ENTRY>
      </RPY_DYFATC>
      <RPY_DYFATC>
       <CONT_TYPE>SCREEN</CONT_TYPE>
       <CONT_NAME>SCREEN</CONT_NAME>
       <TYPE>TEXT</TYPE>
       <NAME>SCUSTOM-CUSTTYPE</NAME>
       <TEXT>G/P-Kunde______</TEXT>
       <LINE>015</LINE>
       <COLUMN>003</COLUMN>
       <LENGTH>015</LENGTH>
       <VISLENGTH>015</VISLENGTH>
       <HEIGHT>001</HEIGHT>
       <FORMAT>CHAR</FORMAT>
       <FROM_DICT>X</FROM_DICT>
       <MODIFIC>2</MODIFIC>
       <REQU_ENTRY>N</REQU_ENTRY>
       <LABELLEFT>X</LABELLEFT>
       <DICT_I_VAL>X</DICT_I_VAL>
      </RPY_DYFATC>
      <RPY_DYFATC>
       <CONT_TYPE>SCREEN</CONT_TYPE>
       <CONT_NAME>SCREEN</CONT_NAME>
       <TYPE>TEMPLATE</TYPE>
       <NAME>SCUSTOM-CUSTTYPE</NAME>
       <TEXT>_</TEXT>
       <LINE>015</LINE>
       <COLUMN>019</COLUMN>
       <LENGTH>001</LENGTH>
       <VISLENGTH>001</VISLENGTH>
       <HEIGHT>001</HEIGHT>
       <FORMAT>CHAR</FORMAT>
       <FROM_DICT>X</FROM_DICT>
       <FOREIGNKEY>X</FOREIGNKEY>
       <INPUT_FLD>X</INPUT_FLD>
       <OUTPUT_FLD>X</OUTPUT_FLD>
       <DICT_I_VAL>X</DICT_I_VAL>
      </RPY_DYFATC>
      <RPY_DYFATC>
       <CONT_TYPE>SCREEN</CONT_TYPE>
       <CONT_NAME>SCREEN</CONT_NAME>
       <TYPE>TEXT</TYPE>
       <NAME>SCUSTOM-DISCOUNT</NAME>
       <TEXT>Rabatt(%)______</TEXT>
       <LINE>015</LINE>
       <COLUMN>033</COLUMN>
       <LENGTH>015</LENGTH>
       <VISLENGTH>015</VISLENGTH>
       <HEIGHT>001</HEIGHT>
       <FORMAT>CHAR</FORMAT>
       <FROM_DICT>X</FROM_DICT>
       <MODIFIC>2</MODIFIC>
       <REQU_ENTRY>N</REQU_ENTRY>
       <LABELLEFT>X</LABELLEFT>
      </RPY_DYFATC>
      <RPY_DYFATC>
       <CONT_TYPE>SCREEN</CONT_TYPE>
       <CONT_NAME>SCREEN</CONT_NAME>
       <TYPE>TEMPLATE</TYPE>
       <NAME>SCUSTOM-DISCOUNT</NAME>
       <TEXT>___</TEXT>
       <LINE>015</LINE>
       <COLUMN>049</COLUMN>
       <LENGTH>003</LENGTH>
       <VISLENGTH>003</VISLENGTH>
       <HEIGHT>001</HEIGHT>
       <FORMAT>NUMC</FORMAT>
       <FROM_DICT>X</FROM_DICT>
       <FOREIGNKEY>X</FOREIGNKEY>
       <INPUT_FLD>X</INPUT_FLD>
       <OUTPUT_FLD>X</OUTPUT_FLD>
      </RPY_DYFATC>
      <RPY_DYFATC>
       <CONT_TYPE>SCREEN</CONT_TYPE>
       <CONT_NAME>SCREEN</CONT_NAME>
       <TYPE>TEXT</TYPE>
       <NAME>SCUSTOM-LANGU</NAME>
       <TEXT>Sprache________</TEXT>
       <LINE>015</LINE>
       <COLUMN>056</COLUMN>
       <LENGTH>015</LENGTH>
       <VISLENGTH>015</VISLENGTH>
       <HEIGHT>001</HEIGHT>
       <FORMAT>CHAR</FORMAT>
       <FROM_DICT>X</FROM_DICT>
       <MODIFIC>2</MODIFIC>
       <UP_LOWER>X</UP_LOWER>
       <REQU_ENTRY>N</REQU_ENTRY>
       <LABELLEFT>X</LABELLEFT>
       <DICT_I_FKY>X</DICT_I_FKY>
      </RPY_DYFATC>
      <RPY_DYFATC>
       <CONT_TYPE>SCREEN</CONT_TYPE>
       <CONT_NAME>SCREEN</CONT_NAME>
       <TYPE>TEMPLATE</TYPE>
       <NAME>SCUSTOM-LANGU</NAME>
       <TEXT>__</TEXT>
       <LINE>015</LINE>
       <COLUMN>072</COLUMN>
       <LENGTH>002</LENGTH>
       <VISLENGTH>002</VISLENGTH>
       <HEIGHT>001</HEIGHT>
       <FORMAT>LANG</FORMAT>
       <FROM_DICT>X</FROM_DICT>
       <CONV_EXIT>ISOLA</CONV_EXIT>
       <PARAM_ID>SPR</PARAM_ID>
       <UP_LOWER>X</UP_LOWER>
       <FOREIGNKEY>X</FOREIGNKEY>
       <INPUT_FLD>X</INPUT_FLD>
       <OUTPUT_FLD>X</OUTPUT_FLD>
       <DICT_I_FKY>X</DICT_I_FKY>
      </RPY_DYFATC>
      <RPY_DYFATC>
       <CONT_TYPE>SCREEN</CONT_TYPE>
       <CONT_NAME>SCREEN</CONT_NAME>
       <TYPE>OKCODE</TYPE>
       <NAME>OK_CODE</NAME>
       <TEXT>____________________</TEXT>
       <LENGTH>020</LENGTH>
       <VISLENGTH>020</VISLENGTH>
       <HEIGHT>001</HEIGHT>
       <FORMAT>CHAR</FORMAT>
       <INPUT_FLD>X</INPUT_FLD>
      </RPY_DYFATC>
     </FIELDS>
     <FLOW_LOGIC>
      <RPY_DYFLOW>
       <LINE>PROCESS BEFORE OUTPUT.</LINE>
      </RPY_DYFLOW>
      <RPY_DYFLOW>
       <LINE>MODULE status_0100.</LINE>
      </RPY_DYFLOW>
      <RPY_DYFLOW>
       <LINE>MODULE clear_okcode.</LINE>
      </RPY_DYFLOW>
      <RPY_DYFLOW/>
      <RPY_DYFLOW/>
      <RPY_DYFLOW>
       <LINE>PROCESS AFTER INPUT.</LINE>
      </RPY_DYFLOW>
      <RPY_DYFLOW>
       <LINE>MODULE exit AT EXIT-COMMAND.</LINE>
      </RPY_DYFLOW>
      <RPY_DYFLOW>
       <LINE>FIELD scustom-name MODULE mark_changed ON REQUEST.</LINE>
      </RPY_DYFLOW>
      <RPY_DYFLOW>
       <LINE>MODULE user_command_0100.</LINE>
      </RPY_DYFLOW>
     </FLOW_LOGIC>
     <SPACES>
      <item>0</item>
      <item>2</item>
      <item>2</item>
      <item>0</item>
      <item>0</item>
      <item>0</item>
      <item>2</item>
      <item>2</item>
      <item>2</item>
     </SPACES>
    </item>
   </DYNPROS>
   <CUA>
    <ADM>
     <ACTCODE>000001</ACTCODE>
     <MENCODE>000005</MENCODE>
     <PFKCODE>000001</PFKCODE>
    </ADM>
    <STA>
     <RSMPE_STAT>
      <CODE>DYN_0100</CODE>
      <MODAL>D</MODAL>
      <ACTCODE>000001</ACTCODE>
      <PFKCODE>000001</PFKCODE>
      <BUTCODE>0001</BUTCODE>
      <INT_NOTE>BC414: Kunde anlegen</INT_NOTE>
     </RSMPE_STAT>
    </STA>
    <FUN>
     <RSMPE_FUNT>
      <CODE>BACK</CODE>
      <TEXTNO>001</TEXTNO>
      <TEXT_TYPE>S</TEXT_TYPE>
      <FUN_TEXT>Zurück</FUN_TEXT>
     </RSMPE_FUNT>
     <RSMPE_FUNT>
      <CODE>CANCEL</CODE>
      <TEXTNO>001</TEXTNO>
      <TYPE>E</TYPE>
      <TEXT_TYPE>S</TEXT_TYPE>
      <TEXT_NAME>ICON_CANCEL</TEXT_NAME>
      <ICON_ID>@0W@</ICON_ID>
      <FUN_TEXT>Abbrechen</FUN_TEXT>
     </RSMPE_FUNT>
     <RSMPE_FUNT>
      <CODE>EXIT</CODE>
      <TEXTNO>001</TEXTNO>
      <TYPE>E</TYPE>
      <TEXT_TYPE>S</TEXT_TYPE>
      <FUN_TEXT>Beenden</FUN_TEXT>
     </RSMPE_FUNT>
     <RSMPE_FUNT>
      <CODE>SAVE</CODE>
      <TEXTNO>001</TEXTNO>
      <TEXT_TYPE>S</TEXT_TYPE>
      <TEXT_NAME>ICON_SYSTEM_SAVE</TEXT_NAME>
      <ICON_ID>@2L@</ICON_ID>
      <FUN_TEXT>Sichern</FUN_TEXT>
     </RSMPE_FUNT>
    </FUN>
    <MEN>
     <RSMPE_MEN>
      <CODE>000001</CODE>
      <NO>01</NO>
      <REF_TYPE>F</REF_TYPE>
      <REF_CODE>&lt;01&gt;</REF_CODE>
     </RSMPE_MEN>
     <RSMPE_MEN>
      <CODE>000001</CODE>
      <NO>02</NO>
      <REF_TYPE>F</REF_TYPE>
      <REF_CODE>&lt;02&gt;</REF_CODE>
     </RSMPE_MEN>
     <RSMPE_MEN>
      <CODE>000001</CODE>
      <NO>03</NO>
      <REF_TYPE>F</REF_TYPE>
      <REF_CODE>&lt;03&gt;</REF_CODE>
     </RSMPE_MEN>
     <RSMPE_MEN>
      <CODE>000001</CODE>
      <NO>04</NO>
      <REF_TYPE>F</REF_TYPE>
      <REF_CODE>&lt;04&gt;</REF_CODE>
     </RSMPE_MEN>
     <RSMPE_MEN>
      <CODE>000001</CODE>
      <NO>05</NO>
      <REF_TYPE>F</REF_TYPE>
      <REF_CODE>&lt;05&gt;</REF_CODE>
     </RSMPE_MEN>
     <RSMPE_MEN>
      <CODE>000001</CODE>
      <NO>06</NO>
      <REF_TYPE>S</REF_TYPE>
      <REF_CODE>&lt;S1&gt;</REF_CODE>
     </RSMPE_MEN>
     <RSMPE_MEN>
      <CODE>000001</CODE>
      <NO>07</NO>
      <REF_TYPE>F</REF_TYPE>
      <REF_CODE>SAVE</REF_CODE>
      <REF_NO>001</REF_NO>
     </RSMPE_MEN>
     <RSMPE_MEN>
      <CODE>000001</CODE>
      <NO>08</NO>
      <REF_TYPE>S</REF_TYPE>
      <REF_CODE>&lt;S1&gt;</REF_CODE>
     </RSMPE_MEN>
     <RSMPE_MEN>
      <CODE>000001</CODE>
      <NO>09</NO>
      <REF_TYPE>F</REF_TYPE>
      <REF_CODE>&lt;09&gt;</REF_CODE>
     </RSMPE_MEN>
     <RSMPE_MEN>
      <CODE>000001</CODE>
      <NO>10</NO>
      <REF_TYPE>S</REF_TYPE>
      <REF_CODE>&lt;S1&gt;</REF_CODE>
     </RSMPE_MEN>
     <RSMPE_MEN>
      <CODE>000001</CODE>
      <NO>11</NO>
      <REF_TYPE>F</REF_TYPE>
      <REF_CODE>&lt;10&gt;</REF_CODE>
     </RSMPE_MEN>
     <RSMPE_MEN>
      <CODE>000001</CODE>
      <NO>12</NO>
      <REF_TYPE>F</REF_TYPE>
      <REF_CODE>EXIT</REF_CODE>
      <REF_NO>001</REF_NO>
     </RSMPE_MEN>
     <RSMPE_MEN>
      <CODE>000002</CODE>
      <NO>01</NO>
      <REF_TYPE>F</REF_TYPE>
      <REF_CODE>&lt;12&gt;</REF_CODE>
     </RSMPE_MEN>
     <RSMPE_MEN>
      <CODE>000002</CODE>
      <NO>02</NO>
      <REF_TYPE>F</REF_TYPE>
      <REF_CODE>&lt;13&gt;</REF_CODE>
     </RSMPE_MEN>
     <RSMPE_MEN>
      <CODE>000002</CODE>
      <NO>03</NO>
      <REF_TYPE>F</REF_TYPE>
      <REF_CODE>&lt;24&gt;</REF_CODE>
     </RSMPE_MEN>
     <RSMPE_MEN>
      <CODE>000002</CODE>
      <NO>04</NO>
      <REF_TYPE>F</REF_TYPE>
      <REF_CODE>&lt;14&gt;</REF_CODE>
     </RSMPE_MEN>
     <RSMPE_MEN>
      <CODE>000002</CODE>
      <NO>05</NO>
      <REF_TYPE>S</REF_TYPE>
      <REF_CODE>&lt;S1&gt;</REF_CODE>
     </RSMPE_MEN>
     <RSMPE_MEN>
      <CODE>000002</CODE>
      <NO>06</NO>
      <REF_TYPE>F</REF_TYPE>
      <REF_CODE>&lt;16&gt;</REF_CODE>
     </RSMPE_MEN>
     <RSMPE_MEN>
      <CODE>000002</CODE>
      <NO>07</NO>
      <REF_TYPE>F</REF_TYPE>
      <REF_CODE>&lt;17&gt;</REF_CODE>
     </RSMPE_MEN>
     <RSMPE_MEN>
      <CODE>000002</CODE>
      <NO>08</NO>
      <REF_TYPE>F</REF_TYPE>
      <REF_CODE>&lt;18&gt;</REF_CODE>
     </RSMPE_MEN>
     <RSMPE_MEN>
      <CODE>000002</CODE>
      <NO>09</NO>
      <REF_TYPE>S</REF_TYPE>
      <REF_CODE>&lt;S1&gt;</REF_CODE>
     </RSMPE_MEN>
     <RSMPE_MEN>
      <CODE>000002</CODE>
      <NO>10</NO>
      <REF_TYPE>F</REF_TYPE>
      <REF_CODE>&lt;26&gt;</REF_CODE>
     </RSMPE_MEN>
     <RSMPE_MEN>
      <CODE>000002</CODE>
      <NO>11</NO>
      <REF_TYPE>F</REF_TYPE>
      <REF_CODE>&lt;27&gt;</REF_CODE>
     </RSMPE_MEN>
     <RSMPE_MEN>
      <CODE>000002</CODE>
      <NO>12</NO>
      <REF_TYPE>F</REF_TYPE>
      <REF_CODE>&lt;20&gt;</REF_CODE>
     </RSMPE_MEN>
     <RSMPE_MEN>
      <CODE>000002</CODE>
      <NO>13</NO>
      <REF_TYPE>S</REF_TYPE>
      <REF_CODE>&lt;S1&gt;</REF_CODE>
     </RSMPE_MEN>
     <RSMPE_MEN>
      <CODE>000002</CODE>
      <NO>14</NO>
      <REF_TYPE>F</REF_TYPE>
      <REF_CODE>CANCEL</REF_CODE>
      <REF_NO>001</REF_NO>
     </RSMPE_MEN>
     <RSMPE_MEN>
      <CODE>000003</CODE>
      <NO>01</NO>
      <REF_TYPE>S</REF_TYPE>
      <REF_CODE>&lt;S1&gt;</REF_CODE>
     </RSMPE_MEN>
     <RSMPE_MEN>
      <CODE>000003</CODE>
      <NO>02</NO>
      <REF_TYPE>F</REF_TYPE>
      <REF_CODE>BACK</REF_CODE>
      <REF_NO>001</REF_NO>
     </RSMPE_MEN>
    </MEN>
    <MTX>
     <RSMPE_MNLT>
      <CODE>000001</CODE>
      <TEXT_TYPE>S</TEXT_TYPE>
      <TEXT>Kundendaten</TEXT>
      <INT_NOTE>Normergänzung</INT_NOTE>
     </RSMPE_MNLT>
     <RSMPE_MNLT>
      <CODE>000002</CODE>
      <TEXT_TYPE>S</TEXT_TYPE>
      <TEXT>Bearbeiten</TEXT>
      <PATH>B</PATH>
      <INT_NOTE>Normergänzung</INT_NOTE>
     </RSMPE_MNLT>
     <RSMPE_MNLT>
      <CODE>000003</CODE>
      <TEXT_TYPE>S</TEXT_TYPE>
      <TEXT>Springen</TEXT>
      <PATH>S</PATH>
      <INT_NOTE>Normergänzung</INT_NOTE>
     </RSMPE_MNLT>
     <RSMPE_MNLT>
      <CODE>000004</CODE>
      <TEXT_TYPE>S</TEXT_TYPE>
      <TEXT>Zusätze</TEXT>
      <PATH>Z</PATH>
      <INT_NOTE>Normergänzung</INT_NOTE>
     </RSMPE_MNLT>
     <RSMPE_MNLT>
      <CODE>000005</CODE>
      <TEXT_TYPE>S</TEXT_TYPE>
      <TEXT>Umfeld</TEXT>
      <PATH>U</PATH>
      <INT_NOTE>Normergänzung</INT_NOTE>
     </RSMPE_MNLT>
    </MTX>
    <ACT>
     <RSMPE_ACT>
      <CODE>000001</CODE>
      <NO>01</NO>
      <MENUCODE>000001</MENUCODE>
     </RSMPE_ACT>
     <RSMPE_ACT>
      <CODE>000001</CODE>
      <NO>02</NO>
      <MENUCODE>000002</MENUCODE>
     </RSMPE_ACT>
     <RSMPE_ACT>
      <CODE>000001</CODE>
      <NO>03</NO>
      <MENUCODE>000003</MENUCODE>
     </RSMPE_ACT>
     <RSMPE_ACT>
      <CODE>000001</CODE>
      <NO>04</NO>
      <MENUCODE>000004</MENUCODE>
     </RSMPE_ACT>
     <RSMPE_ACT>
      <CODE>000001</CODE>
      <NO>05</NO>
      <MENUCODE>000005</MENUCODE>
     </RSMPE_ACT>
    </ACT>
    <PFK>
     <RSMPE_PFK>
      <CODE>000001</CODE>
      <PFNO>03</PFNO>
      <FUNCODE>BACK</FUNCODE>
      <FUNNO>001</FUNNO>
     </RSMPE_PFK>
     <RSMPE_PFK>
      <CODE>000001</CODE>
      <PFNO>11</PFNO>
      <FUNCODE>SAVE</FUNCODE>
      <FUNNO>001</FUNNO>
     </RSMPE_PFK>
     <RSMPE_PFK>
      <CODE>000001</CODE>
      <PFNO>12</PFNO>
      <FUNCODE>CANCEL</FUNCODE>
      <FUNNO>001</FUNNO>
     </RSMPE_PFK>
     <RSMPE_PFK>
      <CODE>000001</CODE>
      <PFNO>15</PFNO>
      <FUNCODE>EXIT</FUNCODE>
      <FUNNO>001</FUNNO>
     </RSMPE_PFK>
    </PFK>
    <SET>
     <RSMPE_STAF>
      <STATUS>DYN_0100</STATUS>
      <FUNCTION>BACK</FUNCTION>
     </RSMPE_STAF>
     <RSMPE_STAF>
      <STATUS>DYN_0100</STATUS>
      <FUNCTION>CANCEL</FUNCTION>
     </RSMPE_STAF>
     <RSMPE_STAF>
      <STATUS>DYN_0100</STATUS>
      <FUNCTION>EXIT</FUNCTION>
     </RSMPE_STAF>
     <RSMPE_STAF>
      <STATUS>DYN_0100</STATUS>
      <FUNCTION>SAVE</FUNCTION>
     </RSMPE_STAF>
    </SET>
    <DOC>
     <RSMPE_ATRT>
      <OBJ_TYPE>A</OBJ_TYPE>
      <OBJ_CODE>000001</OBJ_CODE>
      <MODAL>D</MODAL>
      <NORM>X</NORM>
      <INT_NOTE>Hauptmenüleiste</INT_NOTE>
     </RSMPE_ATRT>
     <RSMPE_ATRT>
      <OBJ_TYPE>P</OBJ_TYPE>
      <OBJ_CODE>000001</OBJ_CODE>
      <MODAL>D</MODAL>
      <INT_NOTE>Haupttastenzuordnung</INT_NOTE>
     </RSMPE_ATRT>
     <RSMPE_ATRT>
      <OBJ_TYPE>B</OBJ_TYPE>
      <OBJ_CODE>000001</OBJ_CODE>
      <SUB_CODE>0001</SUB_CODE>
      <MODAL>D</MODAL>
      <INT_NOTE>Hauptdrucktastenleiste</INT_NOTE>
     </RSMPE_ATRT>
    </DOC>
    <TIT>
     <RSMPE_TITT>
      <CODE>DYN_0100</CODE>
      <TEXT>Kunde anlegen</TEXT>
     </RSMPE_TITT>
    </TIT>
   </CUA>
   <TPOOL>
    <item>
     <ID>I</ID>
     <KEY>001</KEY>
     <ENTRY>Daten wurden geändert. Vor Verlassen der Transaktion sichern?</ENTRY>
     <LENGTH>90</LENGTH>
    </item>
    <item>
     <ID>I</ID>
     <KEY>003</KEY>
     <ENTRY>Kunde anlegen</ENTRY>
     <LENGTH>13</LENGTH>
    </item>
    <item>
     <ID>I</ID>
     <KEY>004</KEY>
     <ENTRY>Daten gehen verloren. Fortfahren?</ENTRY>
     <LENGTH>50</LENGTH>
    </item>
    <item>
     <ID>R</ID>
     <ENTRY>Kopiervorlage: Kunde anlegen</ENTRY>
     <LENGTH>46</LENGTH>
    </item>
   </TPOOL>
   <I18N_TPOOL>
    <item>
     <LANGUAGE>E</LANGUAGE>
     <TEXTPOOL>
      <item>
       <ID>I</ID>
       <KEY>001</KEY>
       <ENTRY>Data has been changed. Save data before exiting transaction?</ENTRY>
       <LENGTH>90</LENGTH>
      </item>
      <item>
       <ID>I</ID>
       <KEY>003</KEY>
       <ENTRY>Create cust.</ENTRY>
       <LENGTH>13</LENGTH>
      </item>
      <item>
       <ID>I</ID>
       <KEY>004</KEY>
       <ENTRY>Data will be deleted. Continue?</ENTRY>
       <LENGTH>50</LENGTH>
      </item>
      <item>
       <ID>R</ID>
       <ENTRY>Template: Create customer</ENTRY>
       <LENGTH>70</LENGTH>
      </item>
     </TEXTPOOL>
    </item>
    <item>
     <LANGUAGE>H</LANGUAGE>
     <TEXTPOOL>
      <item>
       <ID>I</ID>
       <KEY>001</KEY>
       <ENTRY>Daten wurden geändert.</ENTRY>
       <LENGTH>22</LENGTH>
      </item>
      <item>
       <ID>I</ID>
       <KEY>002</KEY>
       <ENTRY>Vor Verlassen der Transaktion sichern?</ENTRY>
       <LENGTH>38</LENGTH>
      </item>
      <item>
       <ID>I</ID>
       <KEY>003</KEY>
       <ENTRY>Kunde anlegen</ENTRY>
       <LENGTH>13</LENGTH>
      </item>
      <item>
       <ID>I</ID>
       <KEY>004</KEY>
       <ENTRY>Fortfahren?</ENTRY>
       <LENGTH>34</LENGTH>
      </item>
      <item>
       <ID>R</ID>
       <ENTRY>BC414: Kunde anlegen (komplette Transaktion)</ENTRY>
       <LENGTH>44</LENGTH>
      </item>
     </TEXTPOOL>
    </item>
    <item>
     <LANGUAGE>I</LANGUAGE>
     <TEXTPOOL>
      <item>
       <ID>R</ID>
       <ENTRY>BC414: Create Customer (Complete Transaction)</ENTRY>
       <LENGTH>45</LENGTH>
      </item>
      <item>
       <ID>I</ID>
       <KEY>004</KEY>
       <ENTRY>Continue?</ENTRY>
       <LENGTH>34</LENGTH>
      </item>
      <item>
       <ID>I</ID>
       <KEY>003</KEY>
       <ENTRY>Create cust.</ENTRY>
       <LENGTH>13</LENGTH>
      </item>
      <item>
       <ID>I</ID>
       <KEY>002</KEY>
       <ENTRY>Save before leaving transaction?</ENTRY>
       <LENGTH>38</LENGTH>
      </item>
      <item>
       <ID>I</ID>
       <KEY>001</KEY>
       <ENTRY>Data has been changed</ENTRY>
       <LENGTH>22</LENGTH>
      </item>
     </TEXTPOOL>
    </item>
    <item>
     <LANGUAGE>N</LANGUAGE>
     <TEXTPOOL>
      <item>
       <ID>R</ID>
       <ENTRY>BC414: Create Customer (Complete Transaction)</ENTRY>
       <LENGTH>45</LENGTH>
      </item>
      <item>
       <ID>I</ID>
       <KEY>004</KEY>
       <ENTRY>Continue?</ENTRY>
       <LENGTH>34</LENGTH>
      </item>
      <item>
       <ID>I</ID>
       <KEY>003</KEY>
       <ENTRY>Create cust.</ENTRY>
       <LENGTH>13</LENGTH>
      </item>
      <item>
       <ID>I</ID>
       <KEY>002</KEY>
       <ENTRY>Save before leaving transaction?</ENTRY>
       <LENGTH>38</LENGTH>
      </item>
      <item>
       <ID>I</ID>
       <KEY>001</KEY>
       <ENTRY>Data has been changed</ENTRY>
       <LENGTH>22</LENGTH>
      </item>
     </TEXTPOOL>
    </item>
   </I18N_TPOOL>
  </asx:values>
 </asx:abap>
</abapGit>
