﻿<?xml version="1.0" encoding="utf-8"?>
<abapGit version="v1.0.0" serializer="LCL_OBJECT_TABL" serializer_version="v1.0.0">
 <asx:abap xmlns:asx="http://www.sap.com/abapxml" version="1.0">
  <asx:values>
   <DD02V>
    <TABNAME>ZVSBOOK</TABNAME>
    <DDLANGUAGE>D</DDLANGUAGE>
    <TABCLASS>INTTAB</TABCLASS>
    <LANGDEP>X</LANGDEP>
    <DDTEXT>Aenderungsbelegstruktur; generiert durch RSSCD000</DDTEXT>
    <APPLCLASS>SFKT</APPLCLASS>
    <MASTERLANG>D</MASTERLANG>
    <MAINFLAG>X</MAINFLAG>
   </DD02V>
   <DD03P_TABLE>
    <DD03P>
     <TABNAME>ZVSBOOK</TABNAME>
     <FIELDNAME>.INCLUDE</FIELDNAME>
     <DDLANGUAGE>D</DDLANGUAGE>
     <POSITION>0001</POSITION>
     <ADMINFIELD>0</ADMINFIELD>
     <PRECFIELD>SBOOK</PRECFIELD>
     <MASK>      S</MASK>
     <DDTEXT>Einzelflugbuchung</DDTEXT>
     <COMPTYPE>S</COMPTYPE>
    </DD03P>
    <DD03P>
     <TABNAME>ZVSBOOK</TABNAME>
     <FIELDNAME>.INCLUDE</FIELDNAME>
     <DDLANGUAGE>D</DDLANGUAGE>
     <POSITION>0026</POSITION>
     <ADMINFIELD>0</ADMINFIELD>
     <PRECFIELD>ICDIND</PRECFIELD>
     <MASK>      S</MASK>
     <DDTEXT>Struktur für gen. Strukturen der Änderungsbelegverbucher</DDTEXT>
     <COMPTYPE>S</COMPTYPE>
    </DD03P>
   </DD03P_TABLE>
  </asx:values>
 </asx:abap>
</abapGit>
