﻿<?xml version="1.0" encoding="utf-8"?>
<abapGit version="v1.0.0" serializer="LCL_OBJECT_PROG" serializer_version="v1.0.0">
 <asx:abap xmlns:asx="http://www.sap.com/abapxml" version="1.0">
  <asx:values>
   <PROGDIR>
    <NAME>ZBC402_DBD_AGGR_GROUP_BY</NAME>
    <STATE>A</STATE>
    <VARCL>X</VARCL>
    <SUBC>1</SUBC>
    <RLOAD>D</RLOAD>
    <FIXPT>X</FIXPT>
    <UCCHECK>X</UCCHECK>
   </PROGDIR>
   <TPOOL>
    <item>
     <ID>R</ID>
     <ENTRY>Demo: Aggregatfunktionen mit  GROUP BY</ENTRY>
     <LENGTH>38</LENGTH>
    </item>
    <item>
     <ID>S</ID>
     <KEY>PA_AGGR</KEY>
     <ENTRY>Selektion mit Aggregatfuntion</ENTRY>
     <LENGTH>37</LENGTH>
    </item>
    <item>
     <ID>S</ID>
     <KEY>PA_ALL</KEY>
     <ENTRY>Alle nacheinander</ENTRY>
     <LENGTH>25</LENGTH>
    </item>
    <item>
     <ID>S</ID>
     <KEY>PA_COLL</KEY>
     <ENTRY>Collect in SELECT-Schleife</ENTRY>
     <LENGTH>34</LENGTH>
    </item>
    <item>
     <ID>S</ID>
     <KEY>PA_COLL2</KEY>
     <ENTRY>Collect in LOOP-Schleife</ENTRY>
     <LENGTH>32</LENGTH>
    </item>
   </TPOOL>
   <I18N_TPOOL>
    <item>
     <LANGUAGE>E</LANGUAGE>
     <TEXTPOOL>
      <item>
       <ID>R</ID>
       <ENTRY>Demo: Aggregate Functions with GROUP BY</ENTRY>
       <LENGTH>70</LENGTH>
      </item>
      <item>
       <ID>S</ID>
       <KEY>PA_AGGR</KEY>
       <ENTRY>Selection with Aggregate Fnctn</ENTRY>
       <LENGTH>38</LENGTH>
      </item>
      <item>
       <ID>S</ID>
       <KEY>PA_ALL</KEY>
       <ENTRY>All Chronologically</ENTRY>
       <LENGTH>27</LENGTH>
      </item>
      <item>
       <ID>S</ID>
       <KEY>PA_COLL</KEY>
       <ENTRY>Collect in SELECT Loop</ENTRY>
       <LENGTH>34</LENGTH>
      </item>
      <item>
       <ID>S</ID>
       <KEY>PA_COLL2</KEY>
       <ENTRY>Collect in LOOP</ENTRY>
       <LENGTH>32</LENGTH>
      </item>
     </TEXTPOOL>
    </item>
   </I18N_TPOOL>
  </asx:values>
 </asx:abap>
</abapGit>
