﻿<?xml version="1.0" encoding="utf-8"?>
<abapGit version="v1.0.0" serializer="LCL_OBJECT_CLAS" serializer_version="v1.0.0">
 <asx:abap xmlns:asx="http://www.sap.com/abapxml" version="1.0">
  <asx:values>
   <DESCRIPTIONS>
    <SEOCOMPOTX>
     <CLSNAME>ZCL_BC402_SHS_CATALOG</CLSNAME>
     <CMPNAME>FILL_CATALOG</CMPNAME>
     <LANGU>D</LANGU>
     <DESCRIPT>Füllen des Katalogs</DESCRIPT>
    </SEOCOMPOTX>
    <SEOCOMPOTX>
     <CLSNAME>ZCL_BC402_SHS_CATALOG</CLSNAME>
     <CMPNAME>GET_FLIGHTS</CMPNAME>
     <LANGU>D</LANGU>
     <DESCRIPT>Lesen von Flugterminen</DESCRIPT>
    </SEOCOMPOTX>
    <SEOCOMPOTX>
     <CLSNAME>ZCL_BC402_SHS_CATALOG</CLSNAME>
     <CMPNAME>GT_CATALOG</CMPNAME>
     <LANGU>D</LANGU>
     <DESCRIPT>Flugterminkatalog</DESCRIPT>
    </SEOCOMPOTX>
   </DESCRIPTIONS>
  </asx:values>
 </asx:abap>
</abapGit>
