﻿<?xml version="1.0" encoding="utf-8"?>
<abapGit version="v1.0.0" serializer="LCL_OBJECT_CLAS" serializer_version="v1.0.0">
 <asx:abap xmlns:asx="http://www.sap.com/abapxml" version="1.0">
  <asx:values>
   <DESCRIPTIONS>
    <SEOCOMPOTX>
     <CLSNAME>ZCL_BC402_DYS_RTTI_HEADERS</CLSNAME>
     <CMPNAME>WRITE_HEADERS</CMPNAME>
     <LANGU>D</LANGU>
     <DESCRIPT>dyn. Spaltenüberschriften nach DDIC-Typ</DESCRIPT>
    </SEOCOMPOTX>
    <SEOCOMPOTX>
     <CLSNAME>ZCL_BC402_DYS_RTTI_HEADERS</CLSNAME>
     <CMPNAME>WRITE_HEADERS_BY_DATA</CMPNAME>
     <LANGU>D</LANGU>
     <DESCRIPT>dyn. Spaltenüberschriften für Datenobjekt</DESCRIPT>
    </SEOCOMPOTX>
   </DESCRIPTIONS>
  </asx:values>
 </asx:abap>
</abapGit>
