﻿<?xml version="1.0" encoding="utf-8"?>
<abapGit version="v1.0.0" serializer="LCL_OBJECT_CLAS" serializer_version="v1.0.0">
 <asx:abap xmlns:asx="http://www.sap.com/abapxml" version="1.0">
  <asx:values>
   <DESCRIPTIONS>
    <SEOCOMPOTX>
     <CLSNAME>ZCL_BC402_DYT_RTTC</CLSNAME>
     <CMPNAME>CREATE_TABLE_TYPE</CMPNAME>
     <LANGU>D</LANGU>
     <DESCRIPT>Erzeugt Tabellentyp aus  DDIC-Struktur und Komponentenliste</DESCRIPT>
    </SEOCOMPOTX>
   </DESCRIPTIONS>
  </asx:values>
 </asx:abap>
</abapGit>
